ine,name,pop
24003,Alija del Infantado,554.0
24023,Brazuelo,304.0
24018,Bercianos del Real Camino,179.0
24025,Burón,282.0
24061,Cuadros,2075.0
24092,Llamas de la Ribera,783.0
24046,Castrocalbón,898.0
24040,Carrocera,437.0
24101,Murias de Paredes,337.0
24133,Rioseco de Tapia,409.0
42004,Ágreda,3133.0
24017,Bercianos del Páramo,513.0
46131,Gandía,83135.0
38011,Candelaria,29023.0
42162,San Esteban de Gormaz,2962.0
48070,Murélaga,639.0
48083,Ortuella,8735.0
46258,Villar del Arzobispo,3862.0
06095,Olivenza,11742.0
23009,Baeza,15575.0
10127,Montehermoso,5552.0
46167,Millares,321.0
46044,Ayora,5282.0
24051,Cea,373.0
24076,Garrafe de Torío,1649.0
24158,Santa María de Ordás,327.0
48013,Baracaldo,102986.0
48014,Barrica,1513.0
22158,Monzón,18525.0
24132,Riello,570.0
24108,Palacios de la Valduerna,341.0
28079,Madrid,3506730.0
24019,Berlanga del Bierzo,311.0
24028,Cabreros del Río,406.0
24155,Santa María de la Isla,429.0
24033,Campo de Villavidel,209.0
46206,Quesa,691.0
42024,Arancón,73.0
24042,Castilfalé,58.0
24123,Quintana del Castillo,699.0
06145,Valverde de Mérida,1002.0
29052,Faraján,285.0
48096,Zalla,8334.0
48090,Valmaseda,7718.0
24064,Cubillos del Sil,1746.0
24083,Igüeña,1012.0
05056,Castellanos de Zapardiel,106.0
09330,Salas de los Infantes,1959.0
03031,Benidorm,77327.0
03099,Orihuela,84560.0
24110,Páramo del Sil,1141.0
24100,Molinaseca,870.0
24057,Congosto,1418.0
42018,Almaluez,113.0
46253,Vallés,161.0
42020,Almazán,5544.0
24169,Toreno,2833.0
24071,Folgoso de la Ribera,973.0
42218,Yanguas,104.0
34143,Quintanilla de Onsoña,167.0
24153,Santa Cristina de Valmadrigal,278.0
24080,Grajal de Campos,200.0
28148,Torrejón de Ardoz,143526.0
28013,Aranjuez,63040.0
03122,San Vicente del Raspeig,60247.0
07011,Calviá,53793.0
24149,San Millán de los Caballeros,191.0
24063,Cubillas de Rueda,376.0
24053,Cebrones del Río,439.0
24124,Quintana del Marco,299.0
20055,Mondragón,22450.0
04029,Berja,13120.0
24143,Sancedo,532.0
28005,Alcalá de Henares,203208.0
28006,Alcobendas,123342.0
29044,Comares,1354.0
41038,Dos Hermanas,142519.0
24102,Noceda del Bierzo,603.0
24049,Castropodame,1570.0
29025,Benalmádena,78338.0
04052,Huércal de Almería,18660.0
31058,Burguete,235.0
24062,Cubillas de los Oteros,140.0
24095,Mansilla Mayor,316.0
34120,Palencia,77466.0
18023,Baza,20587.0
24145,San Emiliano,585.0
24096,Maraña,103.0
24032,Campazas,110.0
24107,Pajares de los Oteros,245.0
24127,Regueras de Arriba,263.0
24091,Luyego,537.0
24060,Crémenes,497.0
24055,Cimanes del Tejar,710.0
24078,Gordoncillo,312.0
24146,San Esteban de Nogales,239.0
20036,Fuenterrabía,16788.0
29070,Mijas,95104.0
24117,Pozuelo del Páramo,374.0
24118,Prado de la Guzpeña,108.0
24099,Matanza de los Oteros,157.0
29051,Estepona,79621.0
03009,Alcoy,61468.0
41004,Alcalá de Guadaíra,77474.0
29901,Torremolinos,71329.0
29094,Vélez-Málaga,86048.0
19257,Sigüenza,4911.0
46220,Sagunto,73031.0
06011,Almendralejo,34587.0
29054,Fuengirola,85211.0
24150,San Pedro Bercianos,218.0
24159,Santa Marina del Rey,1718.0
19307,Valdesotos,35.0
05905,Villanueva de Ávila,202.0
02046,Mahora,1465.0
02019,El Bonillo,2645.0
38023,San Cristóbal de La Laguna,161108.0
04003,Adra,25501.0
07033,Manacor,49153.0
48044,Guecho,75752.0
44025,Andorra,7223.0
52001,Melilla,86780.0
24052,Cebanico,146.0
28144,Soto del Real,9400.0
02075,Valdeganga,1970.0
10046,Carbajo,183.0
09027,Arraya de Oca,49.0
04079,Roquetas de Mar,111240.0
21044,Lepe,29677.0
23014,Begíjar,2908.0
22096,Chimillas,407.0
41042,Fuentes de Andalucía,7247.0
47186,Valladolid,302614.0
24050,Castrotierra de Valmadrigal,106.0
24093,Magaz de Cepeda,345.0
24097,Matadeón de los Oteros,212.0
24043,Castrillo de Cabrera,100.0
46244,Torrente,90928.0
30016,Cartagena,220704.0
50248,Sos del Rey Católico,582.0
18192,Zafarraya,2244.0
06158,Zafra,16735.0
24077,Gordaliza del Pino,238.0
24044,Castrillo de la Valduerna,136.0
19161,Lupiana,344.0
29050,Cútar,603.0
05229,Santo Domingo de las Posadas,71.0
24081,Gusendos de los Oteros,123.0
24065,Chozas de Abajo,2699.0
12021,Bechí,5659.0
06003,Ahillones,793.0
47225,Villasexmir,67.0
11042,Zahara de la Sierra,1344.0
24152,Santa Colomba de Somoza,472.0
09018,Aranda de Duero,33956.0
04902,El Ejido,91440.0
28045,Colmenar Viejo,58730.0
28085,Miraflores de la Sierra,7350.0
06005,La Albuera,1995.0
22254,Zaidín,1807.0
46232,Sinarcas,1176.0
19053,Brihuega,2826.0
46229,Siete Aguas,1289.0
28065,Getafe,193238.0
18087,Granada,233975.0
46902,Gátova,452.0
07024,Formentera,11661.0
18012,Algarinejo,2335.0
45191,Villamuelas,587.0
16156,La Peraleja,77.0
24188,Valencia de Don Juan,5103.0
46056,Beniatjar,209.0
02047,Masegoso,117.0
22235,Torres de Alcanadre,91.0
07003,Alcudia,21907.0
09057,Bugedo,193.0
37187,Matilla de los Caños del Río,607.0
22205,San Esteban de Litera,672.0
14021,Córdoba,323262.0
37180,El Manzano,54.0
12032,Burriana,37915.0
34107,Micieces de Ojeda,67.0
35001,Agaete,5683.0
45168,Toledo,87216.0
14038,Lucena,43408.0
50067,Calatayud,20158.0
44088,La Cuba,53.0
48020,Bilbao,351124.0
20018,Azpeitia,15301.0
28049,Coslada,80512.0
41091,Sevilla,689423.0
49111,Manzanal del Barco,118.0
20904,Baliarrain,152.0
24129,Reyero,120.0
24068,La Ercina,412.0
24134,La Robla,3574.0
31228,Tiebas-Muruarte de Reta,693.0
40185,Santa María la Real de Nieva,906.0
18138,Moraleda de Zafayona,3214.0
48004,Amoroto,390.0
20030,Éibar,27484.0
20059,Oñate,11480.0
42160,El Royo,248.0
28058,Fuenlabrada,190076.0
46250,Valencia,840792.0
09059,Burgos,177402.0
48905,Zamudio,3442.0
20079,Zarauz,23496.0
24136,Roperuelos del Páramo,502.0
10067,Coria,12001.0
34004,Aguilar de Campoo,6916.0
38002,Agulo,1078.0
18173,Salobreña,12760.0
18168,Quéntar,952.0
07040,Palma de Mallorca,434786.0
18013,Alhama de Granada,5544.0
28030,La Cabrera,2889.0
44143,Manzanera,530.0
04064,Mojácar,7680.0
28014,Arganda del Rey,60419.0
19223,Poveda de la Sierra,99.0
09302,Rabanera del Pinar,94.0
34112,Nogal de las Huertas,46.0
19008,Albendiego,50.0
45165,Talavera de la Reina,83803.0
48024,Ceánuri,1234.0
38032,El Rosario,17958.0
42048,Caltojar,53.0
12140,Viver,1729.0
30024,Lorca,98969.0
24151,Santa Colomba de Curueño,502.0
24156,Santa María del Monte de Cea,207.0
07032,Mahón,30666.0
35002,Agüimes,33800.0
19045,Auñón,156.0
46078,Burjasot,41299.0
46228,Serra,3767.0
07005,Andrach,12195.0
06006,Alburquerque,4928.0
50297,Zaragoza,693091.0
01051,Salvatierra,5189.0
22004,Agüero,142.0
42035,Berlanga de Duero,810.0
20071,Tolosa,20070.0
29067,Málaga,599063.0
28067,Guadalix de la Sierra,6993.0
28082,Manzanares el Real,9648.0
28080,Majadahonda,73625.0
46010,Albalat de Taronchers,1574.0
37031,Arabayona de Mógica,318.0
41011,Arahal,19546.0
41901,Cañada Rosal,3481.0
02034,Fuentealbilla,1804.0
10008,Alcántara,1329.0
37203,Monterrubio de la Sierra,150.0
16041,Buendía,422.0
31015,Andosilla,2925.0
09255,Partido de la Sierra en Tobalina,75.0
03067,Facheca,100.0
49102,El Maderal,172.0
35027,Teror,13211.0
24175,Valdefresno,2362.0
38045,Tazacorte,4549.0
03140,Villena,34712.0
22048,Barbastro,17807.0
28094,Navalafuente,1693.0
28028,Bustarviejo,2870.0
47030,Campaspero,1001.0
24144,San Cristóbal de la Polantera,611.0
41903,El Cuervo de Sevilla,8783.0
16044,Campillos-Sierra,28.0
45158,Santa Olalla,3571.0
44192,La Puebla de Valverde,485.0
48046,Guernica y Luno,17129.0
34206,Villada,863.0
19004,Alaminos,54.0
50092,Chiprana,496.0
41092,Tocina,9431.0
41022,La Campana,5122.0
22015,Alcalá del Obispo,394.0
37368,Villasdardo,22.0
24154,Santa Elena de Jamuz,1021.0
24148,San Justo de la Vega,1750.0
38033,San Andrés y Sauces,4350.0
38047,Tijarafe,2733.0
38007,Barlovento,2108.0
38008,Breña Alta,7487.0
50074,Caspe,10365.0
24157,Santa María del Páramo,2994.0
04013,Almería,205468.0
40158,Perosillo,21.0
41069,Los Palacios y Villafranca,38761.0
41057,El Madroño,286.0
38037,Santa Cruz de La Palma,15690.0
22105,Estopiñán del Castillo,147.0
16117,Landete,1175.0
09321,Roa,2276.0
37070,Calvarrasa de Arriba,604.0
07030,Llubí,2589.0
28092,Móstoles,214817.0
03065,Elche,245557.0
28007,Alcorcón,175719.0
38009,Breña Baja,6159.0
38014,Fuencaliente de La Palma,1965.0
22039,Ayerbe,1050.0
31201,Pamplona,209094.0
28011,Ambite,732.0
24008,Astorga,10305.0
46242,Torrebaja,398.0
24125,Quintana y Congosto,402.0
24098,Matallana de Torío,1214.0
50051,Biota,832.0
38036,San Sebastián de La Gomera,9574.0
19274,Torija,1877.0
49087,Gallegos del Río,455.0
09124,Espinosa de los Monteros,1627.0
38016,Garafía,2015.0
38027,El Paso,8290.0
37015,Aldea del Obispo,245.0
40069,Donhierro,73.0
45042,Casasbuenas,210.0
21037,El Granado,480.0
05112,El Losar del Barco,99.0
07026,Ibiza,55337.0
48003,Amorebieta-Echano,19660.0
16248,Villalpardo,979.0
10133,Navas del Madroño,1254.0
05024,Becedas,146.0
42050,Cañamaque,29.0
41101,Villaverde del Río,7885.0
41099,Villanueva del Río y Minas,5073.0
38029,Puntagorda,2345.0
38030,Puntallana,2790.0
20069,San Sebastián,189866.0
46076,Bugarra,774.0
28009,Algete,21144.0
41006,Alcolea del Río,3265.0
42129,Navaleno,698.0
20045,Irún,63835.0
11027,El Puerto de Santa María,89983.0
41020,Las Cabezas de San Juan,16388.0
41024,Carmona,30240.0
05016,Arévalo,7851.0
28068,Guadarrama,17547.0
06036,Castuera,5457.0
49044,Cazurra,72.0
40126,Melque de Cercos,58.0
46042,Ayelo de Malferit,4624.0
46134,Gilet,4011.0
35026,Telde,104168.0
28160,Valdemorillo,14420.0
46230,Silla,20482.0
16198,Sisante,1640.0
16909,Sotorribas,711.0
35016,Las Palmas de Gran Canaria,381868.0
38053,Villa de Mazo,5131.0
03018,Altea,24592.0
24104,Las Omañas,267.0
45065,La Estrella,251.0
05129,El Mirón,93.0
03102,Pego,10791.0
46186,Paiporta,28136.0
03014,Alicante,366221.0
13011,Almadén,4855.0
42173,Soria,41025.0
09219,Miranda de Ebro,36622.0
10172,Santibáñez el Bajo,711.0
37300,Los Santos,570.0
05207,San Esteban del Valle,735.0
16199,Solera de Gabaldón,32.0
16197,Santa María del Val,55.0
23028,Cazorla,6930.0
37262,Puertas,66.0
31007,Adiós,194.0
11001,Alcalá de los Gazules,5230.0
31074,Cirauqui,473.0
13071,Puertollano,45565.0
02081,Villarrobledo,25400.0
34217,Villalobón,1955.0
34221,Villamediana,177.0
03128,Teulada,12912.0
46194,Picasent,23202.0
19130,Guadalajara,92834.0
16196,Santa María de los Llanos,660.0
16193,San Pedro Palmiches,54.0
22125,Huesca,55454.0
50272,Utebo,19116.0
03133,Torrevieja,98533.0
16194,Santa Cruz de Moya,233.0
49174,Requejo,107.0
46259,Villargordo del Cabriel,588.0
46223,Sedaví,10837.0
02049,Molinicos,754.0
18017,Almuñécar,27544.0
28074,Leganés,195734.0
18140,Motril,59862.0
11032,Sanlúcar de Barrameda,70012.0
28179,Villar del Olmo,2341.0
46097,Cofrentes,1113.0
16013,Algarra,25.0
49202,Santa Eufemia del Barco,169.0
28102,Orusco de Tajuña,1531.0
10189,Torrejoncillo,2743.0
39075,Santander,175425.0
48074,Orduña,4247.0
21079,Zufre,736.0
46165,Masanasa,10607.0
46136,Godelleta,4266.0
37329,Tremedal de Tormes,34.0
19078,Castilforte,57.0
48048,Ibarranguelua,669.0
48058,Mallavia,1106.0
48907,Cortézubi,447.0
48095,Zaldívar,3066.0
48903,Lujua,2364.0
24090,Lucillo,360.0
24054,Cimanes de la Vega,431.0
21041,Huelva,143215.0
22025,Altorricón,1504.0
21001,Alájar,793.0
46249,Utiel,11663.0
16192,San Martín de Boniches,43.0
29091,Torrox,22015.0
45177,Urda,2454.0
06010,Almendral,1202.0
14075,Zuheros,596.0
01063,Zuya,2350.0
10148,Plasencia,40132.0
20901,Mendaro,2028.0
40094,Garcillán,513.0
09011,Alfoz de Bricia,68.0
38012,Fasnia,3145.0
21047,Manzanilla,2214.0
04059,Lubrín,1434.0
30034,Ricote,1197.0
19132,Henche,73.0
16005,Albalate de las Nogueras,261.0
40178,San Cristóbal de la Vega,81.0
46092,Castielfabib,284.0
46169,Mislata,47079.0
12135,Villarreal,53623.0
11035,Tarifa,18613.0
09366,Solarana,73.0
09041,Barrio de Muñó,32.0
35012,Mogán,21172.0
42113,Medinaceli,686.0
31180,Muruzábal,283.0
42016,Aliud,20.0
42029,Baraona,117.0
48018,Berriatúa,1224.0
48038,Gámiz-Fica,1414.0
11022,La Línea de la Concepción,64499.0
29075,Nerja,22132.0
46002,Ador,1755.0
16018,Almonacid del Marquesado,412.0
45155,Santa Ana de Pusa,345.0
22213,Sariñena,4113.0
01002,Amurrio,10364.0
48079,Rigoitia,499.0
48065,Miravalles,4213.0
11007,Barbate,22635.0
29002,Alcaucín,2671.0
05140,Muñomer del Peco,113.0
47162,Tamariz de Campos,85.0
11020,Jerez de la Frontera,213634.0
44090,Cucalón,77.0
19037,Arbancón,157.0
18117,Lanteira,533.0
18128,Marchal,437.0
48911,Ajánguiz,458.0
48041,Gautéguiz de Arteaga,866.0
46233,Sollana,5089.0
44059,Cantavieja,729.0
22225,Tamarite de Litera,3464.0
07018,Deyá,741.0
18133,Molvízar,2689.0
31210,Roncal,206.0
03131,Tormos,323.0
30030,Murcia,479405.0
42175,Suellacabras,32.0
49038,Casaseca de Campeán,88.0
02069,La Roda,15643.0
16113,Iniesta,4567.0
16242,Villaconejos de Trabaque,325.0
01043,Oyón,3476.0
24115,Ponferrada,63186.0
46182,Olocau,2534.0
29902,Villanueva de la Concepción,3296.0
28183,Zarzalejo,1946.0
31907,Zizur Mayor,16510.0
48087,Trucíos,515.0
29071,Moclinejo,1222.0
29084,Ronda,33671.0
14042,Montilla,22305.0
40141,Navalmanzano,1041.0
41018,Brenes,12975.0
02066,La Recueja,215.0
18121,Lobras,139.0
28114,Piñuécar-Gandullas,183.0
13009,Aldea del Rey,1565.0
31212,Sada,130.0
19039,Argecilla,74.0
11004,Algeciras,126589.0
02045,Madrigueras,4670.0
18124,Lújar,491.0
12090,Pina de Montalgrao,121.0
12083,Olocau del Rey,135.0
16106,Horcajo de Santiago,3894.0
31233,Tulebras,159.0
30009,Archena,20908.0
18126,La Malahá,1928.0
18127,Maracena,22294.0
12098,Salsadella,671.0
46209,Rafelguaraf,2395.0
12075,la Mata de Morella,196.0
26089,Logroño,152150.0
20081,Zumaya,10160.0
30015,Caravaca de la Cruz,26126.0
19020,Almadrones,67.0
19034,Anquela del Pedregal,28.0
03002,Agost,5225.0
44122,Híjar,1766.0
19040,Armallones,52.0
19036,Aranzueque,411.0
29069,Marbella,159786.0
29035,Cañete la Real,1569.0
46110,Chirivella,32093.0
18116,Lanjarón,3708.0
04011,Alhama de Almería,3975.0
12074,La Llosa,1033.0
12091,Portell de Morella,155.0
48028,Ea,824.0
48047,Guizaburuaga,196.0
18115,Láchar,3892.0
19031,Angón,8.0
45114,Navamorcuende,581.0
05159,Navalonguilla,182.0
09407,Valmala,24.0
16108,Huelves,105.0
31131,Iza,1459.0
02043,Lezuza,1281.0
02038,La Herrera,308.0
38038,Santa Cruz de Tenerife,211957.0
02044,Liétor,1052.0
02042,Letur,911.0
28060,Fuentidueña de Tajo,2372.0
03056,Cocentaina,11498.0
28134,San Sebastián de los Reyes,96992.0
16072,Castillo de Garcimuñoz,129.0
16097,Henarejos,134.0
16904,Fuentenava de Jábaga,634.0
42043,El Burgo de Osma-Ciudad de Osma,5283.0
02009,Almansa,24615.0
01059,Vitoria,260699.0
16029,Barchín del Hoyo,104.0
16032,Belinchón,453.0
16068,Castillejo de Iniesta,94.0
16157,La Pesquera,228.0
16135,Moya,133.0
16073,Cervera del Llano,220.0
16035,Beteta,253.0
48077,Plencia,4407.0
48069,Munguía,18129.0
02003,Albacete,175400.0
19023,Alocén,151.0
19022,Almonacid de Zorita,667.0
44216,Teruel,36655.0
48042,Gordejuela,1720.0
48029,Echévarri,12038.0
05085,Gil-García,45.0
31159,Lumbier,1330.0
40195,Sepúlveda,979.0
48053,Lauquíniz,1239.0
16039,Buenache de Alarcón,447.0
16056,Cardenete,479.0
06083,Mérida,60225.0
16063,Casas de Guijarro,105.0
16083,Fresneda de Altarejos,35.0
16155,El Peral,660.0
16111,Huerta del Marquesado,155.0
16110,Huerta de la Obispalía,126.0
44237,Urrea de Gaén,455.0
14063,Valenzuela,1030.0
13034,Ciudad Real,76217.0
38049,Valle Gran Rey,4830.0
19271,Tordellego,38.0
37056,La Bouza,48.0
48033,Ereño,275.0
48021,Busturia,1693.0
09380,Terradillos de Esgueva,58.0
05106,Hoyos de Miguel Muñoz,24.0
12141,Zorita del Maestrazgo,118.0
16280,Zarzuela,174.0
06044,Don Benito,37986.0
12028,Benicasim,20539.0
16091,Fuertescusa,65.0
16081,Chumillas,49.0
16126,Mira,917.0
16036,Boniches,135.0
48086,Sopuerta,2820.0
30041,La Unión,21380.0
48914,Arrazua,417.0
48080,Valle de Trápaga,11797.0
31050,Baztán,7851.0
05057,Cebreros,3345.0
02048,Minaya,1381.0
18120,Lentegí,368.0
16121,Las Majadas,214.0
46082,Canet de Berenguer,8297.0
16109,Huérguina,41.0
16047,Cañada Juncosa,213.0
24213,Villamartín de Don Sancho,130.0
11006,Arcos de la Frontera,31267.0
45048,Los Cerralbos,452.0
12040,Castellón de la Plana,183711.0
46084,Cárcer,1795.0
40030,Bernardos,462.0
16158,El Picazo,693.0
16086,Fuente de Pedro Naharro,1290.0
28123,Rivas-Vaciamadrid,103148.0
13066,Pozuelo de Calatrava,4055.0
16045,Canalejas del Arroyo,153.0
16058,Carrascosa de Haro,87.0
48093,Villaro,1292.0
48006,Aránzazu,411.0
37336,Valdemierque,58.0
37275,Saldeana,96.0
30021,Fuente Álamo de Murcia,19171.0
38050,Vallehermoso,2938.0
31186,Odieta,367.0
37351,Villaflores,255.0
16016,Almendros,240.0
16022,Arcos de la Sierra,77.0
48034,Ermua,15516.0
48002,Abanto y Ciérvana,9379.0
35029,Tinajo,6939.0
23002,Alcalá la Real,21496.0
06015,Badajoz,150209.0
40028,Bercial,102.0
37356,Villar de Argañán,95.0
16078,Cuenca,53600.0
48032,Elorrio,7277.0
48091,Valle de Achondo,1342.0
23039,Guarromán,2703.0
23012,Beas de Segura,4983.0
40039,Campo de San Pedro,257.0
16905,Arcas,2332.0
10037,Cáceres,96651.0
48092,Bedia,1111.0
06901,Valdelacalzada,2743.0
28138,La Serna del Monte,110.0
46104,Cuatretonda,2174.0
16027,Barajas de Melo,1011.0
16012,Alconchel de la Estrella,75.0
37357,Villar de Ciervo,253.0
37288,San Morales,346.0
31162,Marañón,50.0
28021,El Berrueco,795.0
48023,Castillo y Elejabeitia,743.0
48016,Berango,8242.0
06058,La Garrovilla,2310.0
01004,Arceniega,1868.0
13904,Llanos del Caudillo,651.0
37077,El Campo de Peñaranda,241.0
23050,Jaén,112235.0
10196,Valdastillas,332.0
09247,Palacios de Riopisuerga,19.0
46011,Alberique,11099.0
46164,Masamagrell,17566.0
26034,Briones,752.0
45188,Villaluenga de la Sagra,4308.0
40045,Casla,155.0
23011,Baños de la Encina,2542.0
03096,Onil,8114.0
28115,Pozuelo de Alarcón,89770.0
10038,Cachorrilla,83.0
16008,Alcalá de la Vega,80.0
16014,Aliaguilla,594.0
05174,Orbita,70.0
41068,Osuna,17396.0
46208,Rafelcofer,1409.0
30013,Calasparra,10391.0
48915,Cenarruza,401.0
29082,Rincón de la Victoria,52454.0
44027,Arens de Lledó,181.0
11023,Medina Sidonia,11838.0
37359,Villar de la Yegua,151.0
37330,Valdecarros,296.0
11012,Cádiz,109950.0
05019,Ávila,59107.0
45169,Torralba de Oropesa,186.0
16217,Tribaldos,101.0
05224,Santa María del Arroyo,103.0
47079,Llano de Olmedo,49.0
05014,Arenas de San Pedro,6460.0
46139,Guadasuar,6039.0
46085,Carlet,16857.0
29096,Villanueva del Rosario,3470.0
13901,El Robledo,1078.0
40194,Segovia,52375.0
37369,Villaseco de los Gamitos,138.0
37289,San Muñoz,192.0
01001,Alegría de Álava,2955.0
23006,Arjona,5330.0
46059,Benifairó de la Valldigna,1588.0
46143,Jaraco,6149.0
46074,Bonrepós y Mirambell,4115.0
37282,Sanchotello,206.0
37226,Palacios del Arzobispo,141.0
37263,Puerto de Béjar,342.0
37352,Villagonzalo de Tormes,212.0
31169,Milagro,3741.0
47230,Wamba,289.0
50251,Tarazona,10873.0
46219,Rugat,165.0
46090,Castellón de Rugat,2345.0
45166,Tembleque,1992.0
14058,Rute,9824.0
49034,Cañizal,410.0
09395,Tubilla del Agua,126.0
38021,Hermigua,1961.0
47159,Serrada,1117.0
14056,Puente Genil,29963.0
40005,Alconada de Maderuelo,23.0
45011,Almendral de la Cañada,341.0
48035,Frúniz,591.0
18134,Monachil,8664.0
18132,Moclín,3503.0
06087,Monterrubio de la Serena,2157.0
13046,Guadalmez,709.0
49029,Burganes de Valverde,593.0
16276,Yémeda,18.0
09216,Merindad de Valdeporres,412.0
46075,Bufali,162.0
28127,Las Rozas de Madrid,99037.0
37016,Aldealengua,730.0
22150,Loporzano,576.0
37312,Sorihuela,255.0
37307,Serradilla del Llano,136.0
40145,Navas de Oro,1305.0
40161,Carabias,55.0
40186,Santa Marta del Cerro,45.0
31097,Estella,14317.0
34009,Amayuelas de Arriba,36.0
16177,Reillo,106.0
41083,El Ronquillo,1453.0
13007,Alcolea de Calatrava,1360.0
16017,Almodóvar del Pinar,401.0
16010,Alcázar del Rey,171.0
44181,Peralejos,89.0
10169,Santiago de Alcántara,454.0
48064,Meñaca,789.0
35004,Arrecife,70811.0
37311,Sobradillo,170.0
40054,Cerezo de Arriba,119.0
49275,Zamora,59815.0
03063,Denia,47261.0
18136,Montejícar,1989.0
02054,Navas de Jorquera,521.0
37293,Santa María de Sando,91.0
40031,Bernuy de Porreros,1342.0
06124,Segura de León,1758.0
40222,Veganzones,211.0
40049,Castroserna de Abajo,31.0
30006,Aledo,1123.0
38901,El Pinar de El Hierro,2042.0
24089,León,123446.0
19038,Arbeteta,16.0
31230,Torralba del Río,96.0
34034,Boadilla del Camino,111.0
09258,Pedrosa del Príncipe,155.0
45130,Parrillas,323.0
04060,Lucainena de las Torres,722.0
04028,Bentarique,223.0
04021,Bayarque,215.0
04056,Laroya,197.0
24073,Fresno de la Vega,483.0
24005,La Antigua,324.0
46020,Alcudia de Crespins,5548.0
40216,Valverde del Majano,1097.0
40105,Juarros de Riomoros,53.0
40221,Valleruela de Sepúlveda,48.0
40154,Pajarejos,22.0
20006,Alquiza,352.0
02055,Nerpio,1136.0
19268,Tierzo,32.0
37183,Martín de Yeltes,383.0
37209,Mozárbez,510.0
37182,Martinamor,91.0
48030,Echevarría,791.0
06091,Navalvillar de Pela,4303.0
37353,Villalba de los Llanos,107.0
37332,Valdehijaderos,84.0
46054,Benetúser,16734.0
46205,Puzol,21659.0
46190,Paterna,76019.0
46156,Llombay,2791.0
46147,Liria,25333.0
37274,Salamanca,146110.0
04050,Gérgal,1211.0
04004,Albanchez,688.0
19179,Membrillera,95.0
37071,La Calzada de Béjar,80.0
11040,Villaluenga del Rosario,463.0
22126,Ibieca,110.0
10122,Millanes,239.0
50063,El Buste,60.0
40057,Coca,1706.0
23024,La Carolina,14677.0
02052,Motilleja,673.0
02051,Montealegre del Castillo,2051.0
46158,Macastre,1461.0
46261,Yátova,2325.0
04020,Bayárcal,294.0
04055,Instinción,507.0
24004,Almanza,570.0
24024,El Burgo Ranero,697.0
04069,Olula del Río,6506.0
04043,Felix,771.0
44094,Cuevas Labradas,126.0
10151,Portezuelo,196.0
02072,Socovos,1643.0
11030,Rota,29289.0
31136,Juslapeña,562.0
38010,Buenavista del Norte,4695.0
46215,Riola,1820.0
47059,Curiel de Duero,111.0
48025,Ceberio,1087.0
50110,El Frasno,370.0
16263,Villar de Olalla,1575.0
24027,Cabañas Raras,1286.0
24006,Ardón,533.0
24002,Algadefe,312.0
24001,Acebedo,181.0
24012,Los Barrios de Luna,300.0
28018,Becerril de la Sierra,6737.0
07901,Ariañy,1072.0
31016,Ansoáin,10663.0
37175,Machacón,442.0
37230,Parada de Arriba,264.0
40007,Aldealengua de Pedraza,78.0
40170,Riaza,2128.0
18141,Murtas,431.0
18137,Montillana,1054.0
04061,Lúcar,829.0
09045,Basconcillos del Tozo,276.0
46251,Vallada,3091.0
03080,Jacarilla,2176.0
12136,Villavieja,3054.0
16104,Hontecillas,54.0
37291,San Pedro de Rozados,273.0
37281,Sanchón de la Sagrada,43.0
34165,San Román de la Cuba,53.0
06008,Alconera,748.0
01014,Berantevilla,461.0
49021,Benavente,17309.0
09143,Galbarros,28.0
38005,Arico,9505.0
38039,Santa Úrsula,15429.0
46191,Pedralba,3225.0
46214,Ribarroja del Turia,24616.0
40041,Cantimpalos,1533.0
24179,Valdepiélago,306.0
18112,Juviles,140.0
19235,Riba de Saelices,113.0
42107,Magaña,61.0
11011,El Bosque,2242.0
04012,Alicún,206.0
04031,Cantoria,3592.0
24020,Boca de Huérgano,412.0
24026,Bustillo del Páramo,1057.0
24021,Boñar,1732.0
04101,Viator,6339.0
01032,Lanciego,700.0
04010,Alhabia,743.0
04034,Cóbdar,169.0
04018,Armuña de Almanzora,371.0
05052,Casas del Puerto,80.0
22116,Grañén,1718.0
18135,Montefrío,5283.0
18909,Morelábor,588.0
19311,Valverde de los Arroyos,85.0
37119,La Encina,95.0
35014,La Oliva,30022.0
34189,Valdeolmillos,56.0
40020,Arcones,179.0
40035,Cabañas de Polendos,202.0
16123,Masegosa,58.0
12070,La Jana,679.0
07009,Búger,1215.0
49190,San Martín de Valderaduey,47.0
37189,Membribe de la Sierra,101.0
37188,La Maya,163.0
04036,Chercos,301.0
04093,Turre,4361.0
06134,Trasierra,590.0
26117,Pradejón,3742.0
09246,Palacios de la Sierra,662.0
37192,Miranda de Azán,451.0
37206,Moríñigo,93.0
03077,Hondón de las Nieves,2738.0
44151,Molinos,232.0
22173,Las Peñas de Riglos,263.0
12078,Montán,429.0
04058,Líjar,378.0
04046,Fondón,1152.0
03107,Polop,5828.0
03072,Gayanes,577.0
21064,San Juan del Puerto,9969.0
04027,Benizalón,242.0
37186,La Mata de Ledesma,98.0
37198,Monleras,241.0
37176,Madroñal,128.0
01008,Arrazua-Ubarrundia,1056.0
01009,Aspárrena,1609.0
49126,Moraleja de Sayago,300.0
49244,Villageriz,63.0
37132,La Fregeneda,296.0
37196,Monforte de la Sierra,50.0
13037,Cózar,903.0
03098,Orcheta,906.0
03060,Cuatretondeta,130.0
03111,Redován,8283.0
49141,Pajares de la Lampreana,282.0
49046,Cerecinos de Campos,231.0
49050,Cobreros,543.0
49264,Villar del Buey,483.0
49146,El Pego,268.0
37299,Santiz,225.0
40034,Caballar,78.0
03070,Formentera del Segura,4868.0
03062,Daya Vieja,698.0
16096,Graja de Iniesta,343.0
50157,Malón,474.0
14035,Hinojosa del Duque,6534.0
48085,Sopelana,15048.0
02057,Ossa de Montiel,2233.0
31110,Gallipienzo,100.0
40099,Honrubia de la Cuesta,49.0
37290,San Pedro del Valle,143.0
28119,Quijorna,4044.0
28158,Valdemanco,1097.0
40210,Urueñas,105.0
40026,Basardilla,136.0
28175,Villamantilla,1660.0
28174,Villamanta,2899.0
01023,Elvillar,315.0
01016,Bernedo,541.0
06014,Azuaga,7587.0
01037,Arraya-Maestu,812.0
03136,Vall de Gallinera,583.0
44119,Griegos,154.0
13022,Ballesteros de Calatrava,363.0
46065,Beniparrell,2108.0
04015,Alsodux,126.0
14048,Palenciana,1431.0
31254,Villafranca,3163.0
47198,Villacarralón,71.0
16088,Fuentelespino de Moya,101.0
16085,La Frontera,155.0
16099,La Hinojosa,184.0
06024,Cabeza la Vaca,1257.0
06040,Corte de Peleas,1153.0
04088,Tabernas,3991.0
04078,Rioja,1609.0
04007,Alcolea,829.0
04070,Oria,2219.0
01010,Ayala,2921.0
01042,Oquendo,1184.0
23087,Torredonjimeno,13213.0
16163,Portilla,58.0
37267,Retortillo,172.0
28086,El Molar,9999.0
49246,Villalba de la Lampreana,212.0
49255,Villamor de los Escuderos,362.0
49232,Vega de Villalobos,88.0
04016,Antas,3472.0
04005,Alboloduy,579.0
09261,Peñaranda de Duero,470.0
06067,Higuera la Real,2186.0
30008,Alhama de Murcia,24163.0
03012,Algorfa,3788.0
49153,Perilla de Castro,150.0
49104,Mahíde,299.0
49131,Moralina,211.0
50200,Paniza,574.0
16181,Rozalén del Monte,48.0
49130,Morales de Valverde,156.0
49077,Fresno de Sayago,137.0
38031,Los Realejos,37867.0
47021,Bocigas,75.0
47163,Tiedra,273.0
01022,Elciego,971.0
01020,Cuartango,402.0
28048,Corpa,832.0
28024,Braojos de la Sierra,233.0
12094,Puebla Tornesa,1322.0
47050,Cigales,5454.0
19138,Hita,336.0
23079,Santisteban del Puerto,4451.0
37371,Villasrubias,231.0
49155,Piedrahita de Castro,104.0
49180,Roelos de Sayago,133.0
49134,Muelas de los Caballeros,184.0
49128,Morales de Rey,529.0
49080,Fuentelapeña,589.0
49177,Rionegro del Puente,224.0
49152,Pereruela,499.0
47138,Rubí de Bracamonte,207.0
19242,Romanones,127.0
49143,Palacios de Sanabria,233.0
49048,Cernadilla,105.0
49066,Ferreras de Abajo,461.0
50240,Sástago,1067.0
04068,Olula de Castro,175.0
04076,Purchena,1563.0
34232,Villarramiel,782.0
49124,Moral de Sayago,265.0
14024,Encinas Reales,2208.0
10128,Moraleja,6562.0
31172,Monreal,511.0
34050,Castrillo de Don Juan,177.0
12079,Montanejos,649.0
49136,Muga de Sayago,313.0
19197,Las Navas de Jadraque,37.0
10207,Villa del Campo,435.0
11018,El Gastor,1675.0
04067,Ohanes,553.0
03902,Pilar de la Horadada,24316.0
50152,Maella,2158.0
37039,Bañobárez,277.0
37044,Barruecopardo,409.0
49055,Cotanes del Monte,79.0
49137,Navianos de Valverde,157.0
49083,Fuentesecas,43.0
46026,Alfarp,1763.0
37184,Masueco,240.0
19126,Galápagos,2802.0
44049,Calaceite,961.0
30005,Alcantarilla,43876.0
01054,Urcabustaiz,1470.0
21023,El Cerro de Andévalo,2246.0
05070,Donvidas,31.0
47025,Brahojos de Medina,96.0
47084,Mayorga,1354.0
34110,Mudá,81.0
34055,Cervatos de la Cueza,241.0
49225,Uña de Quintana,119.0
49165,Prado,53.0
45037,El Carpio de Tajo,1948.0
50230,Sádaba,1278.0
01019,Cripán,174.0
44135,Libros,102.0
22139,Laperdiguera,87.0
45057,Chueca,252.0
31089,Enériz,328.0
19220,Pioz,5261.0
03088,Monforte del Cid,9283.0
22114,Gistaín,114.0
49062,Espadañedo,109.0
49238,Villabrázaro,255.0
49262,Villardeciervos,383.0
05017,Aveinte,67.0
05054,Casavieja,1362.0
01033,Lapuebla de Labarca,895.0
01047,Ribera Baja,1477.0
41032,Cazalla de la Sierra,4626.0
44008,Albalate del Arzobispo,1936.0
09424,Viloria de Rioja,38.0
20010,Anoeta,2112.0
37088,Carrascal del Obispo,185.0
34149,Requena de Campos,27.0
47141,Salvador de Zapardiel,99.0
34154,Revilla de Collazos,75.0
41034,Coria del Río,31278.0
28135,Santa María de la Alameda,1584.0
45141,Quero,1006.0
09343,Santa Cecilia,107.0
45050,Ciruelos,723.0
16015,La Almarcha,469.0
45058,Domingo Pérez,418.0
50102,Fabara,1063.0
22009,Albelda,728.0
35009,Gáldar,25108.0
06157,Villarta de los Montes,375.0
41084,El Rubio,3287.0
13077,Santa Cruz de Mudela,3881.0
41056,La Luisiana,4618.0
37199,Monsagro,129.0
19134,Herrería,13.0
09268,Pinilla de los Barruecos,100.0
46130,Gabarda,1023.0
41073,El Pedroso,2062.0
45134,Portillo de Toledo,2384.0
47223,Villardefrades,145.0
47044,Castronuevo de Esgueva,412.0
24131,Riego de la Vega,697.0
34094,Ledigos,59.0
31125,Igúzquiza,307.0
34238,Villaviudas,356.0
37347,La Vellés,566.0
04008,Alcóntar,545.0
06031,Carmonita,514.0
22904,La Sotonera,879.0
47014,Barruelo del Valle,51.0
40024,Ayllón,1110.0
12119,Torre Embesora,164.0
47012,Bahabón,97.0
22027,Angüés,350.0
40021,Arevalillo de Cega,18.0
37136,Fuenteguinaldo,635.0
37165,Iruelos,29.0
37079,Canillas de Abajo,64.0
37185,Castellanos de Villiquera,727.0
05132,Mombeltrán,922.0
06101,Peraleda del Zaucejo,465.0
40223,Vegas de Matute,370.0
40056,Cobos de Fuentidueña,25.0
40200,Tabanera la Luenga,51.0
09159,Hontanas,69.0
31164,Mélida,739.0
40220,Valleruela de Pedraza,61.0
40208,Turégano,1007.0
41026,Casariche,5291.0
21031,Encinasola,1232.0
37096,Castillejo de Martín Viejo,193.0
12067,Geldo,665.0
03073,Gorga,286.0
37116,Doñinos de Ledesma,62.0
37120,Encina de San Silvestre,111.0
06057,Garlitos,510.0
06099,La Parra,1297.0
37181,Martiago,252.0
37169,Larrodrigo,178.0
16007,La Alberca de Záncara,1504.0
12068,Herbés,68.0
22051,Bárcabo,116.0
06097,Orellana la Vieja,2580.0
06104,Puebla de la Reina,689.0
37086,Carpio de Azaba,110.0
37117,Doñinos de Salamanca,2273.0
19283,Torremocha del Pinar,32.0
37292,San Pelayo de Guareña,86.0
09445,Villambistia,44.0
47028,Cabezón de Valderaduey,24.0
34116,Osornillo,57.0
37022,Aldeaseca de la Frontera,241.0
37097,Castraz,33.0
37349,La Vídola,95.0
10085,El Gordo,363.0
10027,Benquerencia,74.0
12073,Ludiente,162.0
40218,Valle de Tabladillo,78.0
40191,Santo Tomé del Puerto,230.0
40088,Fuenterrebollo,313.0
22113,La Fueva,597.0
03074,Granja de Rocamora,2728.0
37316,Tamames,781.0
37057,Bóveda del Río Almar,186.0
47147,San Pablo de la Moraleja,113.0
46047,Bélgida,651.0
09392,Tosantos,48.0
09167,Hornillos del Camino,44.0
19171,Marchamalo,8714.0
37193,Miranda del Castañar,361.0
09431,Villafranca Montes de Oca,117.0
16218,Uclés,230.0
37083,Cantaracillo,188.0
37090,Las Casas del Conde,63.0
49006,Algodre,131.0
49023,Bermillo de Sayago,1028.0
21026,Cortelazor,302.0
45121,Ocaña,15560.0
40171,Ribota,40.0
40203,Torrecaballeros,1505.0
06068,Hinojosa del Valle,472.0
06046,Esparragalejo,1506.0
45205,Yuncos,13189.0
44184,Plou,42.0
49012,Argañín,79.0
16026,Atalaya del Cañavate,91.0
40212,Valdevacas de Montejo,29.0
40211,Valdeprados,63.0
40047,Castro de Fuentidueña,41.0
23045,Huesa,2411.0
01013,Barrundia,882.0
31237,Unciti,257.0
35018,San Bartolomé,19551.0
09208,Mecerreyes,176.0
14044,Monturque,1929.0
50081,Cetina,534.0
40233,Zarzuela del Monte,507.0
40062,Cubillo,74.0
10178,Talaván,775.0
37082,Cantalpino,802.0
40060,Condado de Castilnovo,74.0
40193,Sebúlcor,239.0
50155,Malanquilla,71.0
50043,Bárboles,277.0
34236,Villaturde,148.0
37034,El Arco,85.0
10009,Alcollarín,259.0
28101,Olmeda de las Fuentes,429.0
28087,Los Molinos,4781.0
09253,Pardilla,109.0
40055,Cilleruelo de San Mamés,41.0
40201,Tolocirio,38.0
34003,Abia de las Torres,165.0
49011,Arcos de la Polvorosa,211.0
49004,Alcubilla de Nogales,108.0
37021,Aldeaseca de Alba,65.0
28132,San Martín de la Vega,21010.0
31120,Guesálaz,462.0
44251,Villafranca del Campo,290.0
09437,Villahoz,262.0
49099,Losacio,90.0
14028,Fuente la Lancha,330.0
06056,Garbayuela,450.0
28149,Torrejón de la Calzada,10653.0
45024,Burujón,1344.0
06062,Helechosa de los Montes,556.0
06105,Puebla del Maestre,653.0
37098,Cepeda,287.0
37325,El Tornadizo,88.0
46086,Carrícola,97.0
46061,Beniflá,505.0
46023,Alfahuir,515.0
06049,Feria,1054.0
04095,Uleila del Campo,815.0
37018,Aldeanueva de la Sierra,88.0
45151,San Martín de Montalbán,778.0
34192,Valde-Ucieza,77.0
34133,Población de Cerrato,102.0
46012,Alborache,1568.0
46041,Aras de los Olmos,401.0
46033,Almiserat,278.0
34174,Santoyo,187.0
34228,Villanuño de Valdavia,91.0
20066,Régil,588.0
40037,Calabazas de Fuentidueña,23.0
40179,Sanchonuño,1053.0
40140,Navalilla,90.0
40097,Grajera,252.0
24009,Balboa,269.0
37059,Buenamadre,108.0
49024,La Bóveda de Toro,682.0
49108,Manganeses de la Lampreana,438.0
06064,Higuera de la Serena,881.0
06077,Malcocinado,343.0
40080,Fresno de la Fuente,75.0
40046,Castillejo de Mesleón,119.0
37218,Navamorales,45.0
10176,Serrejón,410.0
49242,Villafáfila,429.0
28089,Moraleja de Enmedio,5580.0
49009,Andavías,404.0
37023,Aldeatejada,2662.0
40091,Fuentesoto,96.0
34223,Villamoronta,236.0
31161,Mañeru,452.0
47092,Montealegre de Campos,105.0
37170,Ledesma,1480.0
47155,Santovenia de Pisuerga,4762.0
45032,Camarenilla,606.0
41087,Sanlúcar la Mayor,14648.0
41031,El Castillo de las Guardas,1501.0
09017,Anguix,166.0
09020,Araúzo de Miel,260.0
44229,Torres de Albarracín,187.0
44220,Torralba de los Sisones,145.0
14026,Espiel,2326.0
41093,Tomares,25432.0
50217,Pradilla de Ebro,553.0
47027,Cabezón de Pisuerga,3910.0
01902,Lantarón,929.0
41059,Mairena del Aljarafe,48017.0
12011,Almenara,6813.0
40184,San Pedro de Gaíllos,315.0
04074,Pechina,4552.0
04071,Padules,438.0
28164,Valdetorres de Jarama,5175.0
41102,El Viso del Alcor,19458.0
14051,Pedroche,1441.0
41025,Carrión de los Céspedes,2647.0
04023,Beires,140.0
50176,Morata de Jiloca,285.0
44240,Valbona,187.0
37009,Alba de Yeltes,205.0
50211,Plasencia de Jalón,378.0
29036,Carratraca,801.0
49015,Arrabalde,186.0
37109,Colmenar de Montemayor,177.0
37126,Espadaña,32.0
06079,Manchita,741.0
06069,Hornachos,3375.0
37069,Calvarrasa de Abajo,1240.0
37104,Cilleros de la Bastida,21.0
19096,Condemios de Arriba,101.0
37103,Cespedosa de Tormes,480.0
37085,Carbajosa de la Sagrada,7791.0
37068,Cabrillas,316.0
37050,Berrocal de Huebra,75.0
44210,Sarrión,1261.0
44223,Torre de Arcas,76.0
13084,Torre de Juan Abad,928.0
37106,Cipérez,233.0
37061,El Cabaco,227.0
45159,Sartajada,104.0
09021,Arauzo de Salce,44.0
09055,Brazacorta,43.0
44037,Beceite,572.0
37376,Vitigudino,2344.0
46052,Benavites,652.0
46006,Albaida,6322.0
10131,Navalmoral de la Mata,17352.0
19215,Peñalver,172.0
50201,Paracuellos de Jiloca,610.0
03034,Benijófar,3679.0
06065,Higuera de Llerena,343.0
14019,Castro del Río,7597.0
14014,Cañete de las Torres,2766.0
47101,Nava del Rey,1924.0
46157,Llosa de Ranes,3765.0
37237,Pedrosillo de los Aires,312.0
09163,Hontoria del Pinar,613.0
46031,Alginet,14844.0
46024,Alfara de la Baronía,624.0
49069,Figueruela de Arriba,310.0
31003,Abaurrea Alta,121.0
47133,Renedo de Esgueva,3993.0
28170,Villaconejos,3569.0
41041,Estepa,12430.0
44245,Valdeltormo,304.0
44221,Torrecilla de Alcañiz,436.0
44224,Torre de las Arcas,19.0
16094,Gascueña,132.0
34136,Poza de la Vega,160.0
31248,Valcarlos,336.0
45172,Torrico,688.0
04901,Las Tres Villas,547.0
04073,Paterna del Río,399.0
16130,Montalbo,703.0
16175,Quintanar del Rey,7508.0
06039,La Coronada,2136.0
41036,El Coronil,4659.0
50205,Las Pedrosas,118.0
44267,Vivel del Río Martín,63.0
50181,Muel,1540.0
14011,Los Blázquez,619.0
46111,Chiva,17951.0
40017,Anaya,111.0
46038,Andilla,338.0
19331,Yunquera de Henares,4706.0
50163,María de Huerva,6558.0
44155,Montalbán,1162.0
44244,Valdelinares,82.0
46087,Casas Altas,118.0
46069,Benisuera,196.0
20070,Segura,1496.0
21004,Almonaster la Real,1759.0
50238,Santa Eulalia de Gállego,101.0
46063,Benimodo,2332.0
46049,Bellús,317.0
44211,Segura de los Baños,55.0
50064,Cabañas de Ebro,473.0
16160,Pineda de Gigüela,58.0
16161,Piqueras del Castillo,36.0
09044,Barrios de Colina,55.0
09050,Berberana,52.0
37222,Negrilla de Palencia,78.0
48054,Lejona,32748.0
06147,Valle de Matamoros,337.0
16129,Montalbanejo,82.0
03079,Ibi,24500.0
18109,Jete,990.0
16154,Las Pedroñeras,6416.0
16139,Olivares de Júcar,290.0
09013,Altable,44.0
09039,Barbadillo del Pez,64.0
09033,Bahabón de Esgueva,80.0
09907,Alfoz de Quintanadueñas,2158.0
31182,Nazar,40.0
06161,Zarza Capilla,295.0
02071,San Pedro,1155.0
29048,Cuevas del Becerro,1617.0
29099,La Viñuela,2044.0
03085,Llíber,882.0
13903,Arenales de San Gregorio,626.0
28145,Talamanca de Jarama,4607.0
28141,Sevilla la Nueva,9802.0
50166,Mesones de Isuela,270.0
50172,Monreal de Ariza,175.0
50084,Clarés de Ribota,73.0
09007,Aguilar de Bureba,46.0
09046,Bascuñana,20.0
37032,Arapiles,744.0
24015,Benavides,2321.0
10173,Saucedilla,1002.0
05040,Bularros,55.0
23005,Andújar,35610.0
21071,Valdelarco,239.0
16151,Paredes,61.0
29095,Villanueva de Algaidas,4084.0
29009,Almáchar,1959.0
50203,Pastriz,1316.0
50208,Pina de Ebro,2478.0
09340,San Millán de Lara,61.0
09368,Sordillos,23.0
09047,Belbimbre,53.0
14018,El Carpio,4327.0
09051,Berlangas de Roa,204.0
09006,Aguas Cándidas,61.0
09384,Tordómar,290.0
09388,Torrelara,34.0
35017,Puerto del Rosario,46150.0
29021,Atajate,168.0
45150,San Bartolomé de las Abiertas,637.0
44205,Samper de Calanda,734.0
44169,Ojos Negros,321.0
44154,Monroyo,324.0
44161,Muniesa,575.0
44175,Orrios,112.0
19044,Atienza,406.0
28165,Valdilecha,3289.0
50047,Berdejo,40.0
28022,Boadilla del Monte,66349.0
44147,Mazaleón,474.0
44241,Valdealgorfa,581.0
44235,Tramacastilla,133.0
44144,Martín del Río,367.0
05179,Papatrigo,215.0
09352,Santa María del Mercadillo,119.0
09345,Santa Cruz de la Salceda,148.0
45036,Carmena,771.0
09375,Tamarón,52.0
22055,Berbegal,321.0
22090,Colungo,124.0
16141,Olmeda del Rey,129.0
29033,Canillas de Aceituno,1801.0
19139,Hombrados,44.0
06020,Bienvenida,1999.0
16202,Talayuelas,873.0
16137,Narboneta,42.0
40070,Duruelo,172.0
06016,Barcarrota,3456.0
44163,Noguera de Albarracín,131.0
44204,Saldón,32.0
05094,Herreros de Suso,141.0
05267,Zapardiel de la Ribera,90.0
45901,Santo Domingo-Caudilla,1299.0
09373,Sotresgudo,413.0
44225,Torre del Compte,120.0
45190,Villaminaya,518.0
50192,Nuévalos,318.0
44246,Valderrobres,2555.0
29100,Yunquera,2828.0
28108,Pedrezuela,6606.0
44193,Puertomingalvo,135.0
44207,San Martín del Río,135.0
22014,Alcalá de Gurrea,265.0
06084,Mirandilla,1232.0
45102,Mocejón,5188.0
09048,Belorado,1823.0
44217,Toril y Masegoso,31.0
44194,Ráfales,149.0
06106,Puebla del Prior,462.0
06082,Mengabril,504.0
29085,Salares,194.0
29049,Cuevas de San Marcos,3647.0
29093,Valle de Abdalajís,2439.0
41046,Gilena,3647.0
14034,El Guijo,342.0
14047,Obejo,2101.0
09338,San Mamés de Burgos,323.0
45092,Marjaliza,258.0
09227,Montorio,138.0
41014,Badolatosa,3058.0
44219,Tornos,175.0
22202,Salas Bajas,184.0
22128,Ilche,183.0
22174,Peralta de Alcofea,576.0
50059,Bujaraloz,938.0
22083,Castejón de Monegros,459.0
09439,Villalbilla de Burgos,1554.0
18153,Peligros,11725.0
06112,Retamal de Llerena,428.0
04072,Partaloa,836.0
11010,Bornos,7506.0
44137,Linares de Mora,242.0
44127,Jabaloyas,66.0
09350,Santa María del Campo,508.0
09360,San Vicente del Valle,26.0
11017,Espera,3755.0
11026,Prado del Rey,5692.0
22141,Lascellas-Ponzano,138.0
22176,Peraltilla,212.0
49148,Peleas de Abajo,248.0
44179,Peñarroya de Tastavins,467.0
09351,Santa María del Invierno,70.0
44173,Los Olmos,111.0
44126,La Iglesuela del Cid,357.0
09334,Salinillas de Bureba,55.0
09472,Villazopeque,51.0
29034,Canillas de Albaida,807.0
29088,Sierra de Yeguas,3418.0
45046,Cebolla,3270.0
28151,Torrelaguna,5081.0
44014,Alcorisa,3243.0
44230,Torrevelilla,161.0
35010,Haría,5623.0
20046,Irura,1885.0
21062,Rosal de la Frontera,1676.0
45136,La Puebla de Montalbán,8144.0
45029,Caleruela,203.0
09381,Tinieblas de la Sierra,20.0
45083,Layos,931.0
05192,Puerto Castilla,99.0
05124,Medinilla,79.0
10182,Toril,157.0
10097,Higuera de Albalat,102.0
10063,Cerezo,147.0
46234,Sot de Chera,427.0
48913,Ciérvana,1512.0
46109,Cheste,8951.0
44118,La Ginebrosa,188.0
44121,Gúdar,73.0
46197,Poliñá de Júcar,2577.0
22199,Sabiñánigo,9695.0
45015,Arcicóllar,1089.0
09347,Santa Gadea del Cid,180.0
40213,Valdevacas y Guijar,83.0
46043,Ayelo de Rugat,160.0
44117,Gea de Albarracín,459.0
44187,La Portellada,249.0
01044,Peñacerrada,332.0
01055,Valdegovía,1064.0
31192,Olóriz,210.0
31190,Olejua,49.0
47066,Fuensaldaña,2146.0
47170,Torre de Peñafiel,57.0
47106,Olmos de Peñafiel,35.0
50050,Bijuesca,93.0
22186,Pozán de Vero,228.0
47171,Torrelobatón,387.0
47218,Villanueva de Duero,1263.0
06100,Peñalsordo,805.0
41003,Albaida del Aljarafe,3220.0
05089,Guisando,458.0
05175,El Oso,125.0
50099,Épila,4704.0
03051,Campo de Mirra,447.0
03052,Cañada,1213.0
40015,Aldehuela del Codonal,24.0
10086,La Granja,313.0
45068,Garciotum,220.0
09362,Sarracín,261.0
45093,Marrupe,166.0
12085,Oropesa del Mar,12640.0
18159,Píñar,1040.0
22201,Salas Altas,301.0
22082,Castejón del Puente,359.0
19245,Sacedón,1623.0
09425,Vilviestre del Pinar,511.0
47111,La Pedraja de Portillo,1186.0
37108,Coca de Alba,96.0
47112,Pedrajas de San Esteban,3434.0
47007,Aldeamayor de San Martín,6290.0
09382,Tobar,27.0
45104,Montearagón,598.0
45018,Barcience,1110.0
09378,Tejada,35.0
37025,Aldehuela de la Bóveda,260.0
37223,Olmedo de Camaces,87.0
20001,Abalcisqueta,321.0
28157,Valdelaguna,1122.0
28168,El Vellón,2281.0
03123,Sax,10346.0
09129,Fresneda de la Sierra Tirón,98.0
16128,Monreal del Llano,44.0
44247,Valjunquera,336.0
44228,Torremocha de Jiloca,115.0
44197,Ródenas,57.0
18161,Polícar,252.0
18910,El Pinar,867.0
31130,Iturmendi,428.0
31143,Larraona,100.0
31129,Ituren,543.0
29046,Cortes de la Frontera,3048.0
31140,Lanz,150.0
31168,Metauten,263.0
31204,Piedramillera,46.0
10174,Segura de Toro,190.0
19174,Matillas,111.0
22223,Sopeira,84.0
19221,Piqueras,33.0
49129,Morales de Toro,918.0
47010,Arroyo de la Encomienda,23304.0
34246,Villovieco,62.0
31004,Abaurrea Baja,30.0
14067,Villafranca de Córdoba,4895.0
47217,Villanubla,2903.0
47137,Roturas,26.0
19286,Tórtola de Henares,1439.0
46235,Sueca,29194.0
44201,Rubielos de Mora,600.0
20009,Andoáin,14517.0
31214,Salinas de Oro,110.0
31084,Echarri Aranaz,2551.0
37054,El Bodón,247.0
45012,Almonacid de Toledo,991.0
12101,San Rafael del Río,532.0
45160,Segurilla,1412.0
09332,Saldaña de Burgos,203.0
37055,Bogajo,124.0
31126,Imoz,433.0
31155,Liédena,354.0
09354,Santa Olalla de Bureba,38.0
45086,Lucillos,666.0
09335,San Adrián de Juarros,84.0
47082,Matapozuelos,977.0
47175,Tudela de Duero,8861.0
31149,Leiza,3011.0
31242,Urraúl Bajo,330.0
31213,Saldías,125.0
37147,Garcibuey,186.0
48040,Gatica,1633.0
37271,Rollán,317.0
45101,Miguel Esteban,4751.0
09072,Carcedo de Burgos,513.0
38015,Garachico,4940.0
14068,Villaharta,630.0
18057,Cúllar Vega,7947.0
19166,Málaga del Fresno,187.0
41045,Gerena,7971.0
41013,Aznalcóllar,6096.0
31241,Urraúl Alto,136.0
31208,Ribaforada,3697.0
44108,La Fresneda,459.0
44099,Escucha,788.0
18048,Cijuela,3827.0
19198,Negredo,12.0
40082,Fuente de Santa Cruz,105.0
39101,Valle de Villaverde,249.0
50298,Zuera,8766.0
47090,Mojados,3415.0
47093,Montemayor de Pililla,837.0
45144,El Real de San Vicente,966.0
28152,Torrelodones,25433.0
31177,Murieta,345.0
31167,Mendigorría,1261.0
41097,Villamanrique de la Condesa,4694.0
06149,Villafranca de los Barros,12284.0
47061,Esguevillas de Esgueva,257.0
09223,Monasterio de la Sierra,38.0
30033,Puerto Lumbreras,18006.0
31128,Isaba,384.0
18182,Ugíjar,2574.0
41009,Almadén de la Plata,1328.0
41035,Coripe,1218.0
31142,Larraga,2158.0
31174,Morentin,110.0
42044,Cabrejas del Campo,48.0
42083,Frechilla de Almazán,20.0
31220,Santacara,874.0
31139,Lana,149.0
37036,San Miguel del Robledo,52.0
18043,Carataunas,207.0
16146,Pajarón,71.0
19108,Durón,108.0
41090,El Saucejo,4189.0
41902,Isla Mayor,5748.0
20044,Icazteguieta,498.0
45061,Escalona,3987.0
09447,Villamiel de la Sierra,43.0
18165,Pulianas,5659.0
37317,Tarazona de Guareña,261.0
02080,Villapalacios,539.0
02084,Villaverde de Guadalimar,325.0
31245,Urzainqui,76.0
31090,Erasun,155.0
31145,Lazagurría,170.0
31144,Larráun,918.0
31123,Huarte-Araquil,770.0
31195,Orbaiceta,186.0
42086,Fuentecambrón,29.0
41062,Martín de la Jara,2627.0
41017,Bormujos,23071.0
31079,Desojo,68.0
45199,El Viso de San Juan,6380.0
48078,Portugalete,44843.0
42064,Ciria,67.0
44100,Estercuel,198.0
44076,Cella,2702.0
42193,Valdelagua del Cerro,13.0
18022,Atarfe,20914.0
18020,Arenas del Rey,608.0
02070,Salobre,442.0
41096,Valencina de la Concepción,8050.0
31035,Armañanzas,47.0
18170,Rubite,419.0
37123,Encinasola de los Comendadores,146.0
37324,Tordillos,306.0
41082,La Roda de Andalucía,4168.0
05034,Blasconuño de Matacabras,14.0
06002,Aceuchal,5307.0
06071,La Lapa,298.0
18902,El Valle,941.0
18179,Torvizcón,608.0
41054,Lora de Estepa,890.0
41064,Montellano,7032.0
47086,Medina de Rioseco,4617.0
37318,Tardáguila,193.0
42161,Salduero,148.0
49133,Moreruela de Tábara,290.0
04022,Bédar,953.0
18181,Turón,203.0
18911,Vegas del Genil,12424.0
37215,Nava de Sotrobal,147.0
37377,Yecla de Yeltes,223.0
24022,Borrenes,297.0
24162,Santovenia de la Valdoncina,2058.0
37217,Navalmoral de Béjar,57.0
37328,Trabanca,159.0
42042,Buitrago,68.0
42178,Talveila,105.0
22204,Sallent de Gállego,1505.0
31077,Corella,8756.0
18015,Alicún de Ortega,461.0
31098,Esteríbar,2918.0
18907,Valle del Zalabí,2128.0
37149,Garcirrey,52.0
22253,Yésero,60.0
18024,Beas de Granada,1007.0
18904,Alpujarra de la Sierra,933.0
37219,Navarredonda de la Rinconada,153.0
37320,Tejeda y Segoyuela,97.0
04077,Rágol,297.0
05041,Burgohondo,1269.0
05165,Navarredonda de Gredos,451.0
05030,Berrocalejo de Aragona,55.0
45198,Villatobas,2964.0
07007,Bañalbufar,427.0
07007,Bañalbufar,430.0
07007,Bañalbufar,443.0
07007,Bañalbufar,446.0
07007,Bañalbufar,448.0
07007,Bañalbufar,449.0
07007,Bañalbufar,453.0
07007,Bañalbufar,456.0
07007,Bañalbufar,461.0
07007,Bañalbufar,486.0
07007,Bañalbufar,488.0
07007,Bañalbufar,495.0
07007,Bañalbufar,502.0
07007,Bañalbufar,503.0
07007,Bañalbufar,504.0
07007,Bañalbufar,515.0
07007,Bañalbufar,520.0
07007,Bañalbufar,522.0
07007,Bañalbufar,523.0
07007,Bañalbufar,526.0
07007,Bañalbufar,533.0
07007,Bañalbufar,534.0
07007,Bañalbufar,542.0
07007,Bañalbufar,548.0
07007,Bañalbufar,550.0
07007,Bañalbufar,553.0
07007,Bañalbufar,558.0
07007,Bañalbufar,560.0
07007,Bañalbufar,566.0
07007,Bañalbufar,568.0
07007,Bañalbufar,570.0
07007,Bañalbufar,572.0
07007,Bañalbufar,573.0
07007,Bañalbufar,577.0
07007,Bañalbufar,583.0
07007,Bañalbufar,584.0
07007,Bañalbufar,586.0
07007,Bañalbufar,591.0
07007,Bañalbufar,592.0
07007,Bañalbufar,593.0
07007,Bañalbufar,605.0
07007,Bañalbufar,627.0
07007,Bañalbufar,647.0
07007,Bañalbufar,675.0
07007,Bañalbufar,709.0
07007,Bañalbufar,726.0
07007,Bañalbufar,730.0
07007,Bañalbufar,772.0
07007,Bañalbufar,894.0
07007,Bañalbufar,913.0
02083,Villavaliente,190.0
02082,Villatoya,114.0
28003,Alameda del Valle,267.0
37125,Escurial de la Sierra,233.0
37319,El Tejado,83.0
31091,Ergoyena,392.0
31243,Urroz-Villa,403.0
31170,Mirafuentes,56.0
41080,El Real de la Jara,1517.0
41070,Palomares del Río,9421.0
44150,Miravete de la Sierra,31.0
06098,Palomas,651.0
41008,Algámitas,1258.0
41051,Huévar del Aljarafe,3388.0
46066,Benirredrá,1576.0
22245,Velilla de Cinca,505.0
37341,Valverde de Valdelacasa,57.0
37287,San Miguel de Valero,308.0
37366,Villarmuerto,38.0
18183,Válor,658.0
18178,Torre-Cardela,700.0
04087,Suflí,224.0
02086,Yeste,2471.0
03001,Adsubia,589.0
03004,Aguas de Busot,1199.0
31265,Zúñiga,78.0
10190,Torrejón el Rubio,537.0
18175,Santa Fe,15494.0
18167,Purullena,2409.0
41016,Bollullos de la Mitación,11431.0
42204,Viana de Duero,47.0
42181,Tardelcuende,414.0
42078,Duruelo de la Sierra,1035.0
42032,Bayubas de Abajo,148.0
03007,Alcocer de Planes,263.0
18914,Valderrubio,2069.0
18025,Beas de Guadix,318.0
18016,Almegíjar,327.0
41052,Lantejuela,3857.0
41049,Guillena,14260.0
03011,Alfaz del Pi,21080.0
41076,Pruna,2461.0
03010,Alfafara,419.0
03008,Alcolecha,184.0
03005,Albatera,13566.0
42092,Fuentes de Magaña,47.0
06102,Puebla de Alcocer,1091.0
24201,Vegas del Condado,1165.0
06053,Fuente del Arco,648.0
18030,Bérchules,688.0
18033,Busquístar,313.0
42085,Fuentearmegil,148.0
31062,Cabanillas,1373.0
37040,Barbadillo,391.0
18021,Armilla,25300.0
42088,Fuentelmonge,58.0
42159,Rollamienta,49.0
24196,Vega de Espinareda,2006.0
37150,Gejuelo del Barro,31.0
37214,Nava de Francia,116.0
24114,La Pola de Gordón,2833.0
24202,Villablino,7585.0
19011,Alcolea del Pinar,357.0
19032,Anguita,150.0
42207,Villar del Ala,50.0
02023,Casas de Ves,519.0
02015,Barrax,1838.0
02025,Caudete,10439.0
05008,Aldeaseca,211.0
18174,Santa Cruz del Comercio,523.0
18177,Sorvilán,521.0
31064,Cadreita,2187.0
37074,Campillo de Azaba,146.0
48001,Abadiano,7768.0
31069,Cáseda,912.0
37072,Calzada de Don Diego,127.0
18037,Calicasas,687.0
18029,Benamaurel,2235.0
31066,Cárcar,1156.0
40002,Adrada de Pirón,39.0
06018,Benquerencia de la Serena,771.0
18180,Trevélez,698.0
18901,La Taha,777.0
18018,Alquife,543.0
18027,Benalúa,3381.0
31099,Etayo,72.0
37087,Carrascal de Barregas,1456.0
24170,Torre del Bierzo,1929.0
06045,Entrín Bajo,548.0
41079,La Puebla del Río,11903.0
37156,Guijuelo,5427.0
42202,Velilla de los Ajos,15.0
07063,Valldemosa,2038.0
11014,Conil de la Frontera,24102.0
19005,Alarilla,144.0
19010,Alcolea de las Peñas,7.0
18028,Benalúa de las Villas,1028.0
24011,Barjas,140.0
06028,Campanario,4702.0
37013,Aldeacipreste,89.0
37118,Éjeme,139.0
19033,Anquela del Ducado,46.0
19027,Alustante,152.0
18184,Vélez de Benaudalla,3108.0
18193,La Zubia,20389.0
05023,Barromán,174.0
11019,Grazalema,1977.0
18164,Puebla de Don Fadrique,2195.0
31166,Mendaza,284.0
18034,Cacín,549.0
18032,Bubión,305.0
24056,Cistierna,2857.0
06162,La Zarza,3339.0
18176,Soportújar,260.0
18171,Salar,2582.0
42200,Velamazán,66.0
42118,Momblona,19.0
42084,Fresno de Caracena,16.0
42184,Torlengua,43.0
42087,Fuentecantos,65.0
42036,Blacos,36.0
42191,Valdeavellano de Tera,222.0
18194,Zújar,2655.0
18189,Víznar,1006.0
18188,Villanueva Mesía,1965.0
05012,Amavida,131.0
02017,Bogarra,727.0
18035,Cádiar,1491.0
18036,Cájar,5511.0
03013,Algueña,1328.0
19001,Abánades,64.0
18913,Zagra,845.0
03006,Alcalalí,1428.0
18187,Villanueva de las Torres,491.0
03017,Alquería de Aznar,519.0
18908,Villamena,1029.0
03015,Almoradí,22965.0
03028,Beniarrés,1117.0
19006,Albalate de Zorita,1148.0
42192,Valdegeña,36.0
03083,Jijona,7669.0
48019,Bérriz,4533.0
03023,Benejama,1696.0
03021,Banyeres de Mariola,7347.0
19017,Algora,89.0
09189,Junta de Traslaloma,118.0
22067,Bonansa,85.0
02011,Aýna,577.0
02013,Balsa de Ves,121.0
42139,Pinilla del Campo,17.0
24094,Mansilla de las Mulas,1706.0
19280,Torrejón del Rey,6435.0
14017,La Carlota,14503.0
12063,Fuente la Reina,55.0
48007,Arbácegui y Guerricaiz,467.0
19013,Alcoroches,117.0
19015,Aldeanueva de Guadalajara,107.0
05182,Pedro Bernardo,743.0
10206,Viandar de la Vera,216.0
09905,Valle de Sedano,402.0
45125,Oropesa,2587.0
19003,Adobes,28.0
19002,Ablanque,70.0
42196,Valdeprado,8.0
38028,Puerto de la Cruz,31137.0
42134,Ólvega,3782.0
45081,Illescas,33301.0
14041,Montemayor,3859.0
21007,Aracena,8425.0
47179,Valbuena de Duero,385.0
05230,Santo Tomé de Zabarcos,70.0
19007,Albares,610.0
19016,Algar de Mesa,44.0
05015,Arevalillo,58.0
05039,Brabos,34.0
42124,Muriel de la Fuente,53.0
41021,Camas,29089.0
13013,Almagro,9190.0
04009,Alcudia de Monteagud,115.0
24207,Villademor de la Vega,289.0
48045,Güeñes,6817.0
46045,Barcheta,1578.0
05007,Aldeanueva de Santa Cruz,100.0
16215,Tragacete,263.0
22250,Villanúa,569.0
05199,San Bartolomé de Béjar,44.0
05125,Mengamuñoz,60.0
42171,Serón de Nágima,125.0
07061,Sóller,13882.0
42053,Carrascosa de Abajo,18.0
18040,Cáñar,424.0
18047,Cenes de la Vega,8254.0
09318,Riocavado de la Sierra,54.0
05186,Piedrahíta,1637.0
18044,Cástaras,178.0
18042,Capileira,590.0
48073,Ondárroa,8060.0
07039,Muro,8398.0
22239,Tramaced,108.0
22142,Lascuarre,139.0
42038,Borjabad,29.0
42089,Fuentelsaz de Soria,65.0
19009,Alcocer,319.0
21055,Palos de la Frontera,12938.0
19021,Almoguera,1379.0
19018,Alhóndiga,185.0
49065,Fermoselle,1131.0
50015,Alconchel de Ariza,79.0
05002,La Adrada,2853.0
05190,Pozanco,57.0
12104,Segorbe,9805.0
19167,Malaguilla,218.0
05128,Mingorría,422.0
19244,Sacecorbo,90.0
41066,Las Navas de la Concepción,1501.0
16908,Pozorrubielos de la Mancha,166.0
05214,San Lorenzo de Tormes,32.0
04083,Serón,2151.0
05029,Bernuy-Zapardiel,79.0
09444,Villamayor de Treviño,59.0
18046,Castril,1927.0
18045,Castilléjar,1284.0
46008,Albalat de la Ribera,3523.0
10193,Torreorgaz,1641.0
05110,Lanzahíta,771.0
45089,Malpica de Tajo,1655.0
31255,Villamayor de Monjardín,115.0
49033,Camarzana de Tera,740.0
20060,Oreja,103.0
42128,Narros,68.0
48015,Basauri,40274.0
48909,Navárniz,264.0
37038,Babilafuente,924.0
12003,Albocácer,1370.0
38004,Arafo,5945.0
12902,San Juan de Moró,3695.0
30038,Las Torres de Cotillas,22676.0
47045,Castronuño,737.0
40228,Villaverde de Íscar,579.0
05155,Navaescurial,54.0
05164,Navaquesera,38.0
26064,Fuenmayor,3281.0
09441,Villaldemiro,92.0
09467,Villaverde-Mogina,68.0
24230,Zotes del Páramo,384.0
23031,Escañuela,902.0
38019,Guía de Isora,22654.0
09315,Revillarruz,621.0
09443,Villamayor de los Montes,157.0
09325,Royuela de Río Franco,169.0
09311,Retuerta,56.0
45031,Camarena,4848.0
48043,Górliz,6034.0
19047,Baides,46.0
07042,Pollensa,17807.0
47220,Villanueva de los Caballeros,147.0
46122,Faura,3753.0
49020,Belver de los Montes,252.0
12013,Arañuel,148.0
05233,Serranillos,247.0
50225,Ricla,3019.0
43136,San Carlos de la Rápita,16119.0
09446,Villamedianilla,9.0
09442,Villalmanzo,409.0
22109,Fiscal,358.0
42075,Dévanos,72.0
22078,Canfranc,633.0
22172,Peñalba,657.0
09029,Atapuerca,178.0
41095,Utrera,52403.0
31261,Yesa,297.0
31202,Peralta,6071.0
09449,Villanueva de Argaño,117.0
20031,Elduayen,248.0
09287,Quintanaortuño,297.0
22119,Gurrea de Gállego,1430.0
22175,Peralta de Calasanz,206.0
09283,Quintanaélez,44.0
09417,Vallejera,38.0
22137,Lanaja,1140.0
22084,Castejón de Sos,840.0
22247,Viacamp y Litera,40.0
09288,Quintanapalla,123.0
09908,Valle de Losa,486.0
09309,Regumiel de la Sierra,304.0
09408,Vallarta de Bureba,41.0
09308,Redecilla del Campo,65.0
09280,Quintanabureba,29.0
42127,Nafría de Ucero,35.0
42209,Villar del Río,155.0
42197,Valderrodilla,59.0
42081,Espejón,122.0
45054,Corral de Almaguer,5280.0
22081,Casbas de Huesca,287.0
42110,Matalebreras,81.0
42144,Quintana Redonda,499.0
42164,San Leonardo de Yagüe,1954.0
42174,Sotillo del Rincón,171.0
23903,Villatorres,4259.0
13093,Villanueva de los Infantes,4733.0
22063,Biscarrués,188.0
18185,Ventas de Huelma,667.0
06142,Valverde de Burguillos,260.0
10161,Ruanes,82.0
05025,Becedillas,70.0
37099,Cereceda de la Sierra,55.0
42187,Torrubia de Soria,52.0
42132,Noviercas,156.0
22244,Valle de Lierp,52.0
22129,Isábena,234.0
22233,Torre la Ribera,102.0
42177,Tajueco,61.0
24181,Valderas,1479.0
31901,Barañáin,19642.0
22085,Castelflorite,102.0
03100,Parcent,1037.0
09901,Quintanilla del Agua y Tordueles,336.0
45175,Turleque,702.0
10202,Valdeobispo,617.0
10150,Portaje,379.0
42103,Langa de Duero,696.0
09430,Villaespasa,21.0
09418,Valles de Palenzuela,74.0
47128,Quintanilla del Molar,43.0
41094,Umbrete,9455.0
49035,Cañizo,197.0
34182,Torquemada,964.0
28071,Horcajuelo de la Sierra,104.0
31024,Arano,108.0
37249,Peralejos de Arriba,38.0
09272,Poza de la Sal,278.0
10143,Pescueza,150.0
09294,Quintanilla de la Mata,109.0
10075,Fresnedoso de Ibor,236.0
42105,Liceras,49.0
42205,Villaciervos,86.0
42206,Villanueva de Gormaz,6.0
16231,Valhermoso de la Fuente,61.0
46018,Alcublas,710.0
02033,Fuente-Álamo,2422.0
28076,Lozoya,598.0
34157,Saldaña,2844.0
10218,Zarza la Mayor,1096.0
46046,Bárig,1501.0
46172,Monserrat,10062.0
12084,Onda,26190.0
12100,San Mateo,2021.0
10194,Torrequemada,564.0
10103,Jaraicejo,418.0
42195,Valdenebro,85.0
48060,Marquina-Jeméin,5089.0
24119,Priaranza del Bierzo,672.0
19168,Mandayona,285.0
40081,Frumales,120.0
45193,Villanueva de Bogas,657.0
12072,Lucena del Cid,1421.0
05219,San Pascual,44.0
19265,Tartanedo,143.0
34033,Boada de Campos,17.0
37286,San Martín del Castañar,233.0
09312,La Revilla y Ahedo,97.0
16165,Poyatos,70.0
02031,Férez,604.0
06144,Valverde de Llerena,560.0
10160,Romangordo,240.0
02065,Pozuelo,455.0
02064,Pozo-Lorente,398.0
09154,Hacinas,145.0
09273,Prádanos de Bureba,54.0
09133,Fresno de Rodilla,49.0
16219,Uña,90.0
50242,Sediles,109.0
09301,Quintanilla Vivar,890.0
10157,Robledillo de la Vera,252.0
09190,Junta de Villalba de Losa,79.0
09169,Hortigüela,103.0
06148,Valle de Santa Ana,1090.0
44112,Fuentes Claras,428.0
42097,Gormaz,18.0
22049,Barbués,97.0
45076,Hormigos,1035.0
42166,Santa Cruz de Yanguas,56.0
42121,Montenegro de Cameros,43.0
42189,Ucero,80.0
31181,Navascués,114.0
48094,Yurre,4344.0
24079,Gradefes,882.0
28128,Rozas de Puerto Real,579.0
31183,Obanos,924.0
31219,Sansol,89.0
18144,Nívar,1093.0
18148,Otívar,1011.0
42219,Yelo,40.0
30018,Ceutí,13089.0
31258,Villava,9928.0
28034,Canencia,475.0
28120,Rascafría,1704.0
10145,Piedras Albas,125.0
09140,Fuentenebro,137.0
10080,Gargantilla,346.0
10055,Casas del Monte,761.0
10140,Peraleda de la Mata,1444.0
10102,Ibahernando,538.0
31257,Villatuerta,1256.0
31217,San Martín de Unx,352.0
31203,Petilla de Aragón,29.0
31152,Lerín,1821.0
42213,Villaseca de Arciel,23.0
42156,Reznos,21.0
02901,Pozo Cañada,2704.0
02062,Povedilla,374.0
31138,Lacunza,1338.0
31147,Legarda,143.0
24105,Onzonilla,1974.0
50055,Borja,5202.0
42148,Quiñonería,10.0
31264,Zugarramurdi,213.0
09448,Villangómez,229.0
28059,Fuente el Saz de Jarama,7413.0
38044,El Tanque,2787.0
44017,Aliaga,344.0
31246,Uterga,177.0
31157,Lodosa,4964.0
31085,Echauri,671.0
42208,Villar del Campo,29.0
42140,Portillo de Soria,11.0
02061,Pétrola,660.0
02067,Riópar,1344.0
18903,Nevada,1086.0
18145,Ogíjares,15239.0
09434,Villagonzalo Pedernales,1903.0
45079,La Iglesuela del Tiétar,448.0
09197,Madrigalejo del Monte,160.0
13069,Puebla del Príncipe,648.0
09198,Mahamud,107.0
10073,Escurial,855.0
10117,Marchagaz,231.0
10033,Cabañas del Castillo,406.0
13065,Porzuna,3529.0
10129,Morcillo,378.0
10078,La Garganta,353.0
03113,Rojales,17652.0
40198,Sotillo,31.0
35008,Firgas,7728.0
42093,Fuentestrún,55.0
28162,Valdeolmos-Alalpardo,4626.0
16213,Torrubia del Castillo,42.0
09244,Padrones de Bureba,49.0
09211,Melgar de Fernamental,1496.0
06035,Castilblanco,820.0
23019,Campillo de Arenas,1711.0
47033,Canalejas de Peñafiel,248.0
28008,Aldea del Fresno,3503.0
03064,Dolores,8326.0
10179,Talaveruela de la Vera,303.0
23056,Lopera,3502.0
16212,Torrubia del Campo,312.0
16211,Torrejoncillo del Rey,341.0
42149,Los Rábanos,470.0
09421,La Vid y Barrios,237.0
31263,Zubieta,292.0
09275,Presencio,212.0
09103,Cilleruelo de Abajo,209.0
42131,Nolay,45.0
42065,Cirujales del Río,21.0
18150,Padul,9667.0
31226,Sumbilla,672.0
42080,Espeja de San Marcelino,160.0
48071,Musques,7465.0
45014,Añover de Tajo,5454.0
09196,Madrigal del Monte,141.0
10116,Malpartida de Plasencia,4666.0
42071,Cubo de la Solana,177.0
42116,Miño de San Esteban,43.0
18151,Pampaneira,312.0
12130,Villahermosa del Río,473.0
42052,Caracena,13.0
18146,Orce,1116.0
18149,Villa de Otura,7696.0
12061,Forcall,475.0
12125,Vall de Almonacid,284.0
42073,Cueva de Ágreda,67.0
42217,Vozmediano,29.0
28129,San Agustín del Guadalix,13825.0
28078,Madarcos,69.0
40176,Samboal,459.0
44256,Villanueva del Rebollar de la Sierra,49.0
38041,El Sauzal,9345.0
31231,Torres del Río,116.0
05126,Mesegar de Corneja,62.0
48052,Larrabezúa,2039.0
31030,Arellano,165.0
03066,Elda,55222.0
07059,Las Salinas,5248.0
34099,Manquillos,62.0
22086,Castiello de Jaca,280.0
06136,Usagre,1698.0
47016,Benafarces,68.0
31262,Zabalza,285.0
34132,Población de Campos,119.0
19086,Cifuentes,1731.0
28054,El Escorial,17171.0
42117,Molinos de Duero,162.0
09086,Castrillo del Val,858.0
10090,Guijo de Granadilla,497.0
44239,Valacloche,33.0
47178,Urueña,200.0
16065,Casas de los Pinos,374.0
38052,Vilaflor de Chasna,1930.0
41065,Morón de la Frontera,27210.0
16040,Buenache de la Sierra,112.0
05036,El Bohodón,104.0
05115,Maello,713.0
34047,Carrión de los Condes,1997.0
34199,Velilla del Río Carrión,1104.0
16103,Hontanaya,255.0
18143,Nigüelas,1229.0
02077,Villa de Ves,51.0
02079,Villamalea,4083.0
37131,Frades de la Sierra,163.0
02076,Vianos,317.0
18157,Pinos Genil,1642.0
18163,Pórtugos,372.0
42163,San Felices,55.0
42154,Renieblas,107.0
42194,Valdemaluque,139.0
38034,San Juan de la Rambla,4987.0
03124,Sella,621.0
22075,Camporrélls,153.0
07010,Buñola,7642.0
42185,Torreblacos,28.0
31191,Olite,4069.0
07008,Binisalem,9350.0
47161,Simancas,5533.0
35020,La Aldea de San Nicolás,7401.0
09178,Ibrillos,30.0
10124,Mohedas de Granadilla,817.0
09422,La Vid de Bureba,26.0
09406,Valdorros,377.0
10118,Mata de Alcántara,300.0
09030,Los Ausines,143.0
42123,Morón de Almazán,196.0
42211,Los Villares de Soria,72.0
50165,Mequinenza,2236.0
05043,Cabezas del Pozo,80.0
28159,Valdemaqueda,870.0
05246,Tórtoles de la Sierra,37.0
09202,Manciles,21.0
09135,Fuentebureba,58.0
10138,Pasarón de la Vera,588.0
09409,Valle de Manzanedo,115.0
42111,Matamala de Almazán,251.0
42141,La Póveda de Soria,108.0
42145,Quintanas de Gormaz,119.0
42100,Hinojosa del Campo,24.0
35030,Tuineje,16834.0
49219,Toro,8336.0
05139,Muñogrande,76.0
05188,Poveda,30.0
05171,Neila de San Miguel,66.0
22074,Campo,491.0
46105,Cullera,24702.0
05038,Bonilla de la Sierra,139.0
05035,Blascosancho,85.0
42167,Santa María de Huerta,239.0
42165,San Pedro Manrique,626.0
35023,Santa María de Guía de Gran Canaria,14311.0
35025,Tejeda,1806.0
10026,Belvís de Monroy,774.0
10013,La Aldea del Obispo,290.0
10112,Madrigalejo,1710.0
09248,Palazuelos de la Sierra,95.0
05152,Nava de Arévalo,647.0
05170,Navatejares,48.0
05154,Navadijos,29.0
19092,Cogolludo,574.0
14039,Luque,2796.0
19122,Fuentelsaz,82.0
40128,Migueláñez,136.0
06151,Villagonzalo,1226.0
31127,Irañeta,172.0
10012,Aldea del Cano,609.0
10125,Monroy,909.0
35013,Moya,8007.0
10165,Santa Ana,302.0
31055,Betelu,375.0
09270,Pinilla Trasmonte,152.0
05109,Langa,441.0
09265,Piérnigas,43.0
09105,Ciruelos de Cervera,90.0
42216,Vizmanos,31.0
40076,El Espinar,10409.0
37342,Valverdón,266.0
07062,Son Servera,12417.0
09032,Avellanosa de Muñó,95.0
45128,Pantoja,3536.0
42106,La Losilla,12.0
42157,La Riba de Escalote,9.0
42120,Montejo de Tiermes,134.0
42201,Velilla de la Sierra,26.0
07041,Petra,3231.0
18158,Pinos Puente,9807.0
07047,Sencelles,3973.0
22011,Albero Alto,123.0
07027,Inca,36262.0
07034,Mancor del Valle,1692.0
46013,Alboraya,26273.0
22251,Villanueva de Sigena,340.0
09215,Merindad de Sotoscueva,399.0
46256,Villamarchante,11403.0
50151,Luna,674.0
06004,Alange,1802.0
30023,Librilla,5854.0
42119,Monteagudo de las Vicarías,169.0
35011,Ingenio,32905.0
38051,La Victoria de Acentejo,9448.0
38046,Tegueste,11490.0
05183,Pedro-Rodríguez,131.0
05168,Las Navas del Marqués,5670.0
48066,Morga,416.0
10077,Garciaz,666.0
09164,Hontoria de Valdearados,152.0
47053,Cogeces de Íscar,143.0
47019,Berrueces,85.0
34215,Villalcázar de Sirga,160.0
46171,Moncada,22213.0
37252,Pinedas,88.0
22197,Robres,524.0
46177,Museros,6871.0
41904,El Palmar de Troya,2301.0
37148,Garcihernández,412.0
46070,Bétera,28560.0
30012,Bullas,12027.0
05196,Rivilla de Barajas,59.0
05148,Narros del Puerto,26.0
18154,La Peza,1104.0
31109,Galar,2427.0
31121,Guirguillano,75.0
31054,Bertizarana,668.0
09136,Fuentecén,246.0
07021,Estellenchs,369.0
07028,Lloret de Vista Alegre,1691.0
22124,Huerto,216.0
22076,Canal de Berdún,322.0
22089,Castillonroy,334.0
42076,Deza,162.0
09074,Cardeñajimeno,1185.0
09083,Castil de Peones,26.0
22220,Sesa,167.0
30028,Moratalla,7518.0
31068,Cascante,4231.0
35033,Vega de San Mateo,7899.0
35032,Valleseco,3775.0
09213,Merindad de Cuesta-Urria,263.0
09043,Los Barrios de Bureba,179.0
47139,Rueda,1118.0
22018,Alcubierre,401.0
45118,Novés,3564.0
31175,Mues,80.0
42183,Tejado,100.0
31025,Araquil,990.0
31115,Garralda,183.0
42155,Retortillo de Soria,126.0
42098,Herrera de Soria,12.0
24212,Villamañán,1084.0
09220,Miraveche,92.0
09131,Fresnillo de las Dueñas,703.0
24187,Valdevimbre,892.0
24227,Villaturiel,1812.0
05090,Gutierre-Muñoz,63.0
30035,San Javier,36524.0
22087,Castigaleu,80.0
37010,La Alberca,1034.0
09307,Redecilla del Camino,98.0
19182,La Mierla,44.0
19186,Mirabueno,86.0
19129,Gascueña de Bornova,22.0
19170,Maranchón,225.0
09191,Jurisdicción de Lara,39.0
24007,Arganza,800.0
18089,Guadix,18881.0
16205,Tejadillos,102.0
19146,La Huerce,52.0
19151,Humanes,1841.0
03054,Castell de Castells,443.0
12017,Ayódar,176.0
22024,Alquézar,328.0
37279,Sancti-Spíritus,713.0
05103,Hoyorredondo,57.0
05102,El Hoyo de Pinares,2179.0
05244,Tormellas,35.0
22106,Fago,24.0
03901,Els Poblets,2757.0
24122,Puente de Domingo Flórez,1348.0
09236,Olmillos de Muñó,38.0
09236000000,Olmillos de Muñó,38.0
47091,Monasterio de Vega,79.0
47048,Ceinos de Campos,172.0
47113,Pedrosa del Rey,147.0
16206,Tinajas,184.0
02073,Tarazona de la Mancha,6100.0
05234,Sigeres,41.0
05104,Hoyos del Collado,28.0
19052,La Bodera,19.0
19172,Masegoso de Tajuña,84.0
05066,Cuevas del Valle,506.0
05042,Cabezas de Alambre,152.0
19109,Embid,37.0
19147,Huérmeces del Cerro,43.0
19203,El Ordial,45.0
19115,Establés,35.0
19120,Fuentelahiguera de Albatages,121.0
19195,Morenilla,53.0
19222,El Pobo de Dueñas,102.0
34074,Frómista,727.0
34089,Itero de la Vega,147.0
24074,Fuentes de Carbajal,71.0
18152,Pedro Martínez,1166.0
18162,Polopos,1682.0
37283,Sando,111.0
49248,Villalobos,200.0
19189,Mohernando,190.0
19133,Heras de Ayuso,248.0
31232,Tudela,38903.0
09120,Encío,37.0
29016,Árchez,441.0
29011,Almogía,4269.0
16204,Tébar,300.0
02078,Villalgordo del Júcar,1159.0
31114,Garínoain,527.0
31253,Vidaurreta,181.0
12018,Azuébar,359.0
31044,Bacáicoa,342.0
37284,San Esteban de la Sierra,343.0
12025,Benafigos,121.0
03030,Benidoleig,1245.0
24164,Sena de Luna,373.0
45157,Santa Cruz del Retamar,4194.0
05181,Pascualcobo,38.0
05069,Donjimeno,69.0
19184,Millana,126.0
19187,Miralrío,56.0
19159,Ledanca,98.0
24180,Valdepolo,1177.0
09152,Gumiel de Mercado,376.0
09239,Oquillas,52.0
09177,Ibeas de Juarros,1492.0
13079,La Solana,15242.0
34237,Villaumbrales,627.0
34243,Villoldo,333.0
24130,Riaño,476.0
03003,Agres,623.0
03121,Santa Pola,39709.0
37166,Ituero de Azaba,189.0
09304,Rabé de las Calzadas,259.0
40156,Pedraza,335.0
10079,Garganta la Olla,874.0
18038,Campotéjar,1218.0
05217,San Miguel de Corneja,65.0
34245,Villota del Páramo,295.0
49168,Quintanilla del Monte,93.0
19079,Castilnuevo,8.0
19125,Gajanejos,51.0
37381,La Zarza de Pumareda,131.0
37250,Pereña de la Ribera,300.0
05063,Collado del Mirón,18.0
45001,Ajofrín,2379.0
45087,Madridejos,10088.0
47216,Villán de Tordesillas,122.0
47051,Ciguñuela,361.0
47046,Castroponce,128.0
05072,Espinosa de los Caballeros,104.0
05200,San Bartolomé de Corneja,32.0
30003,Águilas,37811.0
29012,Álora,13650.0
19067,El Cardoso de la Sierra,49.0
19119,Fuencemillán,81.0
19153,Iniéstola,19.0
19157,Jirueque,44.0
19196,Muduex,104.0
09356,Santibáñez del Val,64.0
24174,Urdiales del Páramo,445.0
47013,Barcial de la Loma,98.0
47191,Velliza,121.0
41039,Écija,39659.0
11015,Chiclana de la Frontera,90864.0
34012,Antigüedad,329.0
49272,Villaveza de Valverde,72.0
34240,Villerías de Campos,71.0
13072,Retuerta del Bullaque,854.0
45078,Huerta de Valdecarábanos,1836.0
23032,Espeluy,596.0
23042,Hinojares,335.0
41002,Alanís,1638.0
37113,El Cubo de Don Sancho,373.0
05107,Hurtumpascual,41.0
05240,Sotillo de la Adrada,5081.0
09149,Grisaleña,58.0
05081,Garganta del Villar,37.0
34233,Villasarracino,125.0
49259,Villanueva de las Peras,85.0
49189,San Justo,207.0
49243,Villaferrueña,105.0
30017,Cehegín,14506.0
47002,Aguasal,18.0
47024,Bolaños de Campos,244.0
47057,Cubillas de Santa Marta,394.0
23043,Hornos,561.0
23059,Marmolejo,6412.0
05208,San Esteban de Zapardiel,40.0
05134,Moraleja de Matacabras,55.0
13057,Montiel,1167.0
45197,Villasequilla,2673.0
45195,Villarrubia de Santiago,2583.0
45112,Los Navalmorales,2074.0
49173,Rábano de Aliste,313.0
49068,Ferreruela,409.0
34231,Villarrabé,170.0
05187,Piedralaves,2183.0
05206,San Esteban de los Patos,19.0
05088,Grandes y San Martín,34.0
31056,Biurrun-Olcoz,227.0
31046,Barbarin,46.0
31042,Azagra,3746.0
49107,Malva,92.0
31096,Espronceda,102.0
31187,Oiz,129.0
23099,Los Villares,6111.0
45123,Ontígola,5101.0
11013,Castellar de la Frontera,2984.0
23037,Génave,548.0
23051,Jamilena,3319.0
05198,Salvadiós,67.0
09238,Oña,938.0
45115,Noblejas,3998.0
45002,Alameda de la Sagra,4350.0
47195,Villabáñez,516.0
47188,Vega de Valdetronco,88.0
19089,Ciruelos del Pinar,23.0
19057,Bustares,62.0
47203,Villafrades de Campos,59.0
47062,Fombellida,169.0
19042,Arroyo de las Fraguas,32.0
19087,Cincovillas,20.0
19194,Moratilla de los Meleros,106.0
19183,Milmarcos,63.0
19088,Ciruelas,136.0
19226,Prádena de Atienza,45.0
19081,Cendejas de la Torre,23.0
05242,Tiñosillos,732.0
05096,La Hija de Dios,79.0
11037,Trebujena,6999.0
06019,Berlanga,2175.0
09091,Castrojeriz,794.0
24034,Camponaraya,4060.0
19143,Horche,3119.0
19145,Hortezuela de Océn,32.0
46081,Canals,13746.0
41053,Lebrija,27788.0
19243,Rueda de la Sierra,38.0
19233,Renera,100.0
31022,Aranaz,628.0
31018,Añorbe,622.0
21073,Villablanca,2939.0
47176,La Unión de Campos,210.0
34053,Castromocho,193.0
34037,Buenavista de Valdavia,290.0
28073,Humanes de Madrid,20500.0
19061,Campisábalos,72.0
19232,El Recuenco,80.0
05053,Casasola,67.0
10039,Cadalso,394.0
49064,Fariza,487.0
49241,Villaescusa,237.0
16176,Rada de Haro,49.0
46203,Puebla Larga,4665.0
40155,Palazuelos de Eresma,6107.0
49265,Villardiegua de la Ribera,106.0
19050,Barriopedro,26.0
19080,Cendejas de Enmedio,68.0
05238,Solosancho,750.0
05145,Narrillos del Rebollar,34.0
16172,Puebla de Almenara,294.0
05161,Navalperal de Pinares,840.0
50139,Letux,349.0
22248,Vicién,149.0
23055,Linares,55633.0
23048,Iznatoraf,874.0
31047,Bargota,237.0
05080,Gallegos de Sobrinos,42.0
05119,Manjabálago y Ortigosa de Rioalmar,22.0
12024,Benafer,168.0
31137,Beinza-Labayen,228.0
31039,Artazu,125.0
34045,Capillas,68.0
34038,Bustillo de la Vega,259.0
19090,Cobeta,100.0
19104,Chequilla,13.0
19248,San Andrés del Congosto,63.0
19258,Solanillos del Extremo,72.0
19240,Robledo de Corpes,39.0
19237,Rillo de Gallo,37.0
19091,Cogollor,19.0
19048,Baños de Tajo,13.0
19204,Orea,191.0
19212,Pastrana,971.0
19059,Campillo de Dueñas,71.0
19049,Bañuelos,10.0
19105,Chiloeches,4117.0
19249,San Andrés del Rey,35.0
19234,Retiendas,52.0
05143,Muñotello,50.0
05133,Monsalupe,64.0
12015,Argelita,139.0
31034,Arive,34.0
19211,Pareja,493.0
19254,Selas,33.0
03044,Bigastro,7537.0
31902,Berrioplano,7645.0
47104,Olmedo,3592.0
45067,Gálvez,3044.0
47004,Alaejos,1427.0
14055,Priego de Córdoba,21764.0
46213,Requena,20982.0
34035,Boadilla de Rioseco,95.0
34071,Espinosa de Villagonzalo,164.0
19239,Robledillo de Mohernando,200.0
19256,Sienes,38.0
01031,Laguardia,1459.0
30002,Abarán,13228.0
19255,Setiles,78.0
19073,Casas de San Galindo,24.0
09130,Fresneña,68.0
09224,Monasterio de Rodilla,171.0
16134,Motilla del Palancar,6432.0
45156,Santa Cruz de la Zarza,4180.0
03095,Ondara,7717.0
31256,Villanueva de Aézcoa,96.0
04092,Tíjola,3573.0
16278,Zafrilla,59.0
31032,Arguedas,2309.0
03029,Benichembla,590.0
19041,Armuña de Tajuña,280.0
19228,Puebla de Beleña,57.0
42190,Vadillo,81.0
19019,Alique,15.0
46238,Tabernes de Valldigna,17866.0
16062,Casas de Garcimolina,30.0
34062,Congosto de Valdavia,132.0
34077,Fuentes de Valdepero,489.0
49113,Matilla de Arzón,150.0
49220,La Torre del Valle,122.0
10031,Botija,184.0
31095,Esparza de Salazar,75.0
19060,Campillo de Ranas,150.0
19208,Pálmaces de Jadraque,54.0
23015,Bélmez de la Moraleda,1504.0
48011,Arrigorriaga,11939.0
31117,Goizueta,681.0
23098,Villardompardo,893.0
34059,Cisneros,426.0
34057,Cevico de la Torre,464.0
19216,Peralejos de las Truchas,148.0
19082,Centenera,158.0
19076,Castellar de la Muela,22.0
19199,Ocentejo,15.0
19231,Rebollosa de Jadraque,11.0
09361,Sargentes de la Lora,130.0
47105,Olmos de Esgueva,187.0
19217,Peralveche,52.0
19246,Saelices de la Sal,41.0
34061,Collazos de Boedo,89.0
34063,Cordovilla la Real,130.0
37026,Aldehuela de Yeltes,176.0
49121,Mombuey,395.0
09036,Bañuelos de Bureba,32.0
05049,Cardeñosa,430.0
19075,Castejón de Henares,62.0
19261,Sotodosos,30.0
19259,Somolinos,26.0
01058,Villarreal de Álava,2094.0
20029,Deva,5362.0
49059,Cuelgamures,77.0
49052,Coomonte,180.0
34036,Brañosera,253.0
34060,Cobos de Cerrato,129.0
49119,Molacillos,223.0
09172,Huérmeces,159.0
09173,Huerta de Arriba,121.0
49095,La Hiniesta,293.0
44102,Fonfría,35.0
34052,Castrillo de Villavega,167.0
04096,Urrácal,340.0
23001,Albanchez de Mágina,903.0
05079,Gallegos de Altamiros,61.0
04001,Abla,1268.0
18102,Íllora,9923.0
18147,Órgiva,5728.0
49026,Bretocino,192.0
09114,Cubillo del Campo,103.0
34041,Calahorra de Boedo,82.0
34072,Frechilla,138.0
19229,Puebla de Valles,59.0
19051,Berninches,51.0
19264,Taravilla,38.0
14031,Fuente-Tójar,666.0
38001,Adeje,50021.0
37245,Peñaparda,298.0
10154,Rebollar,203.0
10123,Mirabel,620.0
47173,Traspinedo,1308.0
19201,Olmeda de Cobeta,56.0
19106,Chillarón del Rey,76.0
49081,Fuentesaúco,1593.0
49014,Arquillinos,105.0
18119,Lecrín,2244.0
44164,Nogueras,36.0
19262,Tamajón,153.0
19252,Sayatón,64.0
16251,Villanueva de la Jara,2396.0
28171,Villa del Prado,7743.0
49005,Alfaraz de Sayago,120.0
49008,Almeida de Sayago,411.0
49018,Ayoó de Vidriales,264.0
19065,Cantalojas,121.0
19043,Atanzón,83.0
45013,Almorox,2569.0
31057,Buñuel,2318.0
23026,Castillo de Locubín,3805.0
04080,Santa Cruz de Marchena,236.0
22002,Abizanda,162.0
19055,Bujalaro,59.0
21078,Zalamea la Real,2968.0
05005,Albornos,170.0
10146,Pinofranqueado,1783.0
41086,San Juan de Aznalfarache,23408.0
31006,Ablitas,2657.0
10195,Trujillo,8611.0
23092,Úbeda,33588.0
18122,Loja,20951.0
19054,Budia,226.0
19282,Torremocha del Campo,193.0
04089,Taberno,955.0
23008,Arquillos,1682.0
34042,Calzada de los Molinos,305.0
47207,Villagarcía de Campos,297.0
47194,Viloria,338.0
47169,Torre de Esgueva,60.0
49027,Brime de Sog,114.0
37029,Anaya de Alba,190.0
46001,Ademuz,1015.0
38024,Los Llanos de Aridane,20582.0
21057,Paymogo,1132.0
29001,Alameda,5426.0
04090,Tahal,355.0
19024,Alovera,14526.0
37073,Calzada de Valdunciel,717.0
44120,Guadalaviar,238.0
45149,El Romeral,518.0
10119,Membrío,587.0
37285,San Felices de los Gallegos,355.0
49039,Casaseca de las Chanas,373.0
49101,Luelmo,148.0
16209,Torralba,107.0
10095,Herreruela,322.0
09314,Revilla del Campo,96.0
23020,Canena,1717.0
10072,Eljas,827.0
09353,Santa María Ribarredonda,97.0
09411,Valle de Oca,160.0
40204,Torrecilla del Pinar,188.0
40206,Torre Val de San Pedro,165.0
04081,Santa Fe de Mondújar,503.0
04091,Terque,393.0
47165,Tordesillas,8773.0
47131,Rábano,169.0
47134,Roales de Campos,155.0
45108,La Nava de Ricomalillo,514.0
46036,Alpuente,688.0
12103,Sarratella,113.0
12112,Todolella,136.0
37278,San Cristóbal de la Cuesta,1169.0
03127,Tárbena,662.0
46212,Real,2497.0
16203,Tarancón,16748.0
37297,Santibáñez de Béjar,448.0
37305,Sequeros,216.0
47205,Villafrechós,473.0
40205,Torreiglesias,257.0
40207,Trescasas,1130.0
47187,Vega de Ruiponce,81.0
19150,Hueva,113.0
47017,Bercero,170.0
40192,Sauquillo de Cabezas,135.0
40188,Santiuste de Pedraza,81.0
12108,Sueras,593.0
12107,Sot de Ferrer,492.0
22227,Tella-Sin,208.0
19251,Saúca,47.0
37301,Sardón de los Frailes,98.0
28153,Torremocha de Jarama,1157.0
28136,Santorcaz,1011.0
47166,Torrecilla de la Abadesa,237.0
12118,Torrechiva,106.0
09242,Padilla de Abajo,71.0
09904,Valle de las Navas,549.0
09902,Valle de Santibáñez,482.0
47076,Laguna de Duero,22965.0
46028,Algar de Palancia,565.0
34049,Castrejón de la Peña,322.0
34070,Espinosa de Cerrato,119.0
47073,Herrín de Campos,111.0
37360,Villar de Peralonso,212.0
37256,Poveda de las Cintas,197.0
47168,Torrecilla de la Torre,27.0
22230,Torla-Ordesa,342.0
16250,Villanueva de Guadamejud,59.0
16275,Vindel,19.0
40180,Sangarcía,281.0
40214,Valseca,208.0
09175,Humada,114.0
09250,Pampliega,281.0
40189,Santiuste de San Juan Bautista,534.0
40219,Vallelado,750.0
40199,Sotosalbos,132.0
44206,San Agustín,132.0
16277,Zafra de Záncara,92.0
37277,Salvatierra de Tormes,66.0
47213,Villalbarba,96.0
47097,Mota del Marqués,342.0
10104,Jaraíz de la Vera,6831.0
46021,Aldaya,34630.0
47094,Moral de la Reina,129.0
47087,Megeces,419.0
19066,Cañizar,78.0
19227,Prados Redondos,45.0
19070,Casa de Uceda,128.0
30039,Totana,33358.0
12102,Santa Magdalena de Pulpis,771.0
44209,Santa Eulalia del Campo,1004.0
23086,Torredelcampo,13888.0
30901,Santomera,16443.0
16271,Villarta,853.0
16228,Valdeolivas,206.0
37280,Sanchón de la Ribera,66.0
28146,Tielmes,2964.0
47204,Villafranca de Duero,247.0
47130,Quintanilla de Trigueros,100.0
09358,Santo Domingo de Silos,251.0
37306,Serradilla del Arroyo,239.0
45063,Espinoso del Rey,420.0
10200,Valdelacasa de Tajo,338.0
09115,Cubo de Bureba,102.0
19302,Valdegrudas,49.0
49221,Torregamones,225.0
49194,San Pedro de la Nave-Almendra,313.0
49193,San Pedro de Ceque,417.0
19267,Terzaga,24.0
19289,Traíd,18.0
34171,Santibáñez de la Peña,892.0
49208,San Vicente de la Cabeza,309.0
49191,San Miguel de la Ribera,244.0
49019,Barcial del Barco,254.0
23018,Cambil,2654.0
19230,Quer,1080.0
44263,Villastar,566.0
40072,Encinillas,358.0
40177,San Cristóbal de Cuéllar,161.0
19296,Utande,31.0
19303,Valdelcubo,42.0
19285,Torrubia,28.0
49123,Montamarta,549.0
49117,Micereces de Tera,404.0
49132,Moreruela de los Infanzones,318.0
40224,Ventosilla y Tejadilla,17.0
37260,Puebla de Yeltes,136.0
19284,Torremochuela,6.0
19299,Valdeavellano,101.0
09456,Villaquirán de los Infantes,154.0
09415,Valle de Valdelucio,342.0
40166,Remondo,329.0
40902,Cozuelos de Fuentidueña,102.0
40065,Chañe,739.0
47011,Ataquines,580.0
47074,Hornillos de Eresma,182.0
34010,Ampudia,588.0
49273,Viñas,148.0
45069,Gerindote,2828.0
10121,Miajadas,9396.0
34901,Osorno la Mayor,1180.0
47214,Villalón de Campos,1473.0
16173,El Valle de Altomira,191.0
16239,Vega del Codorno,141.0
09903,Villarcayo de Merindad de Castilla la Vieja,4103.0
03033,Benifato,162.0
40077,Espirdo,1613.0
40174,Sacramenia,324.0
19278,Torrecuadradilla,26.0
19300,Valdeaveruelo,1317.0
09306,Rebolledo de la Torre,100.0
09476,Villoruebo,62.0
19281,Torremocha de Jadraque,23.0
19272,Tordesilos,78.0
40904,Navas de Riofrío,430.0
16051,Cañaveruelas,110.0
12142,Zucaina,171.0
47118,Piñel de Abajo,165.0
34156,Riberos de la Cueza,52.0
34205,Villaconancio,48.0
34170,Santibáñez de Ecla,42.0
06001,Acedera,815.0
28131,San Lorenzo de El Escorial,18872.0
40052,Cedillo de la Torre,80.0
40074,Escarabajosa de Cabezas,269.0
40905,Cuevas de Provanco,131.0
40182,San Martín y Mudrián,263.0
34190,Valderrábano,47.0
34216,Villalcón,45.0
34224,Villamuera de la Cueza,36.0
34213,Villalaco,67.0
34168,Santa Cruz de Boedo,51.0
34161,San Cristóbal de Boedo,20.0
22020,Alfántega,125.0
34204,Villacidaler,44.0
22060,Binaced,1694.0
37333,Valdelacasa,187.0
47227,Villavellid,51.0
47126,Puras,44.0
37254,Pitiegua,173.0
22156,Monflorite-Lascasas,475.0
34029,Becerril de Campos,737.0
13081,Terrinches,574.0
13902,Ruidera,529.0
01053,San Millán,701.0
05264,Viñegra de Moraña,49.0
40225,Villacastín,1567.0
37355,Villanueva del Conde,172.0
19287,Tortuera,157.0
19279,Torre del Burgo,494.0
19301,Valdeconcha,42.0
47193,Viana de Cega,2282.0
34234,Villasila de Valdavia,64.0
22022,Almunia de San Juan,733.0
22903,San Miguel del Cinca,775.0
47020,Bobadilla del Campo,279.0
47189,Velascálvaro,156.0
23069,Porcuna,5936.0
47008,Almenara de Adaja,24.0
05261,Villar de Corneja,31.0
06092,Nogales,632.0
47064,Fontihoyuelo,29.0
44003,Aguatón,18.0
34006,Alba de Cerrato,80.0
49203,Santa María de la Vega,259.0
49251,Villalube,143.0
40164,Rapariegos,187.0
40078,Fresneda de Cuéllar,162.0
40173,Roda de Eresma,260.0
47192,Ventosa de la Cuesta,110.0
47135,Robladillo,86.0
14060,Santaella,4641.0
14009,Belmez,2833.0
47143,San Llorente,93.0
19323,Villaseca de Uceda,59.0
13075,San Lorenzo de Calatrava,189.0
14020,Conquista,367.0
41075,Pilas,14222.0
18086,Gorafe,368.0
31206,Puente la Reina,2972.0
47212,Villalba de los Alcores,383.0
47034,Canillas de Esgueva,71.0
19329,Yélamos de Abajo,57.0
19324,Villel de Mesa,163.0
34023,Venta de Baños,6372.0
22029,Antillón,127.0
05022,El Barraco,2086.0
24067,Encinedo,621.0
49205,Santibáñez de Tera,351.0
49016,Aspariegos,223.0
47211,Villalba de la Loma,56.0
47219,Villanueva de la Condesa,64.0
13095,Villar del Pozo,45.0
13055,Mestanza,634.0
22203,Salillas,94.0
47182,Valdestillas,1634.0
47154,Santibáñez de Valcorba,195.0
47167,Torrecilla de la Orden,226.0
24216,Villamontán de la Valduerna,678.0
09229,Nava de Roa,202.0
22151,Loscorrales,98.0
34184,Torremormojón,41.0
34069,Dueñas,2605.0
44005,Aguilar del Alfambra,82.0
37338,Valdunciel,125.0
37272,Saelices el Chico,175.0
47075,Íscar,6493.0
49056,Cubillos,294.0
34208,Villaeles de Valdavia,47.0
47190,Velilla,109.0
21077,Villarrasa,2103.0
21068,Santa Bárbara de Casa,1144.0
23052,Jimena,1219.0
23090,Cervo,1328.0
09396,Tubilla del Lago,164.0
49157,Pino del Oro,173.0
13041,Fontanarejo,223.0
13094,Villanueva de San Carlos,261.0
47148,San Pedro de Latarce,429.0
47078,Lomoviejo,155.0
47009,Amusquillo,95.0
37348,Ventosa del Río Almar,97.0
37363,Villares de Yeltes,102.0
14065,La Victoria,2320.0
14066,Villa del Río,6852.0
34179,Tabanera de Valdavia,20.0
34185,Triollo,73.0
34068,Dehesa de Romanos,39.0
47228,Villaverde de Medina,497.0
37382,Zorita de la Frontera,140.0
21032,Escacena del Campo,2327.0
29026,Benamargosa,1560.0
05060,Cisla,107.0
05073,Flores de Ávila,262.0
19270,Tordelrábano,8.0
19314,Viana de Jadraque,41.0
47077,Langayo,246.0
47123,Pozal de Gallinas,556.0
03071,Gata de Gorgos,6773.0
40168,Riaguas de San Bartolomé,28.0
06090,La Nava de Santiago,914.0
23041,Higuera de Calatrava,590.0
29080,Pizarra,10334.0
19318,Villanueva de Argecilla,30.0
19317,Villanueva de Alcorón,140.0
47047,Castroverde de Cerrato,192.0
47054,Cogeces del Monte,640.0
47049,Cervillego de la Cruz,87.0
47146,San Miguel del Pino,365.0
09134,Frías,258.0
09463,Villasur de Herreros,269.0
37343,Vallejera de Riofrío,67.0
37276,Salmoral,107.0
13073,Saceruela,520.0
13088,Valenzuela de Calatrava,638.0
13059,Navalpino,193.0
19306,Valderrebollo,25.0
19308,Valfermoso de Tajuña,77.0
47145,San Miguel del Arroyo,641.0
47043,Castromonte,319.0
47174,Trigueros del Valle,320.0
47150,San Román de Hornija,295.0
05903,Diego del Carpio,107.0
05064,Constanzana,104.0
49162,Porto,147.0
12131,Villamalur,99.0
13091,Villamayor de Calatrava,611.0
24225,Villasabariego,1155.0
24103,Oencia,267.0
34135,Pomar de Valdivia,488.0
47157,Sardón de Duero,600.0
10149,Plasenzuela,536.0
10136,Oliva de Plasencia,290.0
10028,Berrocalejo,120.0
03059,Crevillente,30921.0
13021,Arroba de los Montes,388.0
49183,Salce,83.0
49171,Quiruelas de Vidriales,615.0
47069,Gallegos de Hornija,104.0
47124,Pozaldez,503.0
47160,Siete Iglesias de Trabancos,413.0
47029,Cabreros del Monte,64.0
49209,San Vitero,419.0
49170,Quintanilla de Urz,98.0
20058,Olaberría,938.0
20057,Motiloa,261.0
06032,El Carrascalejo,80.0
41043,El Garrobo,800.0
05076,El Fresno,579.0
10170,Santiago del Campo,250.0
10163,Salvatierra de Santiago,229.0
20032,Elgóibar,11705.0
20027,Cestona,3933.0
13080,Solana del Pino,333.0
13067,Los Pozuelos de Calatrava,326.0
40229,Villaverde de Montejo,22.0
34241,Villodre,22.0
47184,Valoria la Buena,740.0
47026,Bustillo de Chaves,66.0
34124,Payo de Ojeda,59.0
19247,Salmerón,147.0
37255,Pizarral,70.0
37337,Valderrodrigo,129.0
10094,Herrera de Alcántara,225.0
06140,Valencia del Mombuey,703.0
47102,Nueva Villa de las Torres,265.0
47060,Encinas de Esgueva,214.0
19334,Zarzuela de Jadraque,49.0
13062,Picón,690.0
10141,Peraleda de San Román,268.0
10168,Santa Marta de Magasca,291.0
49186,San Cebrián de Castro,250.0
37314,Tabera de Abajo,97.0
20056,Motrico,5238.0
20028,Cizúrquil,2976.0
10197,Valdecañas de Tajo,96.0
31132,Izagaondoa,153.0
16270,Villarrubio,211.0
12095,Ribesalbes,1191.0
19214,Peñalén,72.0
19250,Santiuste,15.0
14062,Torrecampo,992.0
14064,Valsequillo,351.0
19335,Zorita de los Canes,72.0
13029,Cañada de Calatrava,99.0
49252,Villamayor de Campos,330.0
49226,Vadillo de la Guareña,240.0
20043,Idiazábal,2217.0
20014,Asteasu,1566.0
49216,Tapioles,128.0
49199,Santa Colomba de las Monjas,236.0
49231,Vega de Tera,265.0
47067,Fuente el Sol,150.0
47056,Corrales de Duero,104.0
03101,Pedreguer,8849.0
03130,Tollos,32.0
14010,Benamejí,4895.0
09095,Celada del Camino,91.0
47042,Castromembibre,49.0
34066,Cubillas de Cerrato,60.0
49229,Valdescorriel,131.0
49201,Santa Croya de Tera,253.0
47125,Pozuelo de la Orden,56.0
34039,Bustillo del Páramo de Carrión,58.0
34025,Bárcena de Campos,53.0
47196,Villabaruz de Campos,31.0
47208,Villagómez la Nueva,46.0
03049,Callosa de Segura,19988.0
19263,Taragudo,45.0
16249,Villamayor de Santiago,2336.0
19305,Valdepeñas de la Sierra,151.0
37264,Puerto Seguro,52.0
37361,Villar de Samaniego,79.0
49184,Samir de los Caños,158.0
37321,Tenebrón,123.0
47210,Villalar de los Comuneros,469.0
19260,El Sotillo,28.0
44213,Singra,76.0
03046,Busot,3782.0
45033,El Campillo de la Jara,326.0
48005,Aracaldo,156.0
47041,Castrodeza,148.0
19160,Loranca de Tajuña,1624.0
50132,La Joyosa,1156.0
28176,Villanueva de la Cañada,24028.0
10166,Santa Cruz de la Sierra,317.0
20015,Atáun,1714.0
05045,Cabizuela,89.0
05037,Bohoyo,205.0
05044,Cabezas del Villar,217.0
05033,Blascomillán,169.0
05048,Cantiveros,102.0
47103,Olivares de Duero,328.0
47229,Villavicencio de los Caballeros,215.0
47226,Villavaquerín,155.0
47222,Villanueva de San Mancio,96.0
47110,La Parrilla,471.0
46080,Camporrobles,1183.0
47197,Villabrágima,1075.0
07065,Villafranca de Bonany,3929.0
14012,Bujalance,7065.0
47224,Villarmentero de Esgueva,99.0
47119,Piñel de Arriba,81.0
49167,Pueblica de Valverde,172.0
49185,San Agustín del Pozo,163.0
49239,Villabuena del Puente,574.0
20078,Zaldivia,1761.0
20042,Ibarra,4114.0
49159,Pobladura del Valle,269.0
49240,Villadepera,165.0
49268,Villarrín de Campos,387.0
34163,San Mamés de Campos,44.0
34101,Marcilla de Campos,60.0
14027,Fernán Núñez,9670.0
24228,Villazala,560.0
47070,Gatón de Campos,46.0
34032,Berzosilla,45.0
10056,Casas de Millán,536.0
10083,Garvín,101.0
13006,Alcoba de los Montes,558.0
02074,Tobarra,8006.0
02050,Montalvos,74.0
10158,Robledillo de Trujillo,394.0
09090,Castrillo Mota de Judíos,48.0
37130,Forfoleda,207.0
29007,Alhaurín de la Torre,45066.0
49118,Milles de la Polvorosa,206.0
24066,Destriana,422.0
24210,Villagatón,611.0
29092,Totalán,797.0
46184,Onteniente,37012.0
19176,Mazuecos,267.0
37345,Vega de Tirados,139.0
44212,Seno,39.0
47117,Piña de Esgueva,313.0
47183,Valdunquillo,111.0
34152,Revenga de Campos,127.0
47006,Aldea de San Miguel,212.0
31067,Carcastillo,2408.0
37024,Aldeavieja de Tormes,100.0
40148,Nieva,256.0
31076,Cendea de Cizur,3949.0
46113,Daimuz,3524.0
20026,Ceráin,284.0
10059,Casillas de Coria,354.0
34081,Guaza de Campos,57.0
34113,Olea de Boedo,38.0
05026,Bercial de Zapardiel,166.0
06013,Atalaya,258.0
11902,San José del Valle,4419.0
14061,Santa Eufemia,685.0
37177,El Maíllo,282.0
37012,Alconada,130.0
37030,Añover de Tormes,84.0
09405,Valdezate,115.0
09394,Trespaderne,721.0
24016,Benuza,457.0
49172,Rabanales,497.0
41010,Almensilla,6646.0
02040,Hoya-Gonzalo,582.0
31165,Mendavia,3588.0
16185,Saceda-Trasierra,33.0
28001,La Acebeda,70.0
09485,Zuñeda,58.0
29018,Ardales,2524.0
49175,Revellinos,223.0
49266,Villárdiga,60.0
49230,Vallesa de la Guareña,67.0
16188,Salmeroncillos,106.0
10214,Villar de Plasencia,224.0
47215,Villamuriel de Campos,55.0
47156,San Vicente del Palacio,155.0
19241,Romanillos de Atienza,37.0
50068,Calatorao,2970.0
41001,Aguadulce,2109.0
02060,Peñas de San Pedro,1488.0
19321,Villares de Jadraque,39.0
10093,Hernán-Pérez,401.0
04097,Velefique,230.0
10167,Santa Cruz de Paniagua,286.0
01003,Aramayona,1354.0
24901,Villamanín,863.0
40143,Navares de Enmedio,90.0
16266,Villarejo-Periesteban,375.0
50136,Lécera,578.0
34169,Santervás de la Vega,392.0
09403,Valdeande,103.0
24069,Escobar de Campos,32.0
37378,Zamarra,70.0
49188,San Esteban del Molar,117.0
45152,San Martín de Pusa,623.0
13096,Villarrubia de los Ojos,9512.0
19148,Huertahernando,51.0
46174,Montesa,1128.0
10191,Torremenga,620.0
13097,Villarta de San Juan,2681.0
19325,Viñuelas,181.0
19290,Trijueque,1737.0
47081,Marzales,45.0
37370,Villaseco de los Reyes,296.0
50185,Murillo de Gállego,194.0
38018,La Guancha,5667.0
37205,Morille,221.0
37201,Montemayor del Río,245.0
37194,Mogarraz,236.0
49192,San Miguel del Valle,123.0
37259,Puebla de San Medel,32.0
28096,Navalcarnero,33331.0
02063,Pozohondo,1544.0
06159,Zahínos,2766.0
13090,Villamanrique,1050.0
16159,Pinarejo,172.0
21020,Cañaveral de León,389.0
10052,Casas de Don Antonio,167.0
10081,Gargüera de la Vera,187.0
49002,Abezames,58.0
29004,Alfarnatejo,358.0
29031,El Burgo,1761.0
29045,Cómpeta,3824.0
12031,Borriol,6018.0
44208,Santa Cruz de Nogueras,24.0
50094,Daroca,1899.0
16186,Saelices,475.0
10034,Cabezabellosa,317.0
16020,Arandilla del Arroyo,14.0
16074,La Cierva,39.0
45170,Torrecilla de la Jara,227.0
45127,Palomeque,1213.0
07051,San Lorenzo del Cardezar,9231.0
10201,Valdemorales,218.0
23085,Torreblascopedro,2382.0
16190,San Clemente,6797.0
12016,Artana,1993.0
49233,Vegalatrave,79.0
16195,Santa María del Campo Rus,527.0
16191,San Lorenzo de la Parrilla,1119.0
19309,Valhermoso,15.0
10213,Villar del Pedroso,547.0
07054,Santa Eulalia del Río,42479.0
07038,Montuiri,3289.0
03093,Novelda,26606.0
45106,Mora,10064.0
44227,Torre los Negros,77.0
45009,Aldeanueva de Barbarroya,456.0
45072,Las Herencias,821.0
29097,Villanueva del Trabuco,5521.0
29081,Pujerra,285.0
09455,Villaquirán de la Puebla,45.0
45129,Paredes de Escalona,133.0
23053,Jódar,11285.0
29019,Arenas,1291.0
37273,La Sagrada,78.0
37346,Las Veguillas,275.0
28032,Camarma de Esteruelas,8331.0
28027,Buitrago del Lozoya,2034.0
45008,Aldea en Cabo,184.0
28180,Villarejo de Salvanés,8042.0
07045,Puigpuñent,2049.0
07050,San Juan Bautista,7046.0
37128,Espino de la Orbada,238.0
37266,La Redonda,61.0
37191,El Milano,88.0
37327,Torresmenudas,192.0
37195,Molinillo,43.0
38025,La Matanza de Acentejo,9089.0
18067,Diezma,829.0
16279,Zarza de Tajo,320.0
16025,Arrancacepas,14.0
16119,Leganiel,223.0
31088,Valle de Elorz,8486.0
28093,Navacerrada,3311.0
16244,Villagarcía del Llano,763.0
28137,Los Santos de la Humosa,2867.0
28031,Cadalso de los Vidrios,3372.0
45030,La Calzada de Oropesa,514.0
41027,Castilblanco de los Arroyos,5145.0
07902,Es Migjorn Gran,1765.0
35021,Santa Brígida,18766.0
38020,Güímar,22009.0
07023,Ferrerías,5170.0
50148,Luesia,332.0
03097,Orba,2399.0
09025,Arija,115.0
09060,Busto de Bureba,140.0
23096,Villanueva de la Reina,2941.0
23070,Pozo Alcón,4514.0
29060,Igualeja,733.0
09267,Pineda Trasmonte,95.0
09262,Peral de Arlanza,169.0
34001,Abarca de Campos,38.0
09225,Moncalvillo,77.0
19165,Majaelrayo,60.0
29003,Alfarnate,1034.0
29073,Monda,2984.0
16253,Villar de Cañas,389.0
22016,Alcampell,650.0
20012,Arama,173.0
20020,Beizama,128.0
07053,Santa Eugenia,1902.0
10070,Deleitosa,681.0
45060,Erustes,220.0
10187,Torre de Don Miguel,481.0
50060,Bulbuente,250.0
03094,La Nucía,19121.0
22099,Esplús,676.0
07057,Santañí,13067.0
07048,San José,29761.0
22167,Osso de Cinca,644.0
46032,Almácera,7887.0
31070,Castejón,4725.0
45117,Nombela,904.0
10134,Navezuelas,668.0
44153,Monreal del Campo,2578.0
13058,Moral de Calatrava,5184.0
19219,Pinilla de Molina,13.0
03041,Benisa,12471.0
44182,Perales del Alfambra,293.0
07055,Santa Margarita,14056.0
07044,La Puebla,14990.0
16118,Ledaña,1552.0
16115,Laguna del Marquesado,54.0
20003,Aizarnazábal,822.0
20011,Antzuola,2045.0
24087,Laguna Dalga,608.0
22234,Torrente de Cinca,1037.0
23101,Villarrodrigo,371.0
45119,Numancia de la Sagra,5674.0
13098,Viso del Marqués,2091.0
20023,Berrobi,551.0
49003,Alcañices,1062.0
29014,Alpandeire,242.0
19901,Semillas,25.0
37294,Santa Marta de Tormes,14976.0
40138,Nava de la Asunción,2806.0
46022,Alfafar,22270.0
10120,Mesas de Ibor,146.0
09200,Mambrillas de Lara,54.0
09192,Jurisdicción de San Zadornil,62.0
09119,Cuevas de San Clemente,52.0
16238,Vara de Rey,466.0
22072,Caldearenas,220.0
45116,Noez,1058.0
09108,Cogollos,687.0
09100,Cerratón de Juarros,42.0
09139,Fuentemolinos,89.0
09160,Hontangas,92.0
07058,Selva,4326.0
07052,San Luis,7312.0
09277,Puentedura,117.0
19102,El Cubillo de Uceda,120.0
22170,Panticosa,910.0
22181,Piracés,92.0
22162,Novales,154.0
22155,Monesma y Cajigar,68.0
29027,Benamocarra,3200.0
29020,Arriate,4049.0
46007,Albal,17365.0
16116,Lagunaseca,50.0
13033,Castellar de Santiago,1714.0
44191,La Puebla de Híjar,935.0
19181,Miedes de Atienza,60.0
13035,Corral de Calatrava,1154.0
19124,Fuentenovilla,621.0
10153,Puerto de Santa Cruz,268.0
10137,Palomero,450.0
23046,Ibros,2773.0
23097,Villanueva del Arzobispo,7703.0
45183,Las Ventas de Retamosa,4206.0
44141,Lledó,150.0
45043,Castillo de Bayuela,889.0
45003,Albarreal de Tajo,804.0
13012,Almadenejos,384.0
45039,Carriches,260.0
20068,Salinas de Léniz,205.0
20053,Lezo,6184.0
23057,Lupión,801.0
23075,Sabiote,3742.0
19169,Mantiel,28.0
19218,Pinilla de Jadraque,47.0
37007,Alaraz,444.0
37058,Brincones,56.0
16910,Villar y Velasco,91.0
45026,Cabañas de Yepes,316.0
13008,Alcubillas,417.0
37014,Aldeadávila de la Ribera,1094.0
50073,Cariñena,3530.0
03120,San Miguel de Salinas,7177.0
41037,Los Corrales,4021.0
05092,Hernansancho,140.0
05245,Tornadizos de Ávila,458.0
45040,El Casar de Escalona,2280.0
45120,Nuño Gómez,178.0
23904,Santiago-Pontones,2629.0
09084,Castrillo de la Reina,159.0
10192,Torremocha,742.0
10114,Majadas de Tiétar,1281.0
22209,Santa Cruz de la Serós,193.0
03075,Guadalest,284.0
16225,Valdemorillo de la Sierra,49.0
22163,Nueno,568.0
19293,Uceda,3400.0
10002,Abertura,362.0
10003,Acebo,567.0
49145,Pedralba de la Pradería,198.0
20061,Orio,6184.0
19224,Pozo de Almoguera,110.0
46029,Algemesí,28306.0
31075,Ciriza,170.0
31103,Ezprogui,48.0
22187,La Puebla de Castro,430.0
22236,Torres de Barbués,271.0
09141,Fuentespina,833.0
09102,Cillaperlata,31.0
37101,Cerralbo,105.0
05065,Crespos,463.0
09127,Fontioso,52.0
09365,La Sequera de Haza,28.0
09168,La Horra,295.0
09104,Cilleruelo de Arriba,52.0
45007,Alcolea de Tajo,839.0
13050,Las Labores,550.0
45103,Mohedas de la Jara,384.0
45131,Pelahustán,335.0
23044,Huelma,5485.0
13025,Cabezarados,279.0
45100,Mesegar de Tajo,199.0
20065,Placencia de las Armas,3857.0
20037,Gaínza,122.0
09076,Carrias,26.0
05059,Cillán,84.0
31087,Elgorriaga,210.0
31065,Caparroso,2882.0
20907,Gaztelu,171.0
31094,Eslava,97.0
31101,Ezcabarte,1901.0
09170,Hoyales de Roa,208.0
41019,Burguillos,7448.0
23081,Segura de la Sierra,1711.0
23065,Orcera,1715.0
19142,Hontoba,475.0
10101,Huélaga,203.0
31080,Dicastillo,562.0
31086,Valle de Egüés,22825.0
23093,Valdepeñas de Jaén,3469.0
31122,Huarte,7900.0
31189,Olazagutía,1444.0
20072,Urnieta,6327.0
20054,Lizarza,672.0
09093,Cayuela,186.0
44149,Mirambel,110.0
45148,Robledo del Mazo,249.0
45005,Alcañizo,259.0
20073,Usúrbil,6488.0
01046,Ribera Alta,839.0
21052,Nerva,5087.0
21018,El Campillo,2003.0
09221,Modúbar de la Emparedada,773.0
09174,Huerta de Rey,889.0
10183,Tornavacas,989.0
10045,Cañaveral,995.0
09067,Canicosa de la Sierra,410.0
05180,El Parral,64.0
31171,Miranda de Arga,903.0
19058,Cabanillas del Campo,11572.0
09062,Cabezón de la Sierra,33.0
09061,Cabañes de Esgueva,145.0
05237,Solana de Rioalmar,141.0
05236,Solana de Ávila,95.0
45164,Sotillo de las Palomas,184.0
45027,Cabezamesada,343.0
41072,Pedrera,5057.0
10084,Gata,1335.0
09077,Cascajares de Bureba,25.0
40040,Cantalejo,3619.0
37322,Terradillos,3314.0
10015,Aldeanueva del Camino,696.0
10030,Bohonal de Ibor,488.0
20905,Orendáin,245.0
20034,Escoriaza,4215.0
46005,Alacuás,30166.0
16174,Puebla del Salvador,190.0
37115,Dios le Guarde,116.0
37144,Galisancho,320.0
45073,Herreruela de Oropesa,323.0
45084,Lillo,2519.0
10215,Villasbuenas de Gata,481.0
10208,Villa del Rey,118.0
05243,Tolbaños,87.0
05235,Sinlabajos,134.0
37002,Agallas,122.0
37001,Abusejo,148.0
10107,Jerte,1189.0
10005,Aceituna,569.0
09079,Castellanos de Castro,48.0
02041,Jorquera,356.0
09066,Campolara,46.0
09078,Cascajares de la Sierra,25.0
40004,Aguilafuente,564.0
45075,Hontanar,139.0
13014,Almedina,475.0
46034,Almoines,2664.0
40016,Aldeonte,55.0
40029,Bercimuel,34.0
40014,Aldehorno,64.0
37302,Saucelle,242.0
22242,Valfarta,54.0
45184,Las Ventas de San Julián,239.0
09363,Sasamón,898.0
41030,Castilleja del Campo,611.0
03132,Torremanzanas,749.0
19071,El Casar,13962.0
24086,Joarilla de las Matas,241.0
09232,Neila,113.0
31100,Eulate,278.0
31104,Falces,2389.0
10029,Berzocana,375.0
50023,Almonacid de la Cuba,220.0
09073,Cardeñadijo,1445.0
09088,Castrillo de Riopisuerga,56.0
31252,Vidángoz,74.0
19121,Fuentelencina,324.0
19319,Villanueva de la Torre,6666.0
45035,Cardiel de los Montes,406.0
14057,La Rambla,7412.0
41047,Gines,13634.0
05225,Santa María del Berrocal,372.0
41040,Espartinas,16479.0
09179,Iglesiarrubia,45.0
16170,Priego,912.0
03026,Beniarbeig,2499.0
23072,La Puerta de Segura,2223.0
13064,Poblete,2998.0
09218,Milagros,409.0
09276,La Puebla de Arganzón,565.0
02032,Fuensanta,282.0
12004,Alcalá de Chivert,7349.0
37204,Morasverdes,230.0
09125,Estépar,646.0
09230,Navas de Bureba,24.0
24194,Vegacervera,246.0
50134,Langa del Castillo,110.0
05221,Santa Cruz del Valle,295.0
10057,Casas de Miravete,106.0
05256,Villaflor,100.0
41058,Mairena del Alcor,24339.0
09389,Torrepadre,68.0
23047,La Iruela,1819.0
23030,Chilluévar,1309.0
41044,Gelves,10548.0
45163,Sonseca,11452.0
09085,Castrillo de la Vega,626.0
41028,Castilleja de Guzmán,2843.0
24176,Valdefuentes del Páramo,304.0
12026,Benasal,1048.0
12105,Sierra Engarcerán,1039.0
13092,Villanueva de la Fuente,1831.0
45077,Huecas,890.0
45194,Villarejo de Montalbán,83.0
23063,Navas de San Juan,4345.0
03089,Monóvar,13116.0
09122,Espinosa de Cervera,81.0
09398,Úrbel del Castillo,53.0
45074,Hinojosa de San Vicente,363.0
09440,Villalbilla de Gumiel,73.0
45204,Yunclillos,819.0
24161,Santiago Millas,350.0
24173,Turcia,974.0
50013,Alcalá de Ebro,244.0
50263,Torrijo de la Cañada,187.0
49022,Benegiles,266.0
10204,Valverde de la Vera,428.0
45162,Sevilleja de la Jara,635.0
10177,Sierra de Fuentes,2081.0
41015,Benacazón,7363.0
09369,Sotillo de la Ribera,468.0
23038,La Guardia de Jaén,5212.0
23061,Mengíbar,10250.0
37138,Fuenterroble de Salvatierra,260.0
40003,Adrados,113.0
24199,Vegaquemada,418.0
24113,Pobladura de Pelayo García,364.0
13085,Torrenueva,2645.0
50038,Ateca,1785.0
40013,Aldeasoña,61.0
37028,Almendra,129.0
09386,Torrecilla del Monte,79.0
50189,Nonaspe,997.0
45010,Aldeanueva de San Bartolomé,404.0
24039,Carrizo de la Ribera,2242.0
24191,Vallecillo,99.0
13044,Fuente el Fresno,3011.0
13036,Los Cortijos,848.0
10091,Guijo de Santa Bárbara,386.0
09217,Merindad de Valdivielso,384.0
09148,Grijalba,114.0
50293,Villarroya de la Sierra,397.0
12117,Torreblanca,5744.0
12005,Alcora,10664.0
24141,San Adrián del Valle,82.0
41067,Olivares,9537.0
10186,Torrecillas de la Tiesa,1038.0
50286,Villalba de Perejil,86.0
50244,Sierra de Luna,269.0
24120,Prioro,340.0
24177,Valdelugueros,484.0
24160,Santas Martas,763.0
50262,Torres de Berrellén,1515.0
04085,Somontín,497.0
04084,Sierro,364.0
45038,Carranque,5469.0
31021,Aranarache,70.0
31031,Areso,260.0
31005,Aberin,410.0
04082,Senés,279.0
50020,Alhama de Aragón,917.0
13043,Fuenllana,189.0
13054,Membrilla,5793.0
19162,Luzaga,65.0
24116,Posada de Valdeón,392.0
10164,San Martín de Trevejo,693.0
45167,El Toboso,1702.0
50290,Villanueva de Huerva,360.0
50278,Velilla de Ebro,208.0
12039,Castellnovo,912.0
31001,Abáigar,74.0
24182,Valderrey,424.0
12071,Jérica,1764.0
14016,Cardeña,1387.0
12121,Traiguera,1302.0
12097,Sacañet,67.0
12106,Soneja,1521.0
05055,Casillas,673.0
05127,Mijares,718.0
50284,Villafeliche,163.0
50116,Fuentes de Jiloca,209.0
23064,Noalejo,1721.0
18108,Jérez del Marquesado,955.0
12010,Almedíjar,288.0
31008,Aguilar de Codés,74.0
21036,La Granada de Riotinto,235.0
37313,Sotoserrano,498.0
37296,Santiago de la Puebla,280.0
31045,Barásoain,601.0
31043,Azuelo,29.0
31903,Berriozar,11361.0
12043,Caudiel,735.0
31014,Ancín,363.0
31027,Arbizu,1107.0
05249,Umbrías,100.0
05232,La Serrada,132.0
45090,Manzaneque,407.0
45147,Rielves,900.0
45203,Yuncler,5275.0
45142,Quintanar de la Orden,11355.0
10219,Zorita,1223.0
45113,Los Navalucillos,1889.0
16274,Víllora,120.0
16247,Villalgordo del Marquesado,59.0
45019,Bargas,11274.0
45034,Camuñas,1742.0
05227,Santa María del Tiétar,582.0
12049,Costur,511.0
31038,Artajona,1783.0
31040,Atez,227.0
31026,Aras,150.0
31053,Berbinzana,670.0
31048,Barillas,240.0
12012,Altura,3849.0
21051,La Nava,271.0
09433,Villagalijo,52.0
09327,Rublacedo de Abajo,37.0
16902,Valdetórtola,115.0
16234,Valsalobre,17.0
21015,Cabezas Rubias,694.0
06073,Llera,781.0
13030,Caracuel de Calatrava,140.0
31011,Allín,881.0
12029,Benlloc,1143.0
09423,Vileña,23.0
09317,Rezmondo,18.0
30001,Abanilla,6256.0
12034,Cálig,2042.0
45052,Cobisa,4550.0
45006,Alcaudete de la Jara,1720.0
13032,Carrizosa,1097.0
31037,Arruazu,121.0
31036,Arróniz,1064.0
23088,Torreperogil,7107.0
10199,Valdehúncar,188.0
45196,Villaseca de la Sagra,1910.0
12001,Adzaneta,1284.0
21028,Cumbres de San Bartolomé,354.0
45185,Villacañas,9411.0
28041,Cobeña,7670.0
44243,Valdecuenca,33.0
16245,Villalba de la Sierra,569.0
37380,Zarapicos,50.0
44183,Pitarque,62.0
05083,Gemuño,147.0
34098,Magaz de Pisuerga,1065.0
06122,Los Santos de Maimona,8088.0
06017,Baterno,231.0
06154,Villanueva del Fresno,3247.0
45070,Guadamur,1796.0
16273,Villaverde y Pasaconsol,318.0
12139,Vistabella del Maestrazgo,354.0
09432,Villafruela,140.0
09458,Villariezo,731.0
16264,Villarejo de Fuentes,387.0
16237,Valverdejo,86.0
16254,Villar de Domingo García,217.0
06059,Granja de Torrehermosa,1913.0
50114,Fuendetodos,130.0
12123,Vallat,66.0
12092,Puebla de Arenoso,169.0
06156,Villar de Rena,1326.0
45088,Magán,4384.0
06152,Villalba de los Barros,1429.0
45021,Borox,4306.0
12008,Algimia de Almonacid,254.0
18123,Lugros,306.0
12115,El Toro,256.0
09451,Villanueva de Gumiel,281.0
09466,Villaverde del Monte,112.0
09429,Villaescusa la Sombría,61.0
09471,Villayerno Morquillas,208.0
09473,Villegas,83.0
31012,Allo,1028.0
31010,Alsasua,7717.0
37270,Robliza de Cojos,185.0
37367,Villasbuenas,158.0
31052,Belascoáin,124.0
12059,Fanzara,295.0
22007,Albalate de Cinca,1080.0
16243,Villaescusa de Haro,480.0
16259,Villar del Infantado,34.0
45041,Casarrubios del Monte,7424.0
45020,Belvís de la Jara,1475.0
31009,Aibar,754.0
12042,Catí,719.0
21024,Corteconcepción,581.0
21039,Hinojales,314.0
02036,Golosalvo,79.0
01017,Campezo,1073.0
10209,Villamesías,271.0
13045,Granátula de Calatrava,683.0
13049,Horcajo de los Montes,798.0
35015,Pájara,21570.0
48062,Mendata,382.0
12134,Villar de Canes,156.0
16258,Villar del Humo,182.0
06150,Villagarcía de la Torre,909.0
45133,Polán,3941.0
14043,Montoro,9004.0
11002,Alcalá del Valle,4864.0
49007,Almaraz de Duero,386.0
49010,Arcenillas,450.0
01011,Baños de Ebro,286.0
01021,Elburgo,642.0
05093,Herradón de Pinares,526.0
09001,Abajas,28.0
45080,Illán de Vacas,8.0
05021,El Barco de Ávila,2308.0
45135,La Puebla de Almoradiel,4950.0
11024,Olvera,7842.0
31017,Anué,501.0
31163,Marcilla,2938.0
06089,La Morera,698.0
50259,Torrehermosa,69.0
48026,Dima,1531.0
21045,Linares de la Sierra,279.0
49036,Carbajales de Alba,463.0
29058,Guaro,2638.0
22044,Bailo,265.0
12077,Moncófar,8339.0
14049,Palma del Río,20438.0
06107,Puebla de Obando,1809.0
09182,Itero del Castillo,74.0
28035,Carabaña,2451.0
18039,Caniles,3929.0
18059,Chauchina,5817.0
34137,Pozo de Urama,21.0
37335,Valdelosa,386.0
16227,Valdemoro-Sierra,96.0
12137,Villores,51.0
16265,Villarejo de la Peñuela,16.0
06076,Maguilla,919.0
06086,Montemolín,1231.0
13053,Manzanares,17728.0
09151,Gumiel de Izán,587.0
37067,Cabrerizos,4218.0
16236,Valverde de Júcar,1118.0
12127,Vallibona,63.0
18062,Churriana de la Vega,16878.0
18114,La Calahorra,680.0
01030,Lagrán,177.0
01056,Valle de Arana,212.0
16272,Villas de la Ventosa,225.0
16269,Villares del Saz,499.0
18053,Cortes de Baza,1769.0
18061,Chimeneas,1265.0
20074,Vergara,14404.0
37172,Linares de Riofrío,924.0
37004,Ahigal de Villarino,30.0
31002,Abárzuza,510.0
31023,Aranguren,13216.0
18051,Colomera,1278.0
18049,Cogollos de Guadix,614.0
30040,Ulea,926.0
16216,Tresjuncos,258.0
21011,Beas,4414.0
23021,Carboneros,624.0
21022,Castaño del Robledo,217.0
21003,El Almendro,862.0
21048,Los Marines,436.0
18050,Cogollos Vega,2119.0
06125,Siruela,1766.0
06115,La Roca de la Sierra,1454.0
46016,Alcántara de Júcar,1468.0
05258,Villanueva de Gómez,119.0
18056,Cúllar,3978.0
18064,Dehesas de Guadix,382.0
06029,Campillo de Llerena,1321.0
04053,Huércal-Overa,20860.0
48076,Pedernales,362.0
16002,El Acebrón,234.0
19304,Valdenuño Fernández,359.0
28072,Hoyo de Manzanares,9310.0
48067,Múgica,1546.0
31106,Fontellas,1050.0
37229,Palencia de Negrilla,140.0
12088,Pavías,72.0
22189,Puértolas,217.0
22178,Pertusa,129.0
37081,Cantalapiedra,884.0
37003,Ahigal de los Aceiteros,93.0
26176,Villaverde de Rioja,65.0
31013,Améscoa Baja,729.0
42059,Centenera de Andaluz,19.0
18912,Cuevas del Campo,1841.0
18054,Cortes y Graena,949.0
06047,Esparragosa de la Serena,912.0
47114,Peñafiel,5143.0
48910,Yurreta,3897.0
31071,Castillonuevo,14.0
18001,Agrón,247.0
06127,Talarrubias,3251.0
48009,Arrancudiaga,1018.0
20024,Bidegoyan,530.0
14023,Dos Torres,2340.0
12009,Almazora,29159.0
31081,Donamaría,446.0
46126,Foyos,7995.0
06061,La Haba,1184.0
05252,Valdecasa,54.0
31205,Pitillas,520.0
37089,Casafranca,69.0
09478,Vizcaínos,41.0
47127,Quintanilla de Arriba,161.0
47116,Pesquera de Duero,403.0
31107,Funes,2537.0
47068,Fuente-Olmedo,42.0
44106,Fortanete,195.0
37042,Barceo,45.0
37092,Castellanos de Moriscos,3149.0
45047,Cedillo del Condado,4525.0
10096,Hervás,3898.0
06103,Puebla de la Calzada,5815.0
06128,Talavera la Real,5288.0
13074,San Carlos del Valle,1055.0
09034,Los Balbases,298.0
19330,Yélamos de Arriba,97.0
31061,El Busto,55.0
49245,Villalazán,241.0
18069,Dólar,600.0
18070,Dúdar,382.0
09355,Santibáñez de Esgueva,72.0
09339,San Martín de Rubiales,137.0
06109,Quintana de la Serena,4429.0
06902,Pueblonuevo del Guadiana,1955.0
19225,Pozo de Guadalajara,1739.0
24084,Izagre,133.0
02006,Alcadozo,635.0
02008,Alcaraz,1283.0
18066,Deifontes,2612.0
18072,Escúzar,826.0
19118,Fuembellida,13.0
44171,Olba,286.0
37239,El Pedroso de la Armuña,202.0
45181,Velada,2899.0
05228,Santiago del Collado,161.0
05222,Santa Cruz de Pinares,169.0
05902,Santa María del Cubillo,308.0
31224,Sesma,1248.0
31102,Ezcurra,125.0
47063,Fompedraza,113.0
37334,Valdelageve,66.0
09328,Rucandio,72.0
37240,Pelabravo,1427.0
16240,Vellisca,128.0
02002,Alatoz,504.0
02005,Alborea,672.0
02010,Alpera,2278.0
02007,Alcalá del Júcar,1130.0
31215,San Adrián,6504.0
06080,Medellín,2241.0
16246,Villalba del Rey,468.0
22907,Aínsa-Sobrarbe,2335.0
06088,Montijo,15198.0
06043,Don Álvaro,841.0
01034,Leza,205.0
01901,Iruña de Oca,3704.0
41005,Alcalá del Río,12335.0
37091,Casillas de Flores,171.0
02004,Albatana,644.0
02001,Abengibre,753.0
45189,Villamiel de Toledo,1097.0
09056,Briviesca,6728.0
05001,Adanero,207.0
45138,El Puente del Arzobispo,1143.0
45099,Méntrida,6495.0
37238,Pedrosillo el Ralo,147.0
19291,Trillo,1406.0
37235,Pedraza de Alba,214.0
47180,Valdearcos de la Vega,56.0
37354,Villamayor,7728.0
03047,Calpe,27616.0
41061,Marinaleda,2562.0
04006,Albox,12799.0
06038,Cordobilla de Lácara,815.0
04048,Los Gallardos,3110.0
06063,Herrera del Duque,3385.0
37340,Valsalabroso,120.0
37258,Puebla de Azaba,145.0
50249,Tabuenca,305.0
21058,Puebla de Guzmán,3071.0
44168,Odón,191.0
44107,Foz-Calanda,272.0
47132,Ramiro,44.0
31904,Irurzun,2296.0
19177,Medranda,83.0
24037,Cármenes,356.0
10171,Santibáñez el Alto,386.0
45110,Navalcán,1859.0
31906,Orcoyen,4098.0
31223,Sartaguda,1349.0
10212,Villanueva de la Vera,2108.0
45023,Burguillos de Toledo,3872.0
18068,Dílar,2384.0
18063,Darro,1700.0
24109,Palacios del Sil,862.0
24029,Cabrillanes,687.0
05163,Navaluenga,2135.0
14045,Moriles,3667.0
45187,Villafranca de los Caballeros,4884.0
45192,Villanueva de Alcardete,2910.0
45098,Menasalbas,2465.0
10185,Torrecilla de los Ángeles,642.0
45111,Navalmoralejo,56.0
45056,Chozas de Canales,5044.0
45064,Esquivias,5833.0
06054,Fuente del Maestre,6499.0
04033,Castro de Filabres,101.0
14052,Peñarroya-Pueblonuevo,10244.0
18071,Dúrcal,7234.0
10205,Valverde del Fresno,2143.0
49086,Gallegos del Pan,118.0
20040,Hernani,20375.0
45055,Cuerva,1226.0
45153,San Pablo de los Montes,1627.0
10175,Serradilla,1448.0
37129,Florida de Liébana,248.0
37216,Navales,312.0
37225,Pajares de la Laguna,110.0
44101,Ferreruela de Huerva,81.0
47052,La Cistérniga,9489.0
14046,Nueva Carteya,5235.0
06081,Medina de las Torres,1160.0
50108,Fombuena,59.0
45137,La Pueblanueva,2139.0
45201,Yeles,6514.0
07035,María de la Salud,2461.0
44234,Tramacastiel,62.0
45059,Dosbarrios,2228.0
45085,Lominchar,2989.0
45062,Escalonilla,1545.0
16903,Las Valeras,1528.0
37232,Paradinas de San Juan,380.0
47095,Moraleja de las Panaderas,42.0
14022,Doña Mencía,4465.0
06120,Santa Amalia,3881.0
18003,Albolote,19768.0
34083,Herrera de Pisuerga,1875.0
19103,Checa,268.0
37231,Parada de Rubiales,237.0
04044,Fines,2404.0
37208,Moronta,73.0
37133,Fresnedoso,94.0
41085,Salteras,5604.0
15077,Santa Comba,9442.0
04049,Garrucha,10845.0
37213,Nava de Béjar,74.0
37211,Narros de Matalayegua,187.0
37134,Fresno Alhándiga,194.0
05114,Madrigal de las Altas Torres,1281.0
04094,Turrillas,256.0
20076,Villafranca de Ordizia,10815.0
34201,Vertavillo,162.0
20075,Villabona,5900.0
16124,Las Mesas,2234.0
37179,Mancera de Abajo,192.0
16071,Castillo-Albaráñez,17.0
50902,Marracos,82.0
16033,Belmonte,1751.0
16093,Garaballa,58.0
16070,Castillejo-Sierra,31.0
37124,Endrinal,201.0
44236,Tronchón,56.0
44238,Utrillas,3069.0
41089,Santiponce,8634.0
09068,Cantabrana,22.0
05074,Fontiveros,715.0
24070,Fabero,3998.0
14025,Espejo,3175.0
19298,Valdearenas,88.0
06113,Ribera del Fresno,3130.0
06126,Solana de los Barros,2522.0
18105,Iznalloz,5179.0
46040,Antella,1130.0
12064,Fuentes de Ayódar,98.0
16171,El Provencio,2327.0
12055,Chodos,107.0
16092,Gabaldón,146.0
45025,Cabañas de la Sagra,2177.0
05231,San Vicente de Arévalo,171.0
01036,Llodio,18077.0
38035,San Miguel de Abona,23960.0
06108,Puebla de Sancho Pérez,2634.0
48061,Maruri-Jatabe,1129.0
13005,Alcázar de San Juan,31914.0
41100,Villanueva de San Juan,986.0
11041,Villamartín,12184.0
16030,Bascuñana de San Pedro,23.0
16095,Graja de Campalbo,85.0
37228,Palaciosrubios,283.0
05239,Sotalbo,234.0
10180,Talayuela,7439.0
06123,San Vicente de Alcántara,5227.0
45122,Olías del Rey,9174.0
31092,Erro,812.0
44172,Oliete,351.0
18082,Galera,1139.0
18084,Gójar,6371.0
18011,Alfacar,5834.0
18014,Alhendín,10475.0
45107,Nambroca,5263.0
18076,Fonelas,965.0
18905,Las Gabias,23584.0
18078,Freila,960.0
18083,Gobernador,231.0
01041,Navaridas,192.0
01039,Moreda de Álava,218.0
18007,Albuñuelas,794.0
46201,Puebla de San Miguel,53.0
46179,Navarrés,3027.0
18074,Ferreira,297.0
18005,Albuñán,422.0
18010,Aldeire,597.0
48906,Forúa,928.0
46072,Bocairente,4130.0
46144,Jarafuel,788.0
46133,Gestalgar,587.0
19110,Escamilla,65.0
22028,Ansó,409.0
45202,Yepes,5820.0
20025,Cegama,1543.0
02021,Casas de Juan Núñez,1409.0
02016,Bienservida,548.0
48008,Arcentales,754.0
19152,Illana,938.0
37174,Macotera,1009.0
29015,Antequera,41849.0
24038,Carracedelo,3423.0
24041,Carucedo,479.0
12065,Gaibiel,200.0
12082,Nules,14315.0
03092,Muro de Alcoy,9372.0
06117,Salvatierra de los Barros,1546.0
14036,Hornachuelos,4383.0
18085,Gor,766.0
18079,Fuente Vaqueros,4743.0
06118,Sancti-Spíritus,141.0
06119,San Pedro de Mérida,859.0
06121,Santa Marta de los Barros,4201.0
06130,Tamurejo,190.0
45097,Mejorada,1387.0
12007,Alfondeguilla,881.0
46055,Beniarjó,1964.0
37127,Espeja,212.0
50252,Tauste,6838.0
44050,Calamocha,4655.0
14040,Montalbán de Córdoba,4401.0
01027,Iruraiz-Gauna,559.0
16153,El Pedernoso,1113.0
12081,Navajas,906.0
02022,Casas de Lázaro,298.0
02020,Carcelén,483.0
40001,Abades,849.0
34005,Alar del Rey,910.0
38022,Icod de los Vinos,24616.0
50118,Gallur,2642.0
44039,Bello,204.0
50101,Escatrón,1189.0
44013,Alcañiz,16505.0
01060,Yécora,278.0
01061,Zalduendo de Álava,195.0
01057,Villabuena de Álava,276.0
01018,Cigoitia,1845.0
50100,Erla,374.0
37212,Navacarros,141.0
37253,El Pino de Tormes,147.0
46062,Benigánim,5759.0
47121,Pollos,565.0
46115,Dos Aguas,340.0
18094,Güéjar Sierra,2915.0
18101,Huétor Vega,12285.0
37246,Peñaranda de Bracamonte,6162.0
05062,Collado de Contreras,147.0
22905,Lupiñén-Ortilla,359.0
03035,Benilloba,744.0
03086,Millena,265.0
03027,Beniardá,226.0
03039,Benimasot,85.0
19277,Torrecuadrada de Molina,20.0
37257,Pozos de Hinojo,48.0
37102,El Cerro,363.0
50061,Bureta,210.0
16125,Minglanilla,2388.0
31200,Oteiza,972.0
24010,La Bañeza,10195.0
05047,Candeleda,5003.0
16102,Honrubia,1529.0
02012,Balazote,2356.0
14030,Fuente Palmera,9883.0
14029,Fuente Obejuna,4309.0
39025,Los Corrales de Buelna,10958.0
19333,Zaorejas,117.0
37027,Almenara de Tormes,302.0
13028,Campo de Criptana,12868.0
04903,La Mojonera,8793.0
06048,Esparragosa de Lares,839.0
12046,Cirat,220.0
46118,Enguera,4807.0
18004,Albondón,703.0
18006,Albuñol,7388.0
30004,Albudeite,1395.0
05122,Martínez,109.0
24059,Corullón,789.0
24047,Castrocontrigo,623.0
38042,Los Silos,4773.0
41023,Cantillana,10780.0
16149,Palomera,187.0
12053,Chilches,3199.0
48901,Derio,7294.0
50204,Pedrola,3842.0
20067,Rentería,39363.0
50199,Osera de Ebro,442.0
48050,Izurza,224.0
03084,Lorcha,589.0
03022,Benasau,174.0
50086,Codos,237.0
37197,Monleón,88.0
37049,Bermellar,129.0
46003,Adzaneta de Albaida,1193.0
46035,Almusafes,9070.0
37045,La Bastida,22.0
16906,Los Valdecolmenas,69.0
44174,Orihuela del Tremedal,450.0
18096,Huélago,343.0
14032,La Granjuela,412.0
06116,Salvaleón,1645.0
19191,Monasterio,13.0
45145,Recas,5037.0
48022,Valle de Carranza,2715.0
34121,Palenzuela,212.0
40142,Navares de Ayuso,58.0
46058,Benifairó de los Valles,2359.0
12057,Eslida,815.0
37265,Rágama,196.0
18088,Guadahortuna,1829.0
35003,Antigua,14164.0
23071,Puente de Génave,2191.0
23084,Sorihuela del Guadalimar,1000.0
09460,Villasandino,179.0
16100,Los Hinojosos,702.0
03057,Confrides,293.0
09346,Santa Cruz del Valle Urbión,94.0
09316,Revilla Vallejera,112.0
09303,Rábanos,73.0
10181,Tejeda de Tiétar,761.0
19327,Yebra,489.0
28043,Colmenar de Oreja,9127.0
46027,Alfarrasí,1173.0
22064,Blecua y Torres,175.0
09292,Quintanavides,65.0
09257,Pedrosa del Páramo,88.0
44004,Aguaviva,562.0
46089,Casinos,3153.0
26007,Alcanadre,685.0
20002,Aduna,500.0
12058,Espadilla,101.0
18098,Huéscar,7241.0
02024,Casas-Ibáñez,4616.0
03048,Callosa de Ensarriá,8182.0
03134,Valle de Alcalá,159.0
02026,Cenizate,1163.0
02030,Elche de la Sierra,3603.0
37121,Encinas de Abajo,615.0
21050,Moguer,24083.0
12014,Ares del Maestre,181.0
48068,Mundaca,1816.0
18097,Huéneja,1180.0
22054,Benasque,2359.0
02029,Chinchilla de Montearagón,4614.0
14901,Fuente Carreteros,1073.0
20017,Azcoitia,11774.0
19046,Azuqueca de Henares,35924.0
14001,Adamuz,4100.0
48012,Baquio,2857.0
22050,Barbuñales,93.0
37152,Gomecello,411.0
22017,Alcolea de Cinca,1127.0
16009,Alcantud,59.0
03025,Benferri,2099.0
03109,Rafal,4849.0
37137,Fuenteliante,80.0
37157,Herguijuela de Ciudad Rodrigo,65.0
18099,Huétor Santillán,1964.0
04098,Vélez-Blanco,1928.0
37110,Cordovilla,105.0
37159,Herguijuela del Campo,60.0
22043,Baélls,89.0
31051,Beire,274.0
50045,Belchite,1495.0
10211,Villanueva de la Sierra,478.0
23040,Lahiguera,1560.0
19238,Riofrío del Llano,49.0
45146,Retamoso de la Jara,109.0
23095,Villacarrillo,10342.0
18093,Gualchos,5284.0
18906,Los Guájares,1081.0
37190,Mieza,170.0
02027,Corral-Rubio,303.0
02028,Cotillas,123.0
02014,El Ballestero,411.0
18095,Güevéjar,2723.0
09298,Quintanilla San García,66.0
09387,Torregalindo,130.0
03069,Finestrat,9919.0
22131,Jasa,90.0
22045,Baldellou,81.0
10025,Barrado,383.0
03038,Benimarfull,465.0
16031,Beamud,45.0
31259,Yanci,578.0
42188,Trévago,47.0
10049,Casar de Cáceres,4511.0
03129,Tibi,1757.0
31249,Valtierra,2505.0
31073,Ciordia,359.0
47144,San Martín de Valvení,78.0
37298,Santibáñez de la Sierra,142.0
19322,Villaseca de Henares,22.0
02058,Paterna del Madera,328.0
23094,Vilches,4191.0
16055,Carboneras de Guadazaón,797.0
16082,Enguídanos,274.0
03112,Relleu,1375.0
09329,Salas de Bureba,129.0
37372,Villaverde de Guareña,128.0
46053,Benegida,659.0
37062,Cabezabellosa de la Calzada,73.0
37112,Cristóbal,158.0
37224,La Orbada,177.0
37051,Berrocal de Salvatierra,74.0
49109,Manganeses de la Polvorosa,637.0
31116,Genevilla,69.0
09132,Fresno de Río Tirón,156.0
37268,La Rinconada de la Sierra,97.0
37114,Chagarcía Medianero,68.0
09310,Reinoso,21.0
03104,Petrel,34022.0
46217,Rotglá y Corbera,1171.0
31041,Ayegui,2589.0
37158,Herguijuela de la Sierra,222.0
37035,Armenteros,156.0
28038,Cercedilla,7772.0
28044,Colmenarejo,9640.0
12096,Rosell,910.0
23901,Cárcheles,1291.0
16043,Campillos-Paravientos,112.0
07049,San Juan,2336.0
12037,Castell de Cabres,21.0
03053,Castalla,11908.0
12045,Cinctorres,433.0
29023,Benahavís,9472.0
29024,Benalauría,460.0
03020,Balones,132.0
03019,Aspe,22397.0
16060,Casas de Benítez,872.0
03016,Almudaina,128.0
09266,Pineda de la Sierra,92.0
09259,Pedrosa de Río Urbel,262.0
28037,Cenicientos,2152.0
06074,Llerena,5642.0
18103,Ítrabo,1022.0
37358,Villar de Gallimazo,192.0
11005,Algodonales,5425.0
46014,Albuixech,4482.0
46025,Alfara del Patriarca,3740.0
23077,Santiago de Calatrava,660.0
23074,Rus,3386.0
31227,Tafalla,10854.0
13082,Tomelloso,37060.0
09162,Hontoria de la Cantera,172.0
09166,Las Hormazas,93.0
49041,Castrogonzalo,432.0
49151,El Perdigón,673.0
30007,Alguazas,10431.0
31113,Garde,132.0
34080,Guardo,5502.0
16046,Cañada del Hoyo,221.0
28090,Moralzarzal,14772.0
28075,Loeches,9261.0
03042,Benitachell,4911.0
14053,Posadas,7273.0
29028,Benaoján,1427.0
29029,Benarrabá,457.0
12132,Villanueva de Alcolea,584.0
12044,Cervera del Maestre,617.0
28172,Villalbilla,18687.0
10024,Baños de Montemayor,738.0
37122,Encinas de Arriba,223.0
37160,Hinojosa de Duero,562.0
28046,Collado Mediano,7722.0
28133,San Martín de Valdeiglesias,9324.0
23035,Fuerte del Rey,1348.0
18111,Jun,4103.0
46094,Catarroja,30604.0
46106,Chelva,1863.0
09297,Las Quintanillas,386.0
09128,Frandovínez,95.0
49030,Bustillo del Oro,75.0
49158,El Piñero,210.0
50175,Morata de Jalón,1100.0
12120,Torre Endoménech,177.0
12133,Villanueva de Viver,94.0
47158,La Seca,1015.0
34079,Grijota,2839.0
14054,Pozoblanco,16931.0
28116,Pozuelo del Rey,1302.0
28173,Villamanrique de Tajo,859.0
28083,Meco,15922.0
49058,El Cubo de Tierra del Vino,294.0
16050,Cañaveras,230.0
10007,Albalá,647.0
49160,Pobladura de Valderaduey,34.0
10016,Aldehuela del Jerte,348.0
28053,Daganzo de Arriba,10764.0
28051,Chapinería,2705.0
24139,Sahagún,2380.0
09464,Villatuelda,41.0
05265,Vita,81.0
03068,Famorca,44.0
49116,Melgar de Tera,331.0
49156,Pinilla de Toro,186.0
28050,Cubas de la Sagra,7238.0
28040,Ciempozuelos,26350.0
10099,Holguera,588.0
49127,Morales del Vino,3040.0
03105,Pinoso,8523.0
19095,Condemios de Abajo,14.0
49270,Villavendimio,150.0
49135,Muelas del Pan,592.0
46015,Alcácer,10772.0
46009,Albalat dels Sorells,4368.0
50037,Atea,142.0
42015,Alentisque,23.0
28016,El Atazar,110.0
28091,Morata de Tajuña,8397.0
37107,Ciudad Rodrigo,11750.0
31905,Beriáin,4195.0
19326,Yebes,5637.0
13086,Valdemanco del Esteras,157.0
37221,Navasfrías,365.0
49053,Coreses,1054.0
49200,Santa Cristina de la Polvorosa,1034.0
10088,Guijo de Coria,180.0
28154,Torres de la Alameda,7824.0
28177,Villanueva del Pardillo,18466.0
49210,Sanzoles,454.0
49103,Madridanos,461.0
10040,Calzadilla,450.0
49250,Villalpando,1433.0
46048,Bellreguart,5032.0
34031,Belmonte de Campos,28.0
49261,Villaralbo,1782.0
10098,Hinojal,391.0
49249,Villalonso,80.0
49125,Moraleja del Vino,1796.0
46091,Castellonet,159.0
34056,Cervera de Pisuerga,2272.0
46083,Carcagente,21934.0
50095,Ejea de los Caballeros,17129.0
12027,Benicarló,30296.0
11039,Vejer de la Frontera,13131.0
14050,Pedro Abad,2794.0
16189,Salvacañete,300.0
13060,Navas de Estena,269.0
49258,Villanueva de Campeán,115.0
49028,Brime de Urz,96.0
28057,Fresno de Torote,2561.0
28126,Robregordo,79.0
49100,Lubián,296.0
10053,Casas de Don Gómez,342.0
49228,Valdefinjas,60.0
42003,Adradas,65.0
49082,Fuentes de Ropel,369.0
49237,Videmala,131.0
49235,Vezdemarbán,423.0
49031,Cabañas de Sayago,143.0
49163,Pozoantiguo,188.0
49076,Fresno de la Ribera,326.0
42009,Aldealafuente,85.0
49166,Puebla de Sanabria,1378.0
10048,Carrascalejo,223.0
28110,Perales de Tajuña,3260.0
28036,Casarrubuelos,4323.0
49105,Maire de Castroponce,138.0
49047,Cerecinos del Carrizal,111.0
49075,Fresno de la Polvorosa,117.0
49061,Entrala,133.0
44086,Cretas,559.0
44064,Cascante del Río,73.0
44038,Belmonte de San José,114.0
42006,Alconaba,198.0
16131,Monteagudo de las Salinas,126.0
03114,La Romana,2729.0
49122,Monfarracinos,998.0
13048,Hinojosas de Calatrava,506.0
50119,Gelsa,996.0
10062,Cedillo,453.0
49094,Hermisende,207.0
42026,Arenillas,29.0
03061,Daya Nueva,1885.0
03081,Jalón,3104.0
23091,Torres de Albanchez,735.0
23034,Fuensanta de Martos,3030.0
03138,Vergel,5508.0
19288,Tortuero,19.0
49085,Galende,1019.0
10092,Herguijuela,264.0
36055,Tuy,17468.0
28106,Parla,137471.0
49079,Fuente Encalada,92.0
49222,Torres del Carrizal,413.0
49267,Villardondiego,110.0
31250,Vera de Bidasoa,3779.0
05058,Cepeda la Mora,63.0
11003,Algar,1452.0
49092,Granucillo,105.0
10100,Hoyos,848.0
49032,Calzadilla de Tera,278.0
49057,Cubo de Benavente,115.0
28095,Navalagamella,3169.0
28042,Colmenar del Arroyo,2044.0
22052,Belver de Cinca,1298.0
22053,Benabarre,1142.0
42019,Almarza,601.0
21053,Niebla,4268.0
42010,Aldealices,22.0
42011,Aldealpozo,18.0
34022,Baltanás,1226.0
31093,Ezcároz,298.0
49025,Bretó,163.0
49197,Santa Clara de Avedillo,153.0
42001,Abejar,287.0
16004,Albaladejo del Cuende,196.0
03036,Benillup,110.0
28025,Brea de Tajo,577.0
49178,Roales del Pan,1019.0
49115,Mayalde,140.0
37269,Robleda,453.0
49096,Jambrina,149.0
49169,Quintanilla del Olmo,38.0
49224,Trefacio,163.0
28039,Cervera de Buitrago,165.0
28066,Griñón,10799.0
37234,El Payo,302.0
49114,Matilla la Seca,33.0
49187,San Cristóbal de Entreviñas,1328.0
49263,Villar de Fallaves,50.0
42007,Alcubilla de Avellaneda,111.0
42008,Alcubilla de las Peñas,61.0
28069,La Hiruela,88.0
37161,Horcajo de Montemayor,107.0
16042,Campillo de Altobuey,1312.0
49142,Palacios del Pan,249.0
49234,Venialbo,439.0
49120,Molezuelas de la Carballeda,47.0
49206,Santibáñez de Vidriales,846.0
49071,Fonfría,794.0
49147,Peleagonzalo,286.0
49154,Pías,91.0
49214,Tábara,743.0
28901,Lozoyuela-Navas-Sieteiglesias,1468.0
28111,Pezuela de las Torres,1008.0
28029,Cabanillas de la Sierra,961.0
28109,Pelayos de la Presa,3195.0
28064,Gascones,252.0
28088,Montejo de la Sierra,404.0
28023,El Boalo,8770.0
28140,Serranillos del Valle,4670.0
49139,Otero de Bodas,164.0
49067,Ferreras de Arriba,350.0
50222,Quinto,1882.0
45109,Navahermosa,3587.0
10106,Jarilla,127.0
42017,Almajano,179.0
12124,Vall d'Alba,3218.0
12033,Cabanes,3475.0
42013,Aldehuela de Periáñez,27.0
42034,Beratón,38.0
49181,Rosinos de la Requejada,292.0
49247,Villalcampo,380.0
12050,Cuevas de Vinromá,1888.0
12901,Alquerías del Niño Perdido,4605.0
12116,Torralba del Pinar,57.0
49179,Robleda-Cervantes,375.0
49227,Valcabado,414.0
28099,Navas del Rey,3420.0
12006,Alcudia de Veo,200.0
22037,Arguis,167.0
42060,Cerbón,27.0
49084,Fuentespreadas,267.0
49260,Villanueva del Campo,736.0
12036,Canet lo Roig,715.0
12048,Cortes de Arenoso,308.0
44007,Alba,186.0
42012,Aldealseñor,29.0
49269,Villaseco del Pan,201.0
49042,Castronuevo,216.0
16006,Albendea,132.0
46067,Benisanó,2449.0
42046,Calatañazor,43.0
44056,Caminreal,606.0
44074,Cedrillas,652.0
42021,Almazul,61.0
06110,Reina,144.0
12060,Figueroles,525.0
26082,Laguna de Cameros,109.0
49078,Friera de Valverde,121.0
49138,Olmillos de Castro,182.0
28062,Garganta de los Montes,441.0
22069,Broto,615.0
05247,La Torre,209.0
42069,Covaleda,1560.0
42055,Casarejos,145.0
28147,Titulcia,1389.0
28156,Valdeavero,1896.0
44035,Barrachina,113.0
44016,Alfambra,485.0
44082,Corbalán,117.0
44022,Alloza,556.0
44011,Alcaine,38.0
46211,Real de Gandía,2722.0
40089,Fuentesaúco de Fuentidueña,216.0
42022,Almenar de Soria,233.0
42061,Cidones,313.0
28020,Berzosa del Lozoya,242.0
40079,Fresno de Cantespino,290.0
31221,Santesteban,1854.0
31239,Urdax,354.0
49204,Santa María de Valverde,50.0
49176,Riofrío de Aliste,589.0
44010,Albentosa,290.0
44097,Escorihuela,130.0
16224,Valdemeca,83.0
16148,Palomares del Campo,556.0
30019,Cieza,35577.0
34230,Villarmentero de Campos,26.0
03055,Catral,9600.0
28019,Belmonte de Tajo,1955.0
44066,Castel de Cabra,79.0
44021,Allepuz,123.0
37309,La Sierpe,41.0
22229,Tolva,130.0
34020,Ayuela,48.0
28026,Brunete,11287.0
44075,Celadas,331.0
44071,Castellote,665.0
16142,Olmedilla de Alarcón,128.0
16140,Olmeda de la Cuesta,16.0
28012,Anchuelo,1414.0
28169,Venturada,2622.0
16132,Mota de Altarejos,25.0
19200,El Olivar,68.0
19175,Mazarete,25.0
40903,Marazoleja,98.0
40121,Martín Muñoz de las Posadas,251.0
40132,Moral de Hornuez,38.0
42031,Barcones,25.0
28017,Batres,1976.0
29043,Colmenar,3626.0
28143,Somosierra,93.0
40120,Martín Muñoz de la Dehesa,309.0
40110,Lastras de Cuéllar,295.0
40131,Monterrubio,51.0
40075,Escobar de Polendos,172.0
44040,Berge,218.0
44012,Alcalá de la Selva,382.0
44006,Alacón,204.0
19136,Hijes,24.0
19111,Escariche,186.0
19099,Corduente,297.0
28155,Valdaracete,658.0
28122,Ribatejada,905.0
34159,San Cebrián de Campos,400.0
34109,Moratinos,55.0
42056,Castilfrío de la Sierra,35.0
42057,Castilruiz,170.0
40100,Hontalbilla,277.0
40059,Collado Hermoso,116.0
31234,Úcar,194.0
31194,Valle de Ollo,453.0
34176,Sotobañado y Priorato,154.0
34051,Castrillo de Onielo,91.0
31160,Luquin,135.0
31148,Legaria,111.0
31247,Uztárroz,136.0
19213,El Pedregal,60.0
19332,La Yunta,86.0
19185,La Miñosa,31.0
19127,Galve de Sorbe,97.0
19202,La Olmeda de Jadraque,18.0
37080,Cantagallo,281.0
46088,Casas Bajas,158.0
12109,Tales,827.0
42115,Miño de Medinaceli,73.0
44009,Albarracín,998.0
42023,Alpanseque,52.0
19135,Hiendelaencina,107.0
19156,Jadraque,1522.0
03024,Benejúzar,5811.0
03037,Benimantell,548.0
40083,Fuente el Olmo de Fuentidueña,396.0
40122,Marugán,775.0
40119,Martín Miguel,276.0
42215,Vinuesa,826.0
42108,Maján,10.0
37365,Villarmayor,139.0
40108,Laguna de Contreras,111.0
44114,Fuentespalda,305.0
44032,Bádenas,28.0
47085,Medina del Campo,20215.0
42025,Arcos de Jalón,1531.0
16003,Alarcón,173.0
22217,Sena,490.0
42062,Cigudosa,14.0
42051,Carabantes,21.0
16166,Pozoamargo,255.0
16066,Casasimarro,3177.0
31146,Leache,38.0
31238,Unzué,164.0
42068,Coscurita,69.0
06025,Calamonte,6104.0
46227,Señera,1114.0
22080,Capella,361.0
22246,Beranuy,68.0
31184,Oco,65.0
31153,Lesaca,2721.0
40095,Gomezserracín,614.0
40115,Maderuelo,100.0
31244,Urroz de Santesteban,175.0
31196,Orbara,28.0
31225,Sorlada,39.0
19116,Estriégana,13.0
19097,Congostrina,18.0
40107,Labajos,105.0
40109,Languilla,79.0
40135,Muñopedro,298.0
40124,Mata de Cuéllar,261.0
40087,Fuentepiñel,63.0
35019,San Bartolomé de Tirajana,54291.0
12056,Chóvar,316.0
48017,Bermeo,17038.0
23010,Bailén,17119.0
40160,Pinarnegrillo,98.0
40146,Navas de San Antonio,368.0
40151,Ortigosa de Pestaño,51.0
28112,Pinilla del Valle,200.0
28902,Puentes Viejas,759.0
31222,Sarriés,57.0
30042,Villanueva del Río Segura,4111.0
40901,Ortigosa del Monte,608.0
40103,Los Huertos,173.0
40159,Pinarejos,205.0
42130,Nepas,49.0
42182,Taroda,45.0
35007,Betancuria,801.0
34104,Melgar de Yuso,269.0
31197,Orísoain,72.0
31188,Oláibar,399.0
42079,Escobosa de Almazán,19.0
42142,Pozalmuro,49.0
19173,Matarrubia,99.0
19155,Irueste,93.0
42172,Soliedra,37.0
42070,Cubilla,22.0
42058,Castillejo de Robledo,100.0
42049,Candilichera,99.0
42028,Ausejo de la Sierra,113.0
31199,Oroz-Betelu,143.0
31240,Urdiáin,647.0
34167,Santa Cecilia del Alcor,91.0
40136,Muñoveros,138.0
46231,Simat de Valldigna,3311.0
31193,Cendea de Olza,1874.0
30020,Fortuna,11437.0
28182,Villavieja del Lozoya,332.0
28118,Puebla de la Sierra,98.0
19098,Copernal,44.0
19154,Las Inviernas,60.0
19178,Megina,25.0
31229,Tirapu,49.0
31207,Pueyo,384.0
28124,Robledillo de la Jara,118.0
28163,Valdepiélagos,612.0
46135,Godella,13533.0
19123,Fuentelviejo,61.0
19114,Esplegares,30.0
19193,Montarrón,31.0
19112,Escopete,80.0
24030,Cacabelos,4734.0
37046,Béjar,11993.0
30902,Los Alcázares,20408.0
46202,Puebla de Vallbona,27471.0
47209,Villalán de Campos,36.0
35006,Arucas,39232.0
22035,Arén,309.0
42198,Valtajeros,16.0
42027,Arévalo de la Sierra,71.0
42082,Estepa de San Juan,13.0
42039,Borobia,218.0
04051,Huécija,526.0
38006,Arona,87793.0
31063,Cabredo,73.0
31078,Cortes,3165.0
16147,Pajaroncillo,59.0
16901,Campos del Paraíso,646.0
03125,Senija,698.0
47038,Castrillo de Duero,108.0
12111,Tírig,417.0
46193,Picaña,11901.0
46207,Rafelbuñol,9974.0
06153,Villanueva de la Serena,25773.0
23060,Martos,24462.0
31059,Burgui,187.0
09184,Jaramillo Quemado,12.0
06021,Bodonal de la Sierra,982.0
06007,Alconchel,1592.0
42153,Rello,21.0
04035,Cuevas del Almanzora,15526.0
12076,Matet,94.0
03106,Planes,697.0
13040,Fernán Caballero,965.0
03110,Ráfol de Almunia,734.0
37242,Pelayos,72.0
37241,Pelarrodríguez,161.0
42125,Muriel Viejo,73.0
19269,La Toba,70.0
19107,Driebes,331.0
19188,Mochales,36.0
09094,Cebrecos,60.0
03040,Benimeli,474.0
09065,Campillo de Aranda,175.0
09183,Jaramillo de la Fuente,45.0
10087,Guadalupe,1722.0
04057,Laujar de Andarax,1674.0
42054,Carrascosa de la Sierra,19.0
42014,Las Aldehuelas,58.0
10035,Cabezuela del Valle,2049.0
48075,Orozco,2666.0
12114,Torás,271.0
03903,Los Montesinos,5786.0
37339,Valero,269.0
42212,Villasayas,59.0
12051,Culla,503.0
03117,Sanet y Negrals,712.0
05067,Chamartín,61.0
11038,Ubrique,16615.0
04037,Chirivel,1619.0
42151,Rebollar,36.0
16024,Arguisuelas,127.0
45022,Buenaventura,386.0
06026,Calera de León,912.0
09180,Iglesias,136.0
19113,Espinosa de Henares,715.0
45126,Otero,436.0
50035,Artieda,90.0
07006,Artá,8629.0
42135,Oncala,61.0
42045,Cabrejas del Pinar,288.0
42037,Bliecos,25.0
42041,Buberos,27.0
10058,Casatejada,1393.0
10108,Ladrillar,177.0
03137,Vall de Laguart,905.0
48010,Arrieta,582.0
37323,Topas,518.0
16162,Portalrubio de Guadamejud,35.0
39063,Rionansa,1022.0
13052,Malagón,7827.0
23003,Alcaudete,10129.0
31072,Cintruénigo,8565.0
16133,Mota del Cuervo,6089.0
06072,Lobón,2756.0
06060,Guareña,6665.0
46260,Vinalesa,3572.0
30025,Lorquí,7946.0
29042,Coín,26574.0
10198,Valdefuentes,1074.0
10064,Cilleros,1547.0
10041,Caminomorisco,1097.0
35005,Artenara,1024.0
40073,Escalona del Prado,475.0
23007,Arjonilla,3520.0
10216,Zarza de Granadilla,1815.0
03135,Vall de Ebo,231.0
12069,Higueras,54.0
09071,Carcedo de Bureba,36.0
09144,La Gallega,34.0
06052,Fuente de Cantos,4583.0
06055,Fuentes de León,2118.0
37135,La Fuente de San Esteban,1293.0
37017,Aldeanueva de Figueroa,238.0
46071,Bicorp,546.0
49236,Vidayanes,74.0
16019,Altarejos,193.0
06146,Valle de la Serena,1075.0
41074,Peñaflor,3628.0
10065,Collado de la Vera,274.0
31141,Lapoblación,123.0
12126,Vall de Uxó,32242.0
10011,Aldeacentenera,603.0
16169,El Pozuelo,47.0
10159,Robledollano,325.0
42094,Garray,794.0
01049,Añana,141.0
09195,Llano de Bureba,45.0
12122,Useras,954.0
12052,Chert,702.0
06033,Casas de Don Pedro,1375.0
06023,Cabeza del Buey,4489.0
06022,Burguillos del Cerro,2940.0
46237,Tabernes Blanques,9824.0
10155,Riolobos,1173.0
10113,Madroñera,2349.0
28125,Robledo de Chavela,4818.0
24166,Soto de la Vega,1481.0
48072,Ochandiano,1322.0
09003,Adrada de Haza,200.0
01006,Armiñón,236.0
16145,Osa de la Vega,450.0
16152,La Parra de las Vegas,36.0
10132,Navalvillar de Ibor,374.0
04038,Dalías,4196.0
10144,La Pesga,950.0
45179,Valdeverdeja,598.0
13026,Cabezarrubias del Puerto,483.0
37100,Cerezal de Peñahorcada,64.0
05018,Avellaneda,23.0
20051,Legazpia,8384.0
23049,Jabalquinto,1939.0
10004,Acehúche,808.0
06129,Táliga,650.0
10135,Nuñomoral,1196.0
10047,Carcaboso,1076.0
49256,Villanázar,256.0
23017,Cabra del Santo Cristo,1639.0
37310,Sieteiglesias de Tormes,193.0
37236,Pedrosillo de Alba,123.0
04102,Vícar,29342.0
04002,Abrucena,1241.0
01062,Zambrana,452.0
06012,Arroyo de San Serván,4001.0
10051,Casares de las Hurdes,362.0
10076,Galisteo,849.0
10210,Villamiel,379.0
10147,Piornal,1443.0
09113,Covarrubias,501.0
37020,Aldearrubia,518.0
10001,Abadía,337.0
10071,Descargamaría,105.0
14059,San Sebastián de los Ballesteros,865.0
06160,Zalamea de la Serena,3371.0
29079,Periana,3367.0
10217,Zarza de Montánchez,504.0
31060,Burlada,21280.0
50017,Alfajarín,2423.0
42033,Bayubas de Arriba,56.0
03091,Murla,574.0
40048,Castrojimeno,27.0
49063,Faramontanos de Tábara,318.0
07046,San Antonio Abad,29132.0
50091,Las Cuerlas,44.0
50285,Villafranca de Ebro,828.0
04032,Carboneras,8458.0
04099,Vélez-Rubio,6685.0
22094,Chalamera,120.0
06085,Monesterio,4245.0
16038,Buciegas,36.0
31236,Ulzama,1599.0
06030,Capilla,142.0
50243,Sestrica,329.0
37247,Peñarandilla,171.0
45132,Pepino,3421.0
30029,Mula,17937.0
28004,El Álamo,10594.0
10022,Arroyomolinos de la Vera,424.0
50275,Valmadrid,112.0
04066,Níjar,33319.0
04103,Zurgena,3059.0
48039,Garay,332.0
12080,Morella,2501.0
28063,Gargantilla del Lozoya y Pinilla de Buitrago,396.0
28084,Mejorada del Campo,25049.0
47001,Adalia,50.0
16143,Olmedilla de Eliz,20.0
19310,Valtablado del Río,7.0
44133,Lanzuela,24.0
50295,Vistabella de Huerva,51.0
48031,Elanchove,320.0
28047,Collado Villalba,67274.0
13023,Bolaños de Calatrava,12153.0
06131,Torre de Miguel Sesmero,1234.0
10184,El Torno,805.0
10203,Valencia de Alcántara,5150.0
50016,Aldehuela de Liestos,48.0
50022,La Almolda,521.0
31033,Aria,51.0
22036,Argavieso,109.0
34134,Polentinos,41.0
21010,Ayamonte,22001.0
29063,Jimera de Líbar,399.0
20035,Ezquioga-Ichaso,588.0
47172,Torrescárcela,162.0
48027,Durango,30192.0
20021,Belaunza,291.0
20050,Leaburu,390.0
21070,Trigueros,8159.0
21063,San Bartolomé de la Torre,4072.0
50120,Godojos,55.0
50096,Embid de Ariza,28.0
50161,Manchones,91.0
50250,Talamantes,68.0
41078,La Puebla de los Infantes,2949.0
48089,Urdúliz,6128.0
45124,Orgaz,2639.0
46108,Chera,508.0
34067,Dehesa de Montejo,130.0
13010,Alhambra,946.0
13031,Carrión de Calatrava,3239.0
09098,Cerezo de Río Tirón,467.0
12128,Villafamés,1962.0
41098,Villanueva del Ariscal,6965.0
06034,Casas de Reina,200.0
24014,Bembibre,8041.0
20041,Hernialde,326.0
20047,Isasondo,687.0
04014,Almócita,208.0
44051,Calanda,3745.0
49112,Manzanal de los Infantes,133.0
16079,Cueva del Hierro,27.0
35022,Santa Lucía de Tirajana,78584.0
21060,Punta Umbría,16281.0
21005,Almonte,24864.0
06133,Torremejía,2238.0
06132,Torremayor,992.0
41063,Los Molares,3659.0
41071,Paradas,6762.0
46145,Játiva,31008.0
21046,Lucena del Puerto,3390.0
21069,Santa Olalla del Cala,2039.0
35024,Teguise,24027.0
46221,Salem,407.0
50288,Villanueva de Gállego,4852.0
50105,Fayón,448.0
20038,Gaviria,519.0
20022,Berástegui,1114.0
37065,Cabeza del Caballo,224.0
20007,Alzo,447.0
20052,Legorreta,1457.0
20004,Albíztur,328.0
13001,Abenójar,1309.0
21061,Rociana del Condado,8024.0
03078,Hondón de los Frailes,1334.0
34202,Villabasta,33.0
21042,Isla Cristina,21525.0
44125,Huesa del Común,55.0
16255,Villar de la Encina,146.0
10156,Robledillo de Gata,91.0
06050,Fregenal de la Sierra,4715.0
09112,Coruña del Conde,95.0
04075,Pulpí,12214.0
04045,Fiñana,1956.0
50269,Urrea de Jalón,434.0
50280,Vera de Moncayo,317.0
37375,Villoruela,729.0
28070,Horcajo de la Sierra-Aoslos,219.0
50115,Fuentes de Ebro,4862.0
50283,Villadoz,80.0
04024,Benahadux,4901.0
04019,Bacares,226.0
04063,María,1202.0
13078,Socuéllamos,12172.0
50005,Aguilón,265.0
50197,Orés,72.0
09414,Valle de Valdelaguna,187.0
09337,San Juan del Monte,163.0
04100,Vera,20282.0
04030,Canjáyar,1139.0
48037,Galdames,829.0
28056,Fresnedillas de la Oliva,1883.0
19266,Tendilla,353.0
19117,Fontanar,2630.0
01028,Labastida,1558.0
06027,Calzadilla de los Barros,679.0
09155,Haza,33.0
23080,Santo Tomé,2029.0
48036,Galdácano,24776.0
48063,Mendeja,426.0
50193,Nuez de Ebro,886.0
20903,Astigarraga,7812.0
07013,Campos,12485.0
07022,Felanich,19146.0
20048,Larraul,263.0
50093,Chodes,98.0
40181,Real Sitio de San Ildefonso,5217.0
31260,Valle de Yerri,1549.0
41081,La Rinconada,40724.0
47065,Fresno el Viejo,825.0
12002,Ahín,133.0
24203,Villabraz,82.0
37364,Villarino de los Aires,727.0
20033,Elgueta,1133.0
50160,Mallén,2951.0
29090,Tolox,2468.0
06037,La Codosera,1983.0
22133,Labuerda,179.0
31029,Los Arcos,1177.0
41077,La Puebla de Cazalla,10830.0
06070,Jerez de los Caballeros,9095.0
04054,Íllar,492.0
04017,Arboleas,4215.0
19297,Valdarachas,67.0
46254,Venta del Moro,1143.0
10188,Torre de Santa María,508.0
10018,Aliseda,1726.0
23025,Castellar,3147.0
37047,Beleña,258.0
05201,San Bartolomé de Pinares,479.0
09022,Arauzo de Torre,55.0
06137,Valdecaballeros,1036.0
09012,Alfoz de Santa Gadea,102.0
09483,Zazuar,198.0
09058,Buniel,632.0
02035,La Gineta,2656.0
09037,Barbadillo de Herreros,103.0
37373,Villavieja de Yeltes,676.0
09038,Barbadillo del Mercado,134.0
09026,Arlanzón,425.0
30014,Campos del Río,2159.0
46120,Estivella,1710.0
42176,Tajahuerce,22.0
05251,Vadillo de la Sierra,50.0
09009,Albillos,220.0
48097,Zarátamo,1609.0
48055,Lemona,3614.0
42168,Santa María de las Hoyas,112.0
42090,Fuentepinilla,73.0
05046,Canales,42.0
19294,Ujados,20.0
17143,Rabós,232.0
17138,Portbou,1131.0
24190,Valverde-Enrique,148.0
24219,Villaobispo de Otero,514.0
12093,Puebla de Benifasar,229.0
49150,Peque,111.0
50292,Villarreal de Huerva,270.0
42152,Recuerda,61.0
46163,Masalfasar,2716.0
02085,Viveros,293.0
09052,Berzosa de Bureba,26.0
42095,Golmayo,3085.0
30010,Beniel,11582.0
46161,Marines,1967.0
50186,Navardún,35.0
37362,Villares de la Reina,6784.0
42096,Gómara,286.0
42030,Barca,116.0
42158,Rioseco de Soria,123.0
20906,Alzaga,165.0
37173,Lumbrales,1507.0
41055,Lora del Río,18122.0
04062,Macael,5436.0
48088,Ubidea,167.0
48049,Ispáster,721.0
04026,Benitagla,63.0
49207,Santovenia,219.0
17064,Espolla,398.0
17041,Cantallops,366.0
11016,Chipiona,20076.0
24214,Villamejil,653.0
40006,Aldealcorvo,15.0
50218,La Puebla de Albortón,133.0
20005,Alegia,1813.0
17039,Camprodón,2570.0
17079,Gerona,108666.0
05173,Ojos-Albos,89.0
09024,Arenillas de Riopisuerga,156.0
39091,Valdáliga,2135.0
30036,San Pedro del Pinatar,29674.0
24902,Villaornate y Castro,348.0
37303,El Sahugo,178.0
46093,Catadau,3005.0
46051,Benaguacil,12668.0
46176,Montroy,3792.0
11031,San Fernando,93338.0
11009,Benaocaz,742.0
22160,Naval,281.0
34242,Villodrigo,96.0
37261,Puente del Congosto,236.0
28161,Valdemoro,85972.0
50034,Ariza,1096.0
24218,Villanueva de las Manzanas,484.0
50232,Salvatierra de Esca,187.0
50126,Illueca,2782.0
24168,Toral de los Guzmanes,486.0
03119,San Juan de Alicante,26834.0
50273,Valdehorna,29.0
23029,Chiclana de Segura,859.0
24106,Oseja de Sajambre,214.0
24229,Villazanzo de Valderaduey,360.0
09209,Medina de Pomar,6190.0
09019,Arandilla,157.0
50179,Moyuela,221.0
24217,Villamoratiel de las Matas,121.0
48051,Lanestosa,244.0
48057,Lequeitio,7211.0
45095,La Mata,910.0
37304,Sepulcro-Hilario,153.0
24211,Villamandos,272.0
24215,Villamol,134.0
24226,Villaselán,180.0
28130,San Fernando de Henares,39059.0
17060,Darníus,563.0
17066,Figueras,49689.0
17112,Ogassa,222.0
17125,Pardinas,168.0
17019,Besalú,2592.0
03058,Cox,7722.0
41050,Herrera,6575.0
49054,Corrales del Vino,930.0
37244,Peñacaballera,149.0
17042,Capmany,680.0
17086,La Junquera,3420.0
03050,El Campello,31419.0
31216,Sangüesa,4883.0
21029,Cumbres Mayores,1708.0
21034,Galaroza,1366.0
21014,Bonares,6125.0
21027,Cumbres de Enmedio,54.0
21040,Hinojos,4097.0
21006,Alosno,3986.0
02056,Ontur,1895.0
02059,Peñascosa,329.0
42063,Cihuela,35.0
41029,Castilleja de la Cuesta,17074.0
12113,Toga,106.0
46199,Puebla de Farnals,9255.0
46200,Puebla del Duc,2451.0
46187,Palma de Gandía,1897.0
47129,Quintanilla de Onésimo,1043.0
16167,Pozorrubio de Santiago,307.0
50245,Sigüés,72.0
50159,Maluenda,895.0
24171,Trabadelo,321.0
05087,Gotarrendura,173.0
21008,Aroche,2991.0
02039,Higueruela,1133.0
17158,San Clemente Sasebas,690.0
17003,Albañá,157.0
09016,Ameyugo,107.0
09194,Lerma,2629.0
37168,Lagunilla,414.0
37251,Peromingo,121.0
22041,Azara,167.0
09063,Cavia,246.0
24165,Sobrado,275.0
17134,Planolas,313.0
17043,Queralbs,202.0
09410,Valle de Mena,4155.0
09480,Zael,117.0
09482,Zarzosa de Río Pisuerga,29.0
09010,Alcocero de Mola,40.0
09054,Bozoó,101.0
09138,Fuentelisendo,96.0
08235,San Pol de Mar,5793.0
08035,Calella,20864.0
08261,Santa Susanna,4099.0
08110,Malgrat de Mar,19714.0
46095,Caudete de las Fuentes,725.0
46132,Genovés,2822.0
46129,Fuenterrobles,678.0
17167,San Juan de las Abadesas,3393.0
17177,San Pablo de Seguríes,719.0
21025,Cortegana,4617.0
21019,Campofrío,728.0
17011,La Armentera,1080.0
17012,Aviñonet de Puig Ventós,1671.0
21056,Paterna del Campo,3382.0
05241,El Tiemblo,4582.0
14015,Carcabuey,2302.0
04086,Sorbas,2564.0
33068,Somiedo,1031.0
17145,Ribas de Freser,1841.0
17147,Ripoll,10665.0
29074,Montejaque,945.0
02037,Hellín,30836.0
17224,Vilallonga de Ter,395.0
08203,San Cipriano de Vallalta,3872.0
46166,Meliana,11055.0
46248,Turís,7717.0
08163,Pineda de Mar,30108.0
17010,Argelaguer,468.0
25063,Caneján,95.0
17139,Las Presas,1948.0
17091,Llanás,516.0
17096,Las Llosas,197.0
17107,Molló,351.0
25059,Bosost,1189.0
17114,Olot,39519.0
06078,Malpartida de la Serena,508.0
24163,Sariegos,5456.0
46142,Jalance,808.0
03116,Salinas,1828.0
16023,Chillarón de Cuenca,907.0
20080,Zumárraga,9678.0
12089,Peñíscola,8774.0
24058,Corbillos de los Oteros,174.0
24197,Vega de Infanzones,837.0
08187,Sabadell,225368.0
25057,Las Bordas,281.0
17133,Les Planes d'Hostoles,1746.0
02068,Robledo,382.0
24221,Villaquejida,763.0
46103,Cuartell,1810.0
46183,Ollería,8818.0
46128,Fuente la Higuera,2022.0
46216,Rocafort,7751.0
46255,Villalonga,4865.0
16122,Mariana,332.0
21030,Chucena,2306.0
21038,Higuera de la Sierra,1292.0
17098,Mayá de Moncal,498.0
17105,Mieras,369.0
17109,Montagut y Oix,1011.0
17021,Beuda,203.0
08155,Palafolls,10038.0
08284,Tordera,19039.0
17046,Castellfullit de la Roca,966.0
12087,Palanques,34.0
21072,Valverde del Camino,12631.0
25121,Lés,1036.0
17149,Riudaura,526.0
17154,Sales de Llierca,164.0
17016,Báscara,1049.0
17234,Viure,226.0
17029,Boadella,262.0
06042,Cheles,1175.0
46173,Montaberner,1624.0
46246,Tous,1354.0
17030,Cabanas,995.0
17032,Cadaqués,2918.0
17026,Borrassà,804.0
17031,Cabanellas,286.0
24112,Peranzanes,276.0
24137,Sabero,1020.0
21013,Bollullos Par del Condado,14314.0
29008,Alhaurín el Grande,27552.0
17005,Alfar,628.0
17074,Fortiá,793.0
06075,Magacela,502.0
24036,Valle de Ancares,256.0
46146,Jeresa,2418.0
46224,Segart,180.0
22168,Palo,31.0
47080,Manzanillo,48.0
17047,Castellón de Ampurias,12201.0
17051,Cistella,283.0
17192,Setcasas,195.0
17201,San Cristóbal de Tosas,198.0
17170,Vallfogona,225.0
03115,Sagra,441.0
12020,Barracas,188.0
11033,San Roque,34310.0
21021,Cartaya,21471.0
11028,Puerto Real,42527.0
16150,Paracuellos,105.0
22019,Alerre,224.0
12110,Teresa,254.0
17054,Colera,494.0
17062,La Escala,10374.0
46247,Tuéjar,1278.0
46226,Sempere,33.0
46170,Mogente,4401.0
46101,Cuart de les Valls,1029.0
46218,Ròtova,1283.0
46107,Chella,2452.0
25031,Arrés,58.0
25045,Bausen,62.0
24142,San Andrés del Rabanedo,29944.0
10068,Cuacos de Yuste,809.0
17140,Puerto de la Selva,1053.0
17151,Riumors,253.0
17152,Rosas,20365.0
20064,Pasajes,15820.0
20019,Beasáin,14048.0
25086,Esterri de Aneu,917.0
25903,La Guingueta d'Àneu,278.0
25901,Vall de Cardós,388.0
34177,Soto de Cerrato,166.0
34180,Támara de Campos,70.0
47035,Carpio,923.0
30032,Pliego,4003.0
25243,Viella y Medio Arán,5865.0
25247,Vilamós,174.0
22149,Loarre,358.0
46162,Masalavés,1905.0
47037,Castrejón de Trabancos,171.0
16067,Castejón,120.0
19209,Pardos,33.0
17120,Palau Sabardera,1535.0
17128,Pau,560.0
24183,Valderrueda,817.0
24121,Puebla de Lillo,641.0
24167,Soto y Amío,706.0
07002,Alayor,10217.0
09064,Caleruega,385.0
24088,Laguna de Negrillos,1056.0
06096,Orellana de la Sierra,250.0
37141,Gajates,135.0
09323,Rojas,62.0
24223,Villarejo de Órbigo,2856.0
24193,La Vecilla,383.0
07017,Costitx,1591.0
46077,Buñol,9858.0
46114,Domeño,723.0
46112,Chulilla,710.0
30011,Blanca,6882.0
20039,Guetaria,2887.0
24082,Hospital de Órbigo,948.0
24209,Villafranca del Bierzo,2591.0
17077,Garriguella,989.0
17075,Garrigás,480.0
17115,Ordis,409.0
17119,Palau de Santa Eulalia,124.0
37374,Villoria,1239.0
17171,San Lorenzo de la Muga,247.0
46099,Cortes de Pallás,727.0
46121,Estubeny,110.0
17106,Mollet de Peralada,202.0
17111,Navata,1507.0
08121,Mataró,131683.0
34160,San Cebrián de Mudá,142.0
37331,Valdefuentes de Sangusín,182.0
03103,Penáguila,305.0
37037,La Atalaya,102.0
19210,Paredes de Sigüenza,21.0
34222,Villameriel,109.0
34087,Hornillos de Cerrato,171.0
34227,Villanueva del Rebollar,67.0
34086,Hontoria de Cerrato,108.0
40162,Prádena,473.0
34130,Piña de Campos,185.0
34178,Tabanera de Cerrato,133.0
25126,Llavorsí,342.0
17165,San Jaime de Llierca,863.0
06114,Risco,126.0
30031,Ojós,548.0
46116,La Eliana,19839.0
46124,Fontanares,936.0
17088,Lladó,822.0
17092,Llansá,4892.0
08281,Teyá,6898.0
08003,Alella,10262.0
17183,Sant Aniol de Finestrás,382.0
25024,Alto Aneu,453.0
06155,Villar del Rey,2064.0
28055,Estremera,1473.0
08009,Argentona,12891.0
07004,Algaida,6357.0
03082,Jávea,30642.0
07001,Alaró,6121.0
07012,Campanet,2859.0
17129,Pedret y Marsá,208.0
17132,Perelada,2077.0
34155,Ribas de Campos,150.0
34092,Lantadilla,277.0
17135,Pont de Molins,585.0
17136,Pontós,296.0
25123,Lladorre,246.0
25087,Esterri de Cardós,63.0
07029,Lloseta,6463.0
07020,Esporlas,5264.0
25245,Vilaller,496.0
43155,Tortosa,35997.0
17182,Santa Leocadia de Algama,396.0
17187,"Saus, Camallera i Llampaies",897.0
17198,Torroella de Fluviá,778.0
17210,Ventalló,914.0
17093,Llers,1269.0
17100,Masarach,287.0
34103,Mazuecos de Valdeginate,78.0
34903,Loma de Ucieza,186.0
34210,Villahán,96.0
28178,Villanueva de Perales,1715.0
28107,Patones,617.0
28033,Campo Real,6974.0
28167,Velilla de San Antonio,14468.0
28061,Galapagar,36758.0
34158,Salinas de Pisuerga,348.0
14008,Belalcázar,3093.0
14006,Añora,1487.0
34140,La Puebla de Valdavia,79.0
34902,Valle del Retortillo,155.0
47040,Castrobol,43.0
49090,Gema,201.0
34015,Arconada,45.0
34106,Meneses de Campos,109.0
34100,Mantinos,142.0
17185,San Juan les Fonts,3167.0
25221,Tirvia,141.0
17226,Vilamalla,1205.0
17227,Vilamaniscle,185.0
34088,Husillos,413.0
34147,Renedo de la Vega,193.0
37060,Buenavista,368.0
09181,Isar,279.0
25183,Rialp,654.0
25208,Soriguera,446.0
25209,Sort,2236.0
34082,Hérmedes de Cerrato,72.0
34114,Olmos de Ojeda,166.0
28166,Valverde de Alcalá,565.0
46150,Luchente,2314.0
34139,Prádanos de Ojeda,181.0
34196,Valle de Cerrato,77.0
34151,Respenda de la Peña,140.0
34126,Pedrosa de la Vega,277.0
17161,San Feliu de Pallarols,1700.0
25082,Espot,377.0
17228,Vilanant,406.0
17222,Vilahur,164.0
08197,San Andrés de Llavaneras,11938.0
08264,San Vicente de Montalt,6802.0
34211,Villaherreros,211.0
34122,Páramo de Boedo,103.0
17188,La Selva de Mar,223.0
17196,Terradas,337.0
17184,Santa Pau,1579.0
25039,Bajo Pallars,345.0
22195,Quicena,391.0
37139,Fuentes de Béjar,239.0
09348,Santa Inés,153.0
14003,Alcaracejos,1512.0
28002,Ajalvir,4868.0
08153,Orrius,812.0
08030,Cabrils,7765.0
17162,San Ferreol,245.0
25017,Alíns,269.0
25089,Farrera,118.0
32058,Pereiro de Aguiar,6794.0
32059,La Peroja,1793.0
08006,Arenys de Mar,17042.0
08040,Canet de Mar,15198.0
34214,Villalba de Guardo,194.0
34220,Villamartín de Campos,170.0
46068,Benisoda,494.0
08075,Dosrius,6287.0
08126,Montgat,12879.0
08282,Tiana,9331.0
27035,Negueira de Muñiz,236.0
32076,San Cristóbal de Cea,1963.0
40104,Ituero y Lama,492.0
40215,Valtiendas,75.0
27004,Baleira,1093.0
32037,Junquera de Espadañedo,696.0
08172,Premiá de Mar,29431.0
08230,Premiá de Dalt,10632.0
34904,La Pernía,297.0
34102,Mazariegos,202.0
17036,Campdevánol,3241.0
17037,Campellas,163.0
17080,Gombreny,206.0
14007,Baena,18386.0
08007,Arenys de Munt,9558.0
08032,Caldetas,3356.0
46092,Castielfabib,284.0
46104,Cuatretonda,2174.0
33033,Lena,10382.0
17175,San Miguel de Fluviá,860.0
17176,San Mori,163.0
17178,San Pedro Pescador,2290.0
37155,Guijo de Ávila,81.0
09110,Contreras,81.0
46204,El Puig de Santa Maria,9490.0
46241,Titaguas,517.0
27022,Guitiriz,5180.0
27012,Cervantes,1142.0
34125,Pedraza de Campos,73.0
34141,Quintana del Puente,248.0
14004,Almedinilla,2302.0
14005,Almodóvar del Río,8040.0
46037,Alquería de la Condesa,1547.0
40149,Olombrada,490.0
03096,Onil,8114.0
46075,Bufali,162.0
08219,Vilasar de Mar,21227.0
08214,Vilasar de Dalt,9404.0
17180,Santa Coloma de Farnés,13993.0
17193,Sils,6920.0
17028,Bruñola,401.0
17202,Tosa de Mar,6347.0
08118,El Masnou,24761.0
08029,Cabrera de Mar,5045.0
17221,Vilafant,5663.0
17223,Vilajuïga,1177.0
17225,Vilamacolum,406.0
34058,Cevico Navero,175.0
47096,Morales de Campos,128.0
47115,Peñaflor de Hornija,350.0
14072,Villaralto,1059.0
14070,Villanueva del Duque,1409.0
46060,Benifayó,12262.0
46064,Benimuslem,674.0
33064,Santo Adriano,281.0
33058,Riosa,1686.0
17214,Vilabertran,961.0
17217,Viladamat,500.0
32022,Castrelo de Miño,1289.0
27037,Los Nogales,914.0
33052,Proaza,686.0
33067,Sobrescobio,838.0
46045,Barcheta,1578.0
12072,Lucena del Cid,1421.0
34093,La Vid de Ojeda,82.0
34084,Herrera de Valdecañas,148.0
46030,Algimia de Alfara,1115.0
40231,Yanguas de Eresma,117.0
40068,Domingo García,29.0
14073,Villaviciosa de Córdoba,3043.0
14074,El Viso,2499.0
17200,Tortellá,849.0
17208,Vall de Vianya,1347.0
40106,Juarros de Voltoya,185.0
40234,Zarzuela del Pinar,408.0
40092,Fuentidueña,125.0
47071,Geria,492.0
47089,Melgar de Arriba,161.0
47109,Palazuelo de Vedija,164.0
34218,Villaluenga de la Vega,519.0
34108,Monzón de Campos,608.0
33043,Onís,739.0
33040,Nava,5244.0
46057,Benicolet,610.0
46079,Calles,465.0
17095,Lloret de Mar,43000.0
17023,Blanes,42699.0
17009,Arbucias,6665.0
17116,Osor,430.0
10901,Rosalejo,1268.0
22059,Biescas,1640.0
22226,Tardienta,952.0
21074,Villalba del Alcor,3303.0
03045,Bolulla,490.0
13087,Valdepeñas,30782.0
17007,Amer,2422.0
17008,Anglés,5944.0
14071,Villanueva del Rey,1031.0
14069,Villanueva de Córdoba,8328.0
07015,Ciudadela de Menorca,32431.0
41007,La Algaba,16803.0
14002,Aguilar de la Frontera,13130.0
14033,Guadalcázar,1589.0
33078,Yernes y Tameza,134.0
33065,Sariego,1252.0
33029,Illano,277.0
17002,Aiguaviva,804.0
17020,Bescanó,5088.0
46046,Bárig,1501.0
46172,Monserrat,10062.0
12130,Villahermosa del Río,473.0
12101,San Rafael del Río,532.0
03005,Albatera,13566.0
08193,San Acisclo de Vallalta,1477.0
25252,Vilasana,753.0
13089,Villahermosa,1712.0
22061,Binéfar,10235.0
31028,Arce,290.0
22066,Boltaña,1089.0
21054,La Palma del Condado,10841.0
46196,Pinet,156.0
46257,Castellón,6972.0
46195,Piles,3151.0
20077,Villarreal de Urrechua,6730.0
10082,Garrovillas de Alconétar,1941.0
46018,Alcublas,710.0
25173,El Pont de Suert,2381.0
17207,Vall de Bas,3269.0
25043,Valle de Bohí,1122.0
27055,Samos,1158.0
27019,Foz,10329.0
27006,Becerreá,2836.0
46180,Novelé,872.0
14037,Iznájar,3676.0
31251,Viana,4441.0
17089,Llagostera,9585.0
17090,Llambillas,737.0
27040,Palas de Rey,3227.0
15046,Mellid,7817.0
32069,Ribadavia,4895.0
17148,Riudarenas,2532.0
08082,Fogás de Tordera,1704.0
03113,Rojales,17652.0
03066,Elda,55222.0
32042,Lobios,1776.0
32049,Montederramo,660.0
17025,Bordils,1841.0
17038,Camplloch,534.0
17040,Canet de Adri,744.0
32024,Celanova,5723.0
32020,Cartelle,2466.0
03006,Alcalalí,1428.0
03015,Almoradí,22965.0
48084,Sestao,28512.0
28113,Pinto,56651.0
13061,Pedro Muñoz,7585.0
40163,Puebla de Pedraza,56.0
47122,Portillo,2377.0
46016,Alcántara de Júcar,1468.0
46126,Foyos,7995.0
47142,San Cebrián de Mazote,99.0
47181,Valdenebro de los Valles,187.0
17033,Caldas de Malavella,8673.0
17146,Riells,4635.0
32026,Coles,3228.0
32045,Maside,2768.0
03001,Adsubia,589.0
03004,Aguas de Busot,1199.0
47200,Villaco,72.0
47098,Mucientes,690.0
47058,Cuenca de Campos,179.0
46053,Benegida,659.0
12056,Chóvar,316.0
47164,Tordehumos,362.0
47185,Valverde de Campos,89.0
15047,Mesía,2367.0
27008,Bóveda,1369.0
21017,Calañas,2749.0
21002,Aljaraque,22737.0
48902,Erandio,24659.0
30026,Mazarrón,35449.0
46233,Sollana,5089.0
12028,Benicasim,20539.0
16087,Fuentelespino de Haro,230.0
16098,El Herrumblar,800.0
17044,Cassá de la Selva,11131.0
17049,Celrá,5621.0
27023,Guntín,2501.0
27063,Valle de Oro,1845.0
03010,Alfafara,419.0
03008,Alcolecha,184.0
17050,Cerviá de Ter,1029.0
17067,Flassá,1175.0
48059,Mañaria,539.0
29041,Casares,9009.0
03047,Calpe,27616.0
46115,Dos Aguas,340.0
47140,Saelices de Mayorga,116.0
40118,Marazuela,58.0
40172,Riofrío de Riaza,29.0
17073,Fornells de la Selva,2818.0
17087,Juià,319.0
03119,San Juan de Alicante,26834.0
03063,Denia,47261.0
46251,Vallada,3091.0
46071,Bicorp,546.0
12080,Morella,2501.0
12002,Ahín,133.0
15085,Touro,3342.0
32077,Sandianes,1086.0
40134,Mozoncillo,916.0
40190,Santo Domingo de Pirón,51.0
40152,Otero de Herreros,987.0
47099,La Mudarra,167.0
47088,Melgar de Abajo,117.0
03011,Alfaz del Pi,21080.0
03007,Alcocer de Planes,263.0
40157,Pelayos del Arroyo,45.0
40112,La Lastrilla,4781.0
49149,Peñausende,386.0
37350,Vilvestre,374.0
03013,Algueña,1328.0
03017,Alquería de Aznar,519.0
32082,Trasmiras,1216.0
03028,Beniarrés,1117.0
12902,San Juan de Moró,3695.0
27033,Muras,577.0
27065,Villalba,13852.0
36052,Silleda,8917.0
32019,Carballino,14249.0
27049,Puertomarín,1277.0
15073,Ribeira,27102.0
47152,Santa Eufemia del Arroyo,78.0
47177,Urones de Castroponce,94.0
32032,Ginzo de Limia,9699.0
27047,Puebla del Brollón,1610.0
16064,Casas de Haro,812.0
50177,Morés,303.0
16101,El Hito,118.0
36032,Moraña,4131.0
32031,Esgos,1103.0
29068,Manilva,18165.0
21043,Jabugo,2183.0
03023,Benejama,1696.0
03021,Banyeres de Mariola,7347.0
15041,Laracha,11781.0
15060,Oroso,7776.0
33067,Sobrescobio,838.0
20063,Oyarzun,10480.0
18100,Huétor Tájar,10749.0
32009,El Barco de Valdeorras,13368.0
36027,Meaño,5237.0
22222,Siétamo,697.0
40130,Montejo de la Vega de la Serrezuela,121.0
34131,Población de Arroyo,44.0
40061,Corral de Ayllón,76.0
40071,Encinas,39.0
12104,Segorbe,9805.0
46122,Faura,3753.0
46217,Rotglá y Corbera,1171.0
46048,Bellreguart,5032.0
12027,Benicarló,30296.0
29065,Júzcar,208.0
32018,Carballeda de Avia,1172.0
32081,Toén,2327.0
40111,Lastras del Pozo,55.0
40150,Orejana,61.0
32078,Sarreaus,1068.0
36031,Mondariz-Balneario,742.0
32036,Junquera de Ambía,1346.0
36059,Villa de Cruces,4967.0
03082,Jávea,30642.0
36007,Campo Lameiro,1667.0
32051,Muiños,1385.0
32056,Padrenda,1555.0
38040,Santiago del Teide,12582.0
28052,Chinchón,5800.0
24205,Villadangos del Páramo,1268.0
24198,Vega de Valcarce,555.0
32040,Leiro,1517.0
32023,Castro Caldelas,1244.0
46221,Salem,407.0
46145,Játiva,31008.0
22249,Villanova,171.0
50214,Pomer,23.0
03042,Benitachell,4911.0
36022,El Grove,10833.0
32061,Piñor,1103.0
15062,Outes,5998.0
16049,El Cañavate,125.0
16053,Cañizares,441.0
11021,Jimena de la Frontera,6719.0
30022,Jumilla,27574.0
40101,Hontanares de Eresma,1680.0
40127,Membibre de la Hoz,42.0
27064,Vicedo,1553.0
27007,Begonte,2886.0
32030,Entrimo,1093.0
32074,San Amaro,1030.0
46077,Buñol,9858.0
03045,Bolulla,490.0
32047,La Merca,1962.0
32017,Carballeda de Valdeorras,1311.0
36021,Gondomar,15066.0
32072,Rúa,4214.0
27013,Cervo,4137.0
27043,Páramo,1265.0
21035,Gibraleón,13261.0
21016,Cala,1106.0
28903,Tres Cantos,54592.0
22218,Senés de Alcubierre,49.0
46254,Venta del Moro,1143.0
12093,Puebla de Benifasar,229.0
12063,Fuente la Reina,55.0
32015,El Bollo,789.0
36029,Moaña,19320.0
03064,Dolores,8326.0
12014,Ares del Maestre,181.0
03083,Jijona,7669.0
46008,Albalat de la Ribera,3523.0
22143,Laspaúles,255.0
44060,Cañada de Benatanduz,40.0
22130,Jaca,14024.0
22136,Lalueza,849.0
15022,Cedeira,6547.0
15003,Aranga,1793.0
35031,Valsequillo de Gran Canaria,9869.0
36009,La Cañiza,4990.0
32079,Taboadela,1480.0
15048,Miño,7108.0
15092,Vimianzo,6768.0
12013,Arañuel,148.0
12061,Forcall,475.0
12125,Vall de Almonacid,284.0
46252,Vallanca,128.0
03139,Villajoyosa,37449.0
44252,Villahermosa del Campo,91.0
50164,Mediana de Aragón,469.0
44047,Burbáguena,396.0
47199,Villacid de Campos,83.0
47015,Becilla de Valderaduey,206.0
15005,Arteijo,34403.0
44177,Pancrudo,118.0
44020,Alpeñés,27.0
44096,Ejulve,172.0
22107,Fanlo,114.0
50125,Ibdes,351.0
15089,Vedra,4903.0
15086,Trazo,2986.0
32075,San Ciprián de Viñas,5751.0
32080,La Teijeira,328.0
15015,Cabañas,3287.0
44043,Blesa,74.0
22200,Sahún,320.0
24189,Valverde de la Virgen,7936.0
46181,Oliva,26813.0
36016,Dozón,961.0
36037,Pazos de Borbén,3046.0
15013,Brión,8192.0
15075,Sada,17421.0
12138,Vinaroz,30529.0
46181,Oliva,26813.0
34129,Pino del Río,162.0
46903,San Antonio de Benagéber,11192.0
46102,Cuart de Poblet,26967.0
46215,Riola,1820.0
15007,La Baña,3239.0
15002,Ames,33276.0
44167,Obón,35.0
50267,Uncastillo,594.0
22908,Hoz y Costeán,225.0
46073,Bolbaite,1320.0
46236,Sumacárcel,1013.0
46017,Alcira,48236.0
03050,El Campello,31419.0
12087,Palanques,34.0
12089,Peñíscola,8774.0
15091,Villarmayor,1242.0
15023,Cee,7731.0
50122,Grisel,101.0
50113,Fuendejalón,774.0
03076,Guardamar del Segura,18564.0
03032,Benifallim,130.0
32012,Blancos,696.0
32005,Baltar,849.0
32021,Castrelo del Valle,947.0
32025,Cenlle,1066.0
15038,Frades,2117.0
36039,Porriño,20965.0
12041,Castillo de Villamalefa,110.0
46004,Agullent,2438.0
11034,Setenil de las Bodegas,2634.0
32088,Villamartín de Valdeorras,1817.0
15031,Culleredo,31254.0
27032,Monterroso,3744.0
37041,Barbalos,70.0
34123,Paredes de Nava,1927.0
12031,Borriol,6018.0
46174,Montesa,1128.0
15014,Cabana de Bergantiños,4067.0
27011,Castroverde,2478.0
15054,Narón,39953.0
15033,Dodro,2589.0
44113,Fuentes de Rubielos,148.0
50031,Aranda de Moncayo,112.0
28150,Torrejón de Velasco,4900.0
29017,Archidona,8105.0
27053,Ribera de Piquín,549.0
27045,Piedrafita,868.0
36035,Nigrán,18174.0
32043,Maceda,2874.0
46130,Gabarda,1023.0
46111,Chiva,17951.0
15020,Carnota,3780.0
27010,Castro de Rey,5001.0
15016,Camariñas,5075.0
15035,Fene,12467.0
27029,Meira,1773.0
27902,Burela,9630.0
15039,Irijoa,1343.0
15040,Lage,2883.0
36017,La Estrada,20112.0
12138,Vinaroz,30529.0
31211,Roncesvalles,25.0
44200,Rubielos de la Cérida,20.0
50010,Alberite de San Juan,79.0
50090,Cubel,145.0
09289,Quintanar de la Sierra,1474.0
07014,Capdepera,13135.0
30027,Molina de Segura,78458.0
48082,Santurce,46442.0
46184,Onteniente,37012.0
46113,Daimuz,3524.0
12095,Ribesalbes,1191.0
46065,Beniparrell,2108.0
46026,Alfarp,1763.0
03012,Algorfa,3788.0
03902,Pilar de la Horadada,24316.0
27025,Xove,3269.0
15017,Cambre,24765.0
44045,Bronchales,465.0
50281,Vierlas,88.0
36024,Lalín,20292.0
15061,Ortigueira,5384.0
22232,Torralba de Aragón,105.0
50075,Castejón de Alarba,75.0
19190,Molina de Aragón,3281.0
45173,Torrijos,14307.0
44165,Nogueruelas,188.0
22012,Albero Bajo,109.0
50144,Longás,45.0
22122,Hoz de Jaca,81.0
15087,Valdoviño,6818.0
27050,Quiroga,3040.0
50268,Undués de Lerda,60.0
50011,Albeta,138.0
44001,Ababuj,73.0
22013,Alberuela de Tubo,270.0
50088,Cosuenda,344.0
06139,Valencia de las Torres,486.0
10066,Conquista de la Sierra,193.0
13017,Anchuras,267.0
15901,Cariño,3661.0
32001,Allariz,6497.0
17169000200,Mediñá,863.0
25508,Aransís,
25523,Benavent de Tremp,
12006000200,Benitandús,18.0
12006000200,Benitandús,19.0
25217000700,El Talladell,235.0
25107,Guardia de Tremp,
25549,Isil,
25565,La Pobleta de Bellveí,
03901000100,Miraflor,302.0
25904000800,Mur,1.0
25577,Son del Pino,
25578,Sorpe,
11036,Torre Alháquime,781.0
45053,Consuegra,9767.0
32002,Amoeiro,2443.0
32087,Villamarín,1836.0
09374,Susinos del Páramo,115.0
38026,La Orotava,42514.0
15012,Boqueijón,4219.0
15029,Coristanco,5710.0
27054,Riotorto,1182.0
27059,Sober,2090.0
12016,Artana,1993.0
03093,Novelda,26606.0
27038,Orol,965.0
27034,Navia de Suarna,971.0
40230,Villeguillo,129.0
28100,Nuevo Baztán,7429.0
27003,Antas de Ulla,1822.0
36060,Villagarcía de Arosa,37888.0
29055,Fuente de Piedra,3045.0
48908,Murueta,311.0
09413,Valle de Valdebezana,479.0
34048,Castil de Vela,54.0
32086,Viana del Bollo,2715.0
32048,La Mezquita,996.0
32008,Barbadanes,11201.0
36047,Rodeiro,2232.0
03076,Guardamar del Segura,18564.0
10139,Pedroso de Acim,90.0
44261,Villarquemado,901.0
45174,Totanés,361.0
45094,Mascaraque,441.0
21049,Minas de Riotinto,3698.0
27015,Cospeito,4172.0
27046,Pol,1550.0
13027,Calzada de Calatrava,3668.0
40051,Castroserracín,24.0
36008,Cangas de Morrazo,26711.0
36054,Tomiño,13738.0
36044,Puentecesures,3076.0
32011,Beariz,901.0
45105,Montesclaros,377.0
34046,Cardeñosa de Volpejera,64.0
07031,Llucmajor,40502.0
45161,Seseña,30907.0
15024,Cerceda,5116.0
15032,Curtis,4242.0
14013,Cabra,19995.0
37140,Fuentes de Oñoro,1012.0
32084,Verea,974.0
36040,Portas,2748.0
36046,Ribadumia,5166.0
36053,Sotomayor,7589.0
32064,Puentedeva,458.0
36041,Poyo,17434.0
32038,Laroco,484.0
45096,Mazarambroz,1251.0
45066,Fuensalida,12669.0
15059,Órdenes,12990.0
15049,Moeche,1194.0
48912,Alonsótegui,2991.0
13083,Torralba de Calatrava,3068.0
09235,Olmedillo de Roa,188.0
31082,Echalar,807.0
32029,Chandreja de Queija,467.0
36056,Valga,5779.0
47231,Zaratán,6386.0
32033,Gomesende,646.0
32003,Arnoya,949.0
45143,Quismondo,1857.0
06066,Higuera de Vargas,1830.0
03097,Orba,2399.0
03094,La Nucía,19121.0
28514,Vallecas,
39015001300,Espinama,90.0
12100,San Mateo,2021.0
50279,Velilla de Jiloca,90.0
22157,Montanuy,230.0
32062,Porquera,806.0
36043,Puentecaldelas,5609.0
15077,Santa Comba,9442.0
15076,San Saturnino,2738.0
36049,Salceda de Caselas,9409.0
32066,Quintela de Leirado,587.0
15050,Monfero,1816.0
27056,Rábade,1514.0
25104,Grañena,149.0
25200,Sarroca,383.0
25055,Biosca,185.0
32055,Paderne de Allariz,1346.0
27027,Lorenzana,2083.0
27009,Carballedo,1987.0
27026,Láncara,2489.0
03075,Guadalest,284.0
03120,San Miguel de Salinas,7177.0
22006,Aísa,326.0
44026,Arcos de las Salinas,105.0
09035,Baños de Valdearados,322.0
41060,Marchena,19405.0
22143000800,Llagunas,7.0
22155000200,Monesma,36.0
22598,Muro de Roda,
28504,Canillas,20924.0
25589,Valencia de Aneu,
09044000300,Hiniestra,8.0
32500,Acebedo del Río,
08521,Santa Cruz de Olorde,
28501,Aravaca,
28505,Canillejas,
09904000600,Temiño,70.0
01035,Lezama,
28513,El Pardo,
09904000300,Riocerezo,101.0
09904000500,Robredo-Temiño,35.0
09904000500,Robredo-Temiño,40.0
09125000200,Arroyo de Muñó,18.0
09125000200,Arroyo de Muñó,19.0
09904000200,Melgosa,28.0
09135000100,Calzada de Bureba,33.0
09056000200,Cameno,22.0
09056000200,Cameno,23.0
09056000400,Revillagodos,12.0
09334000100,Buezo,7.0
10050,Casar de Palomero,991.0
10126,Montánchez,1597.0
32013,Boborás,2167.0
36014,Creciente,1921.0
37178,Malpartida,74.0
47153,Santervás de Campos,100.0
36012,Cotobad,4290.0
15026,Cesuras,2131.0
09411000300,Villalbos,14.0
28509,Fuencarral,16377.0
36050,Salvatierra de Miño,10617.0
32092,Villarino de Conso,501.0
32091,Villardevós,1616.0
41012,Aznalcázar,4875.0
29005,Algarrobo,7103.0
11008,Los Barrios,24449.0
05113,Los Llanos de Tormes,57.0
25148,Odén,231.0
25131,Masalcorreig,592.0
24031,Calzada del Coto,217.0
24184,Valdesamario,167.0
34146,Reinoso de Cerrato,58.0
07043,Porreras,5892.0
03100,Parcent,1037.0
12084,Onda,26190.0
15070,Puentes de García Rodríguez,9796.0
15081,As Somozas,1042.0
25219,Tarroja de Segarra,164.0
25136,Molsosa,100.0
27017,Folgoso de Caurel,921.0
27058,Saviñao,3470.0
15074,Rois,4358.0
15079,Santiso,1430.0
29022,Benadalid,226.0
29087,Sedella,607.0
27041,Pantón,2350.0
27061,Trabada,1070.0
24185,Val de San Lorenzo,480.0
50168,Mianos,25.0
43100,Els Pallaresos,5028.0
25204,Serós,1954.0
25154,Omélls de Nagaya,126.0
25113,Ibars de Urgel,1578.0
25124,Lladurs,186.0
50104,Farlete,372.0
03032,Benifallim,130.0
10006,Ahigal,1340.0
30043,Yecla,36453.0
25006,Albagés,339.0
25244,Vilagrasa,627.0
25118,Juncosa,377.0
29077,Parauta,271.0
21065,Sanlúcar de Guadiana,418.0
25163,La Coma i la Pedra,277.0
25142,Montoliu,488.0
29030,El Borge,958.0
29013,Alozaina,2127.0
29089,Teba,3708.0
29047,Cuevas Bajas,1341.0
15063,Oza de los Ríos,3204.0
25191,Sanahúja,385.0
25130,Maldá,239.0
44002,Abejuela,62.0
50178,Moros,274.0
44131,Josa,34.0
10010,Alcuéscar,2447.0
10089,Guijo de Galisteo,1460.0
25048,Bell Lloch,2364.0
25248,Vilanova de Bellpuig,1150.0
16061,Casas de Fernando Alonso,1041.0
05010,La Aldehuela,141.0
25049,Bellmunt de Urgel,174.0
25176,Preixana,401.0
15088,Valle del Dubra,3680.0
15071,Puerto del Son,9060.0
36005,Caldas de Reis,9615.0
15068,Puenteceso,5268.0
21075,Villanueva de las Cruces,379.0
29086,Sayalonga,1672.0
21067,Santa Ana la Real,466.0
21066,San Silvestre de Guzmán,649.0
43160,Vallmoll,1997.0
25909,La Vansa Fornols,187.0
25233,Torre-serona,405.0
25251,Vilanova de Segrià,1094.0
25099,Golmés,1909.0
08232,San Pedro de Riudevitlles,2516.0
27018,Fonsagrada,3073.0
27048,Puente Nuevo,2106.0
25109,Guimerá,250.0
25101,La Granadella,748.0
25911,Els Plans de Sió,506.0
25064,Castellar de la Ribera,131.0
12041,Castillo de Villamalefa,110.0
24222,Villaquilambre,18905.0
05151,Navacepedilla de Corneja,99.0
15045,Mazaricos,3721.0
15051,Mugardos,5203.0
27016,Chantada,8171.0
17097,Madremaña,280.0
36033,Mos,15233.0
29037,Cartajima,234.0
17173,San Martivell,271.0
17034,Calonge,12335.0
17022,La Bisbal del Ampurdán,11757.0
32063,Puebla de Trives,1929.0
27044,Pastoriza,2794.0
49098,Losacino,189.0
40053,Cerezo de Abajo,150.0
25004,Alamús,835.0
25186,Riner,269.0
25046,Belianes,514.0
20049,Lazcano,6087.0
38003,Alajeró,2061.0
29059,Humilladero,3373.0
21059,Puerto Moral,276.0
25143,Montornés de Segarra,87.0
25238,Vallbona de las Monjas,223.0
46017,Alcira,48236.0
29010,Almargen,1876.0
29040,Casarabonela,2800.0
25129,Llobera,201.0
25180,Puig Gros,269.0
25151,Olius,990.0
25905,Ribera del Ondara,437.0
25181,Puigvert de Agramunt,231.0
17166,San Jordi Desvalls,880.0
17216,Viladasens,206.0
095075,Montuenga,
28512,Húmera,
425074,Neguillas,
20507,Goyaz,
285009,Peralejo,
175006,Armadas y Vilajoan,
37209000400,Cilleros el Hondo,8.0
37273000100,Anaya de Huebra,2.0
16084,Fresneda de la Sierra,42.0
09274,Pradoluengo,1090.0
09238001200,Pino de Bureba,13.0
09238001200,Pino de Bureba,15.0
09308000300,Sotillo de Rioja,26.0
09238000201,La Aldea,3.0
28162000100,Alalpardo,2211.0
28162000100,Alalpardo,2473.0
28507,Carabanchel Bajo,
48524,Jeméin,
09903003200,Villarcayo,3024.0
09903003201,Villarcayo,3024.0
37032000600,Las Torres,283.0
19554,Romancos,
16505,Garcinarro,
16507,Jabalera,
16508,Mazarulleque,
25232,Torres de Segre,2317.0
43071,Horta de San Juan,1150.0
25041,Barbens,929.0
17142,Quart,4165.0
17155,Salt,34491.0
17018,Bellcaire,723.0
43149,Tivenys,948.0
43165,Vilabella,724.0
08236,San Quintín de Mediona,2580.0
29064,Jubrique,585.0
05213,San Juan del Olmo,73.0
25167,Pinós,274.0
25085,Estarás,161.0
40010,Aldeanueva del Codonal,105.0
37019,Aldearrodrigo,143.0
44068,Castelserás,804.0
20902,Lasarte-Oria,19435.0
25146,Navés,292.0
25212,Suñer,310.0
08206,San Cugat Sasgarrigas,1038.0
25102,La Granja d'Escarp,994.0
25103,Grañanella,154.0
25157,Ossó de Sió,198.0
25111,Guixes,125.0
25249,Vilanova de l'Aguda,192.0
25168,Poal,649.0
25902,Sant Martí de Río Corb,668.0
31151,Lerga,44.0
23905,Arroyo del Ojanco,2158.0
17013,Bagur,4291.0
17004,Albons,845.0
43074,Lloréns,2425.0
43029,Blancafort,392.0
43077,Mas de Barberáns,535.0
10023,Arroyomolinos,816.0
45154,San Román de los Montes,2191.0
50228,Rueda de Jalón,325.0
17186,Sarriá de Ter,5406.0
17215,Vilablareix,4077.0
43111,Puebla de Montornés,3440.0
43039,Capafonts,101.0
05254,Velayos,203.0
20062,Ormáiztegui,1293.0
46004,Agullent,2438.0
25122,Liñola,2762.0
43026,Benisanet,1186.0
29083,Riogordo,2839.0
13070,Puerto Lápice,824.0
25174,Portella,731.0
25141,Montolíu de Cervera,180.0
17144,Regencós,275.0
17153,Rupiá,325.0
17168,San Juan de Mollet,536.0
17163,San Gregorio,4191.0
05216,San Martín del Pimpollar,221.0
05257,Villafranca de la Sierra,128.0
17070,Fontanillas,171.0
17110,Montrás,1690.0
29057,Genalguacil,352.0
05189,Poyales del Hoyo,498.0
29006,Algatocín,816.0
05220,San Pedro del Arroyo,516.0
29072,Mollina,5528.0
17068,Foixá,298.0
17901,"Cruilles, Monells y San Sadurní",1350.0
17048,"Castillo de Aro, Playa de Aro y S'Agaró",12982.0
25205,Sidamunt,760.0
43159,Vallfogona de Riucorb,95.0
43117,Prat de Compte,174.0
05218,San Miguel de Serrezuela,103.0
17157,San Andrés Salou,161.0
17172,San Martín de Liémana,726.0
17169,San Julián de Ramis,3715.0
17191,Serra de Daró,240.0
17195,La Tallada,490.0
17197,Torrent,182.0
15042,Lousame,3056.0
32050,Monterrey,2403.0
17199,Torroella de Montgrí,12570.0
17232,Vilopriu,209.0
40084,Fuente el Olmo de Íscar,51.0
09243,Padilla de Arriba,86.0
46252,Vallanca,128.0
05263,Villatoro,150.0
29062,Iznate,940.0
17121,Palau-sator,311.0
17124,Pals,2534.0
43032,Bot,548.0
08227,San Martín Sarroca,3485.0
43043,El Catllar,5375.0
17160,San Feliu de Guíxols,23141.0
17181,Santa Cristina de Aro,5987.0
43082,El Masroig,473.0
43132,Rodoñá,519.0
43139,Santa Coloma de Queralt,2795.0
25062,Camarasa,788.0
25092,La Floresta,159.0
09363000100,Castrillo de Murcia,149.0
09363000100,Castrillo de Murcia,157.0
09044000400,San Juan de Ortega,24.0
17117,Palafrugell,24543.0
17118,Palamós,18933.0
28508,Chamartín de la Rosa,
28506,Carabanchel Alto,
20035,Ezquioga,451.0
09048000300,Eterna,8.0
09071000100,Arconada,8.0
09071000100,Arconada,9.0
09902000100,Avellanosa,54.0
09048000100,Avellanosa de Rioja,7.0
09904000100,Celada de la Torre,42.0
09238000600,Cornudilla,58.0
09238000600,Cornudilla,59.0
09411000100,Cueva Cardiel,26.0
04039,Darrícal,51.0
04007000200,Darrícal,51.0
04039,Darrícal,54.0
04007000200,Darrícal,54.0
28510,Hortaleza,1039.0
20035,Ichaso,604.0
17057,Corsá,1283.0
17055,Colomés,208.0
17085,Jafre,386.0
17081,Gualta,438.0
43905,Salou,31491.0
25022,Alós de Balaguer,118.0
29061,Istán,1707.0
05195,Riofrío,188.0
08146,Olesa de Bonesvalls,2135.0
08251,Santa Margarita y Monjós,7806.0
15030,La Coruña,251543.0
43027,La Bisbal de Montsant,214.0
43170,Vilarrodona,1382.0
43175,Villalba de los Arcos,611.0
43129,Riudoms,6891.0
25203,Seo de Urgel,13009.0
25137,Mollerusa,15763.0
17211,Verges,1167.0
17209,Vall-llobrega,891.0
15093,Zas,4199.0
10021,Arroyo de la Luz,5495.0
10069,La Cumbre,815.0
17218,Vilademuls,898.0
17190,Seriñá,1228.0
17159,San Felíu de Buxalleu,882.0
17126,Parlabá,432.0
17130,La Pera,447.0
15078,Santiago de Compostela,100965.0
25152,Olujas,167.0
43142,Sarral,1644.0
17076,Garrigolas,182.0
17902,Forallac,1790.0
27028,Lugo,100143.0
05266,Zapardiel de la Cañada,83.0
05209,San García de Ingelmos,64.0
43052,Cherta,1180.0
25217,Tárrega,19057.0
29039,Casabermeja,4214.0
05262,Villarejo del Valle,304.0
05193,Rasueros,150.0
05210,San Juan de la Encinilla,70.0
17203,Ultramort,218.0
17205,Ullastret,249.0
17103,Massanet de la Selva,8071.0
17150,Riudellots de la Selva,2125.0
08122,Mediona,2658.0
43018,Arnés,461.0
05253,Vega de Santa María,88.0
05260,Villanueva del Campillo,107.0
09295,Quintanilla del Coco,50.0
17204,Ullà,1258.0
17137,Porqueras,4811.0
17071,Fontcuberta,1483.0
36057,Vigo,294489.0
25554,Malpás,
43126,La Riera,1834.0
43151,Torre de Fontaubella,124.0
25194,San Ramón,483.0
29066,Macharaviaya,518.0
05226,Santa María de los Caballeros,53.0
21009,Arroyomolinos de León,907.0
17123,Palol de Revardit,459.0
17058,Crespiá,254.0
10032,Brozas,1718.0
05259,Villanueva del Aceral,86.0
34080000200,Intorcisa,49.0
34080000200,Intorcisa,50.0
09905000500,Moradillo de Sedano,13.0
09905000500,Moradillo de Sedano,16.0
09373000700,Puentes de Amaya,0.0
09006000200,Quintanaopio,16.0
26174000200,Quintanar de Rioja,35.0
09904000401,Rioseras,210.0
09904000400,Rioseras,210.0
09904000401,Rioseras,219.0
09904000400,Rioseras,219.0
09327000200,Rublacedo de Arriba,16.0
09006000300,Río Quintanilla,17.0
09006000300,Río Quintanilla,23.0
42165000800,Sarnago,2.0
28139,Serrada de la Fuente,
09043000300,Solduengo,16.0
09043000400,Terrazos,42.0
09056000500,Valdazo,27.0
09054000300,Villanueva Soportilla,24.0
09902001000,Zumel,46.0
46502,Ayacor,727.0
46081000100,Ayacor,727.0
17086000400,Requesens,0.0
17056,Cornellá del Terri,2414.0
17015,Bañolas,20865.0
17024,Bolvir,493.0
17061,Das,261.0
17082,Guils de Cerdaña,557.0
17078,Ger,501.0
17065,Esponellà,446.0
17174,San Miguel de Campmajor,258.0
09412,Valle de Tobalina,877.0
09450,Villanueva de Carazo,24.0
09428,Villaescusa de Roa,95.0
05212,San Juan del Molinillo,238.0
09201,Mamolar,27.0
05211,San Juan de la Nava,422.0
17069,Fontanals de Cerdaña,516.0
17094,Llivia,1562.0
10060,Castañar de Ibor,1020.0
15004,Ares,6275.0
17164,San Hilario Sacalm,6069.0
17903,Sant Julià del Llor i Bonmatí,1457.0
43130,Rocafort de Queralt,247.0
43143,Savallá del Condado,49.0
43128,Riudecols,1264.0
17101,Massanas,882.0
17027,Breda,3969.0
10020,Almoharín,1771.0
05215,San Martín de la Vega del Alberche,163.0
11029,Puerto Serrano,6877.0
10142,Perales del Puerto,874.0
06143,Valverde de Leganés,4230.0
10152,Pozuelo de Zarzón,430.0
27001,Abadín,2239.0
36013,Covelo,2472.0
36038,Pontevedra,83316.0
05197,Salobral,109.0
10014,Aldeanueva de la Vera,1966.0
15019,Carballo,32120.0
27057,Sarria,13726.0
43019,Ascó,1589.0
43021,Barbará,476.0
25040,Balaguer,17729.0
43044,Cenia,5516.0
09391,Tórtoles de Esgueva,362.0
05904,Santiago de Tormes,104.0
43086,Montblanch,7542.0
43173,Vilella Alta,127.0
43133,Roquetas,8607.0
17099,Maranges,111.0
25139,Montellá Martinet,598.0
25175,Prats y Sampsor,252.0
36010,Catoria,3274.0
36058,Vilaboa,5856.0
43034,Bràfim,697.0
43067,Ginestar,800.0
43045,Colldejou,155.0
36028,Meis,4668.0
32054,Orense,105769.0
15001,Abegondo,5631.0
15090,Vilasantar,1233.0
17189,La Sellera de Ter,2027.0
17194,Susqueda,103.0
17083,Hostalric,4493.0
43136,San Carlos de la Rápita,16119.0
43073,Llorach,105.0
43009,Alforja,2024.0
15065,Padrón,8334.0
15052,Mugía,4326.0
43041,Caseres,250.0
31176,Murchante,4230.0
31154,Lezáun,248.0
43064,Gandesa,3150.0
43001,Aiguamurcia,987.0
43120,Querol,611.0
25058,Les Borges Blanques,6482.0
10111,Madrigal de la Vera,1536.0
09416,Valle de Zamanzas,46.0
25179,Prullans,270.0
17206,Urús,201.0
12022,Bejís,400.0
31178,Murillo el Cuende,701.0
31173,Monteagudo,1073.0
25172,Ponts,2653.0
43157,Ulldemolins,389.0
43154,Torroja,129.0
08083,Folgarolas,2262.0
08100,Gurb,2741.0
25127,Lles,290.0
17084,Isóbol,314.0
25913,Riu,96.0
17141,Puigcerdá,10035.0
17213,Vidreras,8862.0
17233,Viloví de Oñar,3297.0
08149,Olost,1209.0
08129,Muntanyola,697.0
08131,Montesquiu,1131.0
08067,Centelles,7864.0
08037,Calldetenes,2733.0
43163,Vendrell,41133.0
43092,Montroig,14615.0
08273,Subirats,3288.0
09279,Quemada,242.0
09390,Torresandino,565.0
09438,Villalba de Duero,720.0
09326,Rubena,207.0
16001,Abia de la Obispalía,68.0
16034,Belmontejo,122.0
05204,Sanchidrián,720.0
09269,Pinilla de los Moros,30.0
09228,Moradillo de Roa,167.0
05205,Sanchorreja,77.0
32089,Villar de Barrio,1178.0
32073,Rubiana,1391.0
08004,Alpens,267.0
08070,Collsuspina,391.0
17063,Espinelvas,261.0
25072,Cervera,9603.0
43127,Riudecañas,1362.0
09281,Quintana del Pidio,150.0
45180,Valmojado,4898.0
08305,Villafranca del Panadés,42607.0
06111,Rena,605.0
06141,Valencia del Ventoso,1870.0
36901,Isla de Arosa,4809.0
15067,Puebla del Caramiñal,9126.0
08091,Gélida,8198.0
43118,Pratdip,781.0
43076,Marsá,623.0
43176,Vimbodí y Poblet,887.0
43135,Salomó,519.0
08026,Brull,296.0
08017,Balenyá,4021.0
15027,Coirós,1945.0
32067,Rairiz de Veiga,1154.0
43172,Vilavert,493.0
43096,La Morera de Montsant,150.0
08117,Las Masías de Voltregá,3345.0
08116,Masías de Roda,758.0
43091,Mont-ral,174.0
43102,Paüls,558.0
08249,Santa Fe del Panadés,365.0
43093,Mora de Ebro,5811.0
25020,Almatret,292.0
09419,Valluércanes,70.0
09427,Villadiego,1453.0
08065,Castellví de la Marca,1721.0
43078,Masdenverge,1138.0
27042,Paradela,1557.0
15036,Ferrol,64367.0
32085,Verín,13956.0
36023,La Guardia,9970.0
06138,Valdetorres,1105.0
09400,Vadocondes,368.0
15083,Toques,1056.0
32053,Oimbra,1689.0
45139,Puerto de San Vicente,141.0
05191,Pradosegar,109.0
08109,Llusá,281.0
08160,Perafita,433.0
25206,Solerás,308.0
25225,Tornabous,832.0
08013,Avinyonet del Penedés,1782.0
05185,Peñalba de Ávila,104.0
05166,Navarredondilla,146.0
09199,Mambrilla de Castrejón,105.0
09256,Pedrosa de Duero,458.0
17006,Alp,1724.0
25051,Bellver de Cerdaña,2289.0
09906,Merindad de Río Ubierna,1400.0
09206,Mazuela,55.0
25197,Sant Guim de la Plana,190.0
43901,Deltebro,12041.0
25034,Artesa de Segre,3559.0
15034,Dumbría,2716.0
27020,Friol,3608.0
05178,Palacios de Goda,396.0
16011,Alcohujate,25.0
31020,Araiz,506.0
31179,Murillo el Fruto,665.0
31049,Basaburúa Mayor,819.0
31108,Fustiñana,2445.0
31118,Goñi,166.0
32028,Cualedro,1538.0
36048,El Rosal,6548.0
31135,Javier,106.0
31112,Garayoa,92.0
08151,Oristá,555.0
08150,Orís,355.0
08901,Rupit y Pruït,280.0
08195,San Agustín de Llusanés,106.0
43161,Valls,25518.0
43038,Cambrils,37042.0
32014,La Bola,1139.0
36019,Fornelos de Montes,1614.0
36003,Bayona,12361.0
08199,San Bartolomé del Grau,933.0
08201,San Baudilio de Llusanés,602.0
08215,San Hipólito de Voltregá,3666.0
25239,Les Valls de Valira,845.0
25114,Iborra,100.0
25044,Basella,216.0
43022,Batea,1875.0
08224,San Martín de Centellas,1263.0
08233,San Pedro de Torelló,2596.0
32068,Ramiranes,1485.0
32065,Pungín,748.0
08237,San Quirico de Besora,2164.0
08241,San Saturnino de Osormot,89.0
08243,Santa Cecilia de Voltregá,197.0
43089,Montferri,502.0
43010,Alió,496.0
27021,Germade,1665.0
32052,Nogueira de Ramuín,2074.0
34027,Barruelo de Santullán,1164.0
40033,Brieva,93.0
08171,Prats de Llusanés,2761.0
08183,Roda de Ter,6937.0
08112,Manlleu,21425.0
08111,Malla,285.0
08275,Tabérnolas,354.0
08280,Tavertet,128.0
08283,Tona,8527.0
43084,Miravet,703.0
25010,Alcanó,244.0
15043,Malpica de Bergantiños,5232.0
15021,Carral,6840.0
08254,L'Esquirol,2301.0
08269,Seva,3808.0
08271,Sobremunt,90.0
15044,Mañón,1218.0
36042,Puenteareas,23211.0
27060,Taboada,2617.0
15053,Muros,8173.0
25077,Coll de Nargó,585.0
43006,Aldover,901.0
25155,Orgañá,853.0
43119,Puigpelat,1222.0
43162,Vandellós y Hospitalet del Infante,7143.0
47005,Alcazarén,623.0
40043,Carbonero el Mayor,2463.0
25050,Bellpuig,5510.0
25240,Vallfogona de Balaguer,2009.0
08154,Pachs del Panadés,932.0
15006,Arzúa,5916.0
15069,Puentedeume,7431.0
32016,Calvos de Randín,650.0
36020,Golada,2225.0
15064,Paderne,2450.0
15010,Boimorto,1803.0
36006,Cambados,13787.0
08265,San Vicente de Torelló,2117.0
08246,Santa Eugenia de Berga,2348.0
32004,Avión,1719.0
27031,Monforte de Lemos,18933.0
15028,Corcubión,1659.0
15018,Capela,1165.0
27024,Incio,1513.0
36018,Forcarey,3067.0
27052,Ribas del Sil,894.0
32034,La Gudiña,1197.0
15025,Cerdido,1006.0
43906,Ampolla,3785.0
43904,La Aldea,4657.0
08220,San Julián de Vilatorta,3323.0
08225,San Martín del Bas,135.0
40019,Arahuetes,31.0
40008,Aldealengua de Santa María,50.0
46050,Benagéber,176.0
05051,La Carrera,155.0
31105,Fitero,2370.0
31150,Leoz,202.0
31908,Lecumberri,1746.0
15037,Finisterre,4666.0
15011,Boiro,18967.0
49257,Villanueva de Azoague,398.0
19163,Luzón,50.0
08253,Santa María de Besora,164.0
08247,Santa Eulalia de Riuprimer,1516.0
36001,Arbo,2603.0
36026,Marín,23991.0
43106,Pinell de Bray,948.0
43169,Vilaplana,549.0
43058,La Figuera,115.0
40012,Aldea Real,275.0
40009,Aldeanueva de la Serrezuela,42.0
08285,Torelló,15334.0
08298,Vic,50796.0
27066,Vivero,15120.0
27039,Otero de Rey,5420.0
09070,Carazo,42.0
40025,Barbolla,142.0
40044,Carrascal del Río,143.0
27030,Mondoñedo,3303.0
15057,Noya,14123.0
27051,Ribadeo,10022.0
47022,Bocos de Duero,79.0
31156,Lizoáin-Arriasgoiti,287.0
27014,Corgo,3366.0
15058,Oleiros,38793.0
36045,Redondela,28874.0
43113,Puente de Armentera,500.0
43037,Calafell,32624.0
43048,Corbera de Ebro,1023.0
25025,Alto Arán,1902.0
15008,Bergondo,7135.0
15080,Sobrado,1830.0
47003,Aguilar de Campos,258.0
10036,Cabrero,353.0
36061,Villanueva de Arosa,10159.0
32044,Manzaneda,767.0
17212,Vidrá,167.0
17220,Viladrau,1184.0
15056,Negreira,6969.0
15066,El Pino,4589.0
32035,Irijo,1340.0
32060,Petín,856.0
15009,Betanzos,13533.0
25110,Guisona,7774.0
43056,La Fatarella,840.0
15072,Rianjo,10758.0
15084,Tordoya,3152.0
36051,Sangenjo,18016.0
27062,Triacastela,589.0
36030,Mondariz,4456.0
08054,Castellbisbal,13061.0
08266,Sardañola del Vallés,58528.0
25908,Fígols y Aliñá,234.0
08240,San Sadurní de Noya,12911.0
40018,Añe,67.0
06041,Cristina,549.0
37154,Guadramiro,120.0
37052,Boada,259.0
37011,La Alberguería de Argañán,94.0
37162,Horcajo Medianero,199.0
17230,Vilasacra,878.0
25068,Castellnou de Seana,726.0
25016,Alguaire,3060.0
37005,La Alameda de Gardón,67.0
37006,La Alamedilla,94.0
24172,Truchas,371.0
23082,Siles,2067.0
18077,Fornes,526.0
18106,Játar,631.0
14902,La Guijarrosa,1358.0
21902,La Zarza-Perrunal,1181.0
46054,Benetúser,16734.0
46205,Puzol,21659.0
46258,Villar del Arzobispo,3862.0
46250,Valencia,840792.0
48916,Usánsolo,4565.0
12040,Castellón de la Plana,183711.0
08303,Vilanova de Sau,325.0
08904,Badía del Vallés,13060.0
43902,San Jaime de Enveija,3745.0
43167,Vilanova de Escornalbou,614.0
43075,Margalef de Montsant,106.0
37142,Galindo y Perahuy,713.0
37063,La Cabeza de Béjar,55.0
37143,Galinduste,401.0
25228,Torrefarrera,4900.0
43004,Alcanar,10104.0
43166,Vilallonga del Campo,2495.0
08145,Olérdola,3945.0
46230,Silla,20482.0
46194,Picasent,23202.0
09023,Arcos de la Llana,1823.0
49097,Justel,75.0
08252,Barberá del Vallés,33987.0
08051,Castellar del Vallés,25422.0
49093,Guarrate,313.0
37145,Gallegos de Argañán,259.0
47018,Berceruelo,36.0
40032,Boceguillas,746.0
40036,Cabezuela,655.0
08272,Sora,225.0
08278,Taradell,6854.0
21012,Berrocal,283.0
23076,Santa Elena,863.0
12135,Villarreal,53623.0
08180,Ripollet,39897.0
08184,Rubí,82823.0
08167,Polinyà,8581.0
03014,Alicante,366221.0
37171,Ledrada,476.0
37163,La Hoya,32.0
08205,San Cugat del Vallés,97983.0
08223,San Lorenzo Savall,2587.0
08279,Tarrasa,233270.0
08238,San Quirico del Vallés,20209.0
25081,Espluga Calva,324.0
43049,Cornudella,999.0
43153,Torredembarra,18237.0
43156,Ulldecona,6714.0
08304,Viloví,1154.0
08058,Castellet y Gornal,2776.0
46147,Liria,25333.0
46158,Macastre,1461.0
46261,Yátova,2325.0
08288,Torrellas de Foix,2746.0
08085,Fontrubí,1441.0
25910,Josá Tuixent,110.0
08120,Matadepera,9776.0
08179,Rellinars,926.0
37167,Juzbado,176.0
37151,Golpejas,139.0
37315,La Tala,77.0
08094,La Granada,2287.0
43030,Bonastre,777.0
08156,Paláu Solitar y Plegamans,15614.0
08125,Moncada y Reixach,37460.0
08087,Gallifa,171.0
49088,Gamones,89.0
49091,Granja de Moreruela,228.0
37033,Arcediano,89.0
37078,Candelario,832.0
49037,Carbellino,174.0
34011,Amusco,417.0
03065,Elche,245557.0
25120,Lérida,146266.0
43148,Tarragona,143649.0
46190,Paterna,76019.0
46156,Llombay,2791.0
46220,Sagunto,73031.0
12140,Viver,1729.0
34018,Autilla del Pino,223.0
49017,Asturianos,252.0
10905,Pueblonuevo de Miramontes,762.0
11903,San Martín del Tesorillo,2735.0
29904,Serrato,457.0
10904,Tiétar,835.0
18916,Torrenueva Costa,3207.0
46044,Ayora,5282.0
46206,Quesa,691.0
43137,San Jaime dels Domenys,2819.0
43020,Bañeras,3395.0
08095,Granera,84.0
08096,Granollers,65341.0
25216,Talavera,280.0
43050,Creixell,4261.0
46191,Pedralba,3225.0
46214,Ribarroja del Turia,24616.0
08055,Castellcir,804.0
08064,Castelltersol,2754.0
43066,Garidells,211.0
43025,Benifallet,706.0
46131,Gandía,83135.0
46167,Millares,321.0
08134,Figaró-Montmany,1195.0
08081,Fogars de Montclús,494.0
43002,Albiñana,2718.0
43903,Camarles,3465.0
08290,Ullastrell,2171.0
08291,Vacarisses,7729.0
08300,Viladecaballs,7817.0
43125,Ribarroja de Ebro,1132.0
43131,Roda de Bará,8260.0
43134,Rourell,385.0
34181,Tariego de Cerrato,504.0
38013,La Frontera,4660.0
46249,Utiel,11663.0
46002,Ador,1755.0
08097,Gualba,1766.0
08105,La Llagosta,13280.0
46169,Mislata,47079.0
46110,Chirivella,32093.0
49013,Argujillo,215.0
49043,Castroverde de Campos,240.0
49040,Castrillo de la Guareña,133.0
43003,Albiol,557.0
43178,Viñols y Archs,2450.0
31185,Ochagavía,492.0
31124,Ibargoiti,279.0
46186,Paiporta,28136.0
49110,Manzanal de Arriba,332.0
37146,Gallegos de Solmirón,109.0
08086,Les Franqueses del Vallès,20881.0
08088,La Garriga,17426.0
46232,Sinarcas,1176.0
46229,Siete Aguas,1289.0
43140,Santa Oliva,3711.0
43028,La Bisbal del Panadés,4278.0
08106,Llinás del Vallés,10956.0
08107,Llissá de Munt,16540.0
40144,Navares de las Cuevas,22.0
46154,Llanera de Ranes,1062.0
43017,l'Argentera,139.0
43015,Arbolí,138.0
08124,Mollet del Vallés,52990.0
08135,Montmeló,8886.0
46238,Tabernes de Valldigna,17866.0
46213,Requena,20982.0
46001,Ademuz,1015.0
46036,Alpuente,688.0
46212,Real,2497.0
08108,Llissá de Vall,6903.0
08115,Martorellas,4992.0
12038,Castellfort,178.0
28015,Arroyomolinos,38075.0
09014,Los Altos,177.0
43145,La Selva del Campo,5732.0
43070,Guiamets,254.0
46223,Sedaví,10837.0
46165,Masanasa,10607.0
46902,Gátova,452.0
12021,Bechí,5659.0
08260,Santa Perpetua de Moguda,26130.0
08267,Senmanat,9548.0
43104,Perelló,3005.0
43150,Tivisa,1658.0
43042,Castellvell,3002.0
46178,Náquera,8556.0
46245,Torres Torres,808.0
34186,Valbuena de Pisuerga,49.0
46078,Burjasot,41299.0
46228,Serra,3767.0
46134,Gilet,4011.0
43008,Alfara,355.0
08287,Torrelavit,1572.0
08027,Les Cabanyes,1060.0
43122,Renau,165.0
43121,Rasquera,786.0
43094,Mora la Nueva,3350.0
08136,Montornés del Vallés,17102.0
08137,Montseny,388.0
22021,Almudévar,2462.0
34028,Báscones de Ojeda,136.0
08014,Aiguafreda,2569.0
08005,La Ametlla,9474.0
43024,Bellvey,2460.0
43144,La Secuita,1845.0
46171,Moncada,22213.0
46177,Museros,6871.0
08168,Pontons,516.0
43054,Espluga de Francolí,3863.0
08174,Puigdalba,621.0
43079,Maslloréns,573.0
43061,Forés,38.0
43138,Santa Bárbara,3871.0
43031,Borjas del Campo,2319.0
46090,Castellón de Rugat,2345.0
12009,Almazora,29159.0
46227,Señera,1114.0
46231,Simat de Valldigna,3311.0
46237,Tabernes Blanques,9824.0
46105,Cullera,24702.0
46013,Alboraya,26273.0
08023,Bigas,10139.0
08033,Caldas de Montbuy,18567.0
34017,Astudillo,1041.0
38048,Valverde,5338.0
08039,Campins,586.0
08041,Canovellas,17473.0
46059,Benifairó de la Valldigna,1588.0
46143,Jaraco,6149.0
46074,Bonrepós y Mirambell,4115.0
46040,Antella,1130.0
46234,Sot de Chera,427.0
46109,Cheste,8951.0
06051,Fuenlabrada de los Montes,1693.0
44033,Báguena,278.0
48056,Lemóniz,1347.0
46039,Anna,2600.0
46123,Favara,2776.0
22103,Estadilla,810.0
29038,Cártama,29333.0
03139,Villajoyosa,37449.0
23073,Quesada,4901.0
47149,San Pelayo,42.0
46136,Godelleta,4266.0
46097,Cofrentes,1113.0
34019,Autillo de Campos,125.0
34024,Baquerín de Campos,20.0
08198,San Antonio Vilamajor,6724.0
08202,San Celoni,18977.0
03033,Benifato,162.0
03071,Gata de Gorgos,6773.0
43007,Aleixar,1009.0
43174,Vilella Baja,201.0
43099,La Palma de Ebro,333.0
20013,Arechavaleta,7178.0
46242,Torrebaja,398.0
03102,Pego,10791.0
08042,Cánoves,3399.0
08046,Cardedeu,19046.0
46139,Guadasuar,6039.0
46085,Carlet,16857.0
08248,Santa Eulalia de Ronsana,7953.0
08256,Santa María de Martorellas de Arriba,868.0
43115,Pradell,182.0
43168,Vilanova de Prades,111.0
08207,San Esteban de Palautordera,3099.0
08210,San Felíu de Codinas,6827.0
08209,San Fausto de Campcentellas,9419.0
46256,Villamarchante,11403.0
03901,Els Poblets,2757.0
03002,Agost,5225.0
03056,Cocentaina,11498.0
12128,Villafamés,1962.0
46108,Chera,508.0
08159,Parets del Vallès,18885.0
08181,La Roca del Vallés,11014.0
12126,Vall de Uxó,32242.0
03058,Cox,7722.0
46011,Alberique,11099.0
46164,Masamagrell,17566.0
03031,Benidorm,77327.0
46235,Sueca,29194.0
46197,Poliñá de Júcar,2577.0
03124,Sella,621.0
46070,Bétera,28560.0
50147,Luceni,1003.0
50004,Aguarón,602.0
44034,Bañón,152.0
46028,Algar de Palancia,565.0
46021,Aldaya,34630.0
08234,San Pedro de Vilamajor,5074.0
08239,San Quirico Safaja,663.0
16112,Huete,1814.0
16052,Cañete,877.0
22193,Pueyo de Santa Cruz,332.0
44268,La Zoma,28.0
43069,Gratallops,226.0
46208,Rafelcofer,1409.0
46219,Rugat,165.0
03121,Santa Pola,39709.0
46081,Canals,13746.0
46182,Olocau,2534.0
46244,Torrente,90928.0
12105,Sierra Engarcerán,1039.0
12117,Torreblanca,5744.0
12005,Alcora,10664.0
50128,Isuerre,32.0
22008,Albalatillo,220.0
03132,Torremanzanas,749.0
03089,Monóvar,13116.0
03079,Ibi,24500.0
03085,Llíber,882.0
12129,Villafranca del Cid,2115.0
12097,Sacañet,67.0
12106,Soneja,1521.0
46010,Albalat de Taronchers,1574.0
03018,Altea,24592.0
34225,Villamuriel de Cerrato,6501.0
23058,Mancha Real,11481.0
03133,Torrevieja,98533.0
46253,Vallés,161.0
46056,Beniatjar,209.0
12032,Burriana,37915.0
46076,Bugarra,774.0
03099,Orihuela,84560.0
03051,Campo de Mirra,447.0
03052,Cañada,1213.0
12058,Espadilla,101.0
03131,Tormos,323.0
03128,Teulada,12912.0
46157,Llosa de Ranes,3765.0
03067,Facheca,100.0
43152,Torre del Español,641.0
43116,Prades,629.0
43164,Vespella,502.0
50195,Orcajo,65.0
50291,Villar de los Navarros,147.0
12003,Albocácer,1370.0
43110,Puebla de Masaluca,344.0
43072,Lloá,99.0
47083,Matilla de los Caños,116.0
22117,Graus,3400.0
12059,Fanzara,295.0
12037,Castell de Cabres,21.0
12096,Rosell,910.0
22046,Ballobar,862.0
50901,Biel,166.0
12077,Moncófar,8339.0
34076,Fuentes de Nava,581.0
37202,Monterrubio de Armuña,1321.0
12044,Cervera del Maestre,617.0
12120,Torre Endoménech,177.0
22032,Aragüés del Puerto,123.0
50003,Agón,135.0
22062,Bisaurri,177.0
44142,Maicas,35.0
22112,Fraga,15576.0
22079,Capdesaso,190.0
09117,La Cueva de Roa,82.0
12010,Almedíjar,288.0
12012,Altura,3849.0
46236,Sumacárcel,1013.0
28121,Redueña,288.0
05194,Riocabado,129.0
12001,Adzaneta,1284.0
12008,Algimia de Almonacid,254.0
03069,Finestrat,9919.0
03053,Castalla,11908.0
44115,Galve,149.0
22077,Candasnos,478.0
12115,El Toro,256.0
03040,Benimeli,474.0
43016,Arbós,5721.0
43023,Bellmunt del Priorato,290.0
12043,Caudiel,735.0
12042,Catí,719.0
12071,Jérica,1764.0
12121,Traiguera,1302.0
12049,Costur,511.0
22182,Plan,272.0
50162,Mara,161.0
46072,Bocairente,4130.0
46144,Jarafuel,788.0
46073,Bolbaite,1320.0
21076,Villanueva de los Castillejos,2967.0
03123,Sax,10346.0
12085,Oropesa del Mar,12640.0
26155,Treviana,142.0
26066,Galilea,419.0
26072,Herce,340.0
03059,Crevillente,30921.0
03090,Muchamiel,28621.0
03140,Villena,34712.0
46203,Puebla Larga,4665.0
03095,Ondara,7717.0
38017,Granadilla de Abona,58752.0
16107,Huélamo,68.0
46043,Ayelo de Rugat,160.0
46066,Benirredrá,1576.0
19074,Caspueñas,120.0
24178,Valdemora,58.0
10042,Campillo de Deleitosa,82.0
22040,Azanuy-Alins,184.0
50039,Azuara,548.0
09176,Hurones,59.0
45004,Alcabón,792.0
12133,Villanueva de Viver,94.0
12050,Cuevas de Vinromá,1888.0
22215,Seira,149.0
22095,Chía,90.0
50239,Santed,72.0
44158,Mora de Rubielos,1752.0
44176,Palomar de Arroyos,166.0
44189,Pozondón,53.0
44061,La Cañada de Verich,72.0
12029,Benlloc,1143.0
12034,Cálig,2042.0
12039,Castellnovo,912.0
50025,La Almunia de Doña Godina,8080.0
50083,Cinco Olivas,97.0
26135,Santa Engracia del Jubera,188.0
26110,Ojacastro,199.0
46007,Albal,17365.0
46022,Alfafar,22270.0
26073,Herramélluri,111.0
26076,Hormilleja,153.0
31083,Echarri,78.0
09454,Villanueva de Teba,43.0
01052,Samaniego,292.0
44146,La Mata de los Olmos,255.0
50253,Terrer,580.0
22165,Ontiñena,502.0
46133,Gestalgar,587.0
46201,Puebla de San Miguel,53.0
46179,Navarrés,3027.0
50265,Trasmoz,88.0
50027,Ambel,253.0
26114,Pedroso,89.0
26052,Cordovín,154.0
03122,San Vicente del Raspeig,60247.0
03009,Alcoy,61468.0
26031,Bobadilla,103.0
26025,Baños de Rioja,86.0
09377,Tardajos,862.0
04047,Gádor,3130.0
22184,Poleñino,184.0
22909,Vencillón,402.0
50137,Leciñena,1087.0
22188,Puente de Montañana,87.0
12045,Cinctorres,433.0
12132,Villanueva de Alcolea,584.0
03041,Benisa,12471.0
26163,Ventosa,196.0
26041,Cárdenas,132.0
46042,Ayelo de Malferit,4624.0
46259,Villargordo del Cabriel,588.0
44054,Camarena de la Sierra,137.0
22208,Santa Cilia,244.0
48904,Sondica,4670.0
20008,Amézqueta,956.0
03049,Callosa de Segura,19988.0
03101,Pedreguer,8849.0
12004,Alcalá de Chivert,7349.0
12026,Benasal,1048.0
50140,Litago,173.0
50089,Cuarte de Huerva,15408.0
50009,Alarba,91.0
50282,La Vilueña,59.0
40086,Fuentepelayo,764.0
49223,Trabazos,848.0
45017,Azután,286.0
23062,Montizón,1574.0
50246,Sisamón,50.0
50014,Alcalá de Moncayo,147.0
12901,Alquerías del Niño Perdido,4605.0
12116,Torralba del Pinar,57.0
12124,Vall d'Alba,3218.0
50190,Novallas,859.0
50117,Gallocanta,128.0
03130,Tollos,32.0
03112,Relleu,1375.0
22221,Sesué,120.0
22902,Puente la Reina de Jaca,248.0
40129,Montejo de Arévalo,158.0
06094,Oliva de Mérida,1660.0
50180,Mozota,130.0
50008,Alagón,7532.0
12033,Cabanes,3475.0
12060,Figueroles,525.0
46029,Algemesí,28306.0
46005,Alacuás,30166.0
07064,Villacarlos,7774.0
37248,Peralejos de Abajo,162.0
22177,Perarrúa,116.0
22206,Sangarrén,233.0
06009,Aljucén,252.0
02053,Munera,3351.0
08902,Vilanova del Vallés,5693.0
08015,Badalona,231542.0
29053,Frigiliana,3383.0
29076,Ojén,4755.0
38043,Tacoronte,24619.0
46903,San Antonio de Benagéber,11192.0
45028,Calera y Chozas,4834.0
40196,Sequera de Fresno,42.0
45140,Pulgar,1608.0
08101,Hospitalet de Llobregat,289510.0
41088,San Nicolás del Puerto,604.0
41048,Guadalcanal,2544.0
50270,Urriés,50.0
50258,Torralbilla,38.0
26043,Castañares de Rioja,440.0
26134,Santa Coloma,104.0
19192,Mondéjar,2918.0
24224,Villares de Órbigo,557.0
08294,Vallgorguina,3261.0
08296,Vallromanes,2778.0
08306,Villalba Saserra,794.0
31235,Ujué,168.0
02018,Bonete,950.0
07060,Sinéu,4537.0
07056,Santa María del Camino,7744.0
12036,Canet lo Roig,715.0
12048,Cortes de Arenoso,308.0
09241,Orbaneja Riopico,341.0
49164,Pozuelo de Tábara,150.0
50266,Trasobares,124.0
50264,Tosos,176.0
29032,Campillos,8561.0
22111,Foradada del Toscar,163.0
22023,Almuniente,448.0
08268,Serchs,1236.0
08078,Espunyola,260.0
08080,Fígols,40.0
03034,Benijófar,3679.0
03046,Busot,3782.0
05138,Muñogalindo,299.0
23067,Pegalajar,2830.0
08245,Santa Coloma de Gramanet,123981.0
08194,San Adrián de Besós,39323.0
09109,Condado de Treviño,1468.0
09082,Castildelgado,34.0
46080,Camporrobles,1183.0
46159,Manises,32609.0
46032,Almácera,7887.0
48081,Lezama,2430.0
10115,Malpartida de Cáceres,4027.0
50182,La Muela,6737.0
50146,Lucena de Jalón,223.0
50106,Los Fayos,135.0
50066,Cadrete,4688.0
10054,Casas del Castañar,583.0
29056,Gaucín,1620.0
09075,Cardeñuela Riopico,106.0
49271,Villaveza del Agua,162.0
50256,Torralba de los Frailes,65.0
50235,San Mateo de Gállego,3489.0
07037,Mercadal,6459.0
46102,Cuart de Poblet,26967.0
37008,Alba de Tormes,5099.0
09123,Espinosa del Camino,43.0
50052,Bisimbre,98.0
50056,Botorrita,587.0
50294,Villarroya del Campo,70.0
50254,Tierga,170.0
08016,Bagá,2161.0
08022,Berga,17473.0
08024,Borredá,433.0
08045,Capolat,93.0
08049,Caserras,1660.0
08092,Gironella,5083.0
08093,Gisclareny,28.0
40063,Cuéllar,9527.0
45176,Ugena,5988.0
25100,Gósol,205.0
08099,Guardiola de Berguedà,1020.0
03026,Beniarbeig,2499.0
46034,Almoines,2664.0
50167,Mezalocha,197.0
50206,Perdiguera,559.0
07016,Consell,4521.0
07025,Fornaluch,743.0
50141,Lituénigo,123.0
44129,Jatiel,48.0
50170,Monegrillo,378.0
50223,Remolinos,1018.0
50171,Moneva,107.0
50224,Retascón,77.0
28097,Navarredonda y San Mamés,163.0
37200,Montejo,186.0
09372,Sotragero,300.0
03090,Muchamiel,28621.0
11025,Paterna de Rivera,5539.0
50002,Acered,131.0
50080,Cerveruela,38.0
08259,Santa María de Palautordera,10080.0
08276,Tagamanent,328.0
50260,Torrelapaja,30.0
50274,Val de San Martín,55.0
23902,Bedmar y Garcíez,2567.0
23016,Benatae,423.0
22243,Valle de Bardají,52.0
22212,Santaliestra y San Quílez,78.0
22214,Secastilla,142.0
50021,Almochuel,22.0
44031,Azaila,94.0
09251,Pancorbo,431.0
13063,Piedrabuena,4305.0
50213,Plenas,110.0
50057,Brea de Aragón,1517.0
06093,Oliva de la Frontera,4907.0
04041,Enix,612.0
50154,Mainar,162.0
50006,Ainzón,1036.0
34073,Fresno del Río,169.0
19064,Canredondo,81.0
18107,Jayena,979.0
45200,Los Yébenes,5787.0
13076,Santa Cruz de los Cáñamos,463.0
45171,La Torre de Esteban Hambrán,1946.0
09231,Nebreda,50.0
08130,Monteclaro,132.0
08132,Montmajor,473.0
08050,Castellar del Riu,151.0
08011,Aviá,2267.0
08057,Castell del Areny,68.0
08052,Castellar de Nuch,166.0
45182,Las Ventas con Peña Aguilera,1090.0
45186,La Villa de Don Fadrique,3519.0
50028,Anento,117.0
13003,Alamillo,450.0
13015,Almodóvar del Campo,5637.0
50210,Los Pintanos,37.0
50198,Oseja,43.0
50237,Santa Cruz de Moncayo,123.0
50040,Badules,83.0
09249,Palazuelos de Muñó,52.0
28010,Alpedrete,15686.0
10110,Losar de la Vera,2799.0
08166,La Pobla de Lillet,1105.0
08175,Puigreig,4565.0
08177,La Quartera,41.0
08188,Sagás,154.0
08190,Saldes,302.0
13024,Brazatortas,1007.0
45082,Lagartera,1294.0
07036,Marrachí,40422.0
07019,Escorca,199.0
20016,Aya,2148.0
13020,Argamasilla de Calatrava,5847.0
45016,Argés,7178.0
08216,San Jaime de Frontanya,25.0
08903,San Julián de Cerdañola,234.0
03104,Petrel,34022.0
03025,Benferri,2099.0
08142,La Nou,163.0
08144,Olván,924.0
13038,Chillón,1752.0
09101,Ciadoncha,77.0
50111,Fréscano,196.0
50289,Villanueva de Jiloca,73.0
31209,Romanzado,180.0
30037,Torre-Pacheco,41479.0
47023,Boecillo,4446.0
41033,Constantina,5745.0
50215,Pozuel de Ariza,15.0
04065,Nacimiento,485.0
13042,Fuencaliente,1007.0
08255,Santa María de Marlés,179.0
08293,Vallcebre,260.0
09214,Merindad de Montija,723.0
13039,Daimiel,17722.0
50219,La Puebla de Alfindén,6550.0
50033,Ardisa,73.0
50234,San Martín de la Virgen de Moncayo,266.0
50042,Balconchán,19.0
50142,Lobera de Onsella,28.0
12104000500,Villatorcas,22.0
16187,Salinas del Manzano,86.0
29098,Villanueva de Tapia,1391.0
45049,Cervera de los Montes,513.0
05116,Malpartida de Corneja,89.0
09137,Fuentelcésped,290.0
45091,Maqueda,548.0
50191,Novillas,508.0
50233,Samper del Salz,79.0
13051,Luciana,350.0
13056,Miguelturra,15924.0
50124,Herrera de los Navarros,495.0
50041,Bagüés,16.0
28181,Villaviciosa de Odón,30127.0
50231,Salillas de Jalón,372.0
50150,Lumpiaque,889.0
50133,Lagata,113.0
50007,Aladrén,62.0
50209,Pinseque,4601.0
50153,Magallón,1108.0
08066,Castellví de Rosanes,2171.0
08068,Cervelló,9743.0
50130,Jarque,373.0
50216,Pozuelo de Aragón,247.0
50220,Puendeluna,42.0
50030,Añón de Moncayo,207.0
50221,Purujosa,29.0
50188,Nombrevilla,40.0
50048,Berrueco,32.0
50036,Asín,88.0
50044,Bardallur,242.0
50229,Ruesca,69.0
50187,Nigüella,58.0
50212,Pleitas,29.0
50087,Contamina,34.0
44249,El Vallecillo,40.0
50026,Alpartir,599.0
50123,Grisén,630.0
50131,Jaulín,305.0
05149,Narros de Saldueña,102.0
08244,Santa Coloma de Cervelló,8273.0
08196,San Andrés de la Barca,27094.0
05117,Mamblas,191.0
05078,Fuentes de Año,90.0
05153,Nava del Barco,81.0
05131,Mirueña de los Infanzones,86.0
08076,Esparraguera,22665.0
08074,Cubellas,17673.0
13018,Arenas de San Juan,1013.0
18002,Alamedilla,518.0
44218,Tormón,29.0
50058,Bubierca,66.0
09226,Monterrubio de la Demanda,55.0
05169,Navatalgordo,230.0
08123,Molins de Rey,27300.0
08270,Sitges,32609.0
08307,Villanueva y Geltrú,71641.0
44024,Anadón,35.0
50001,Abanto,78.0
50018,Alfamén,1470.0
50054,Bordalba,47.0
50062,El Burgo de Ebro,2750.0
08077,Esplugas de Llobregat,48221.0
08089,Gavá,48243.0
05176,Padiernos,277.0
05167,Navarrevisca,281.0
50065,Cabolafuente,50.0
44018,Almohaja,10.0
05061,La Colilla,375.0
05156,Navahondilla,359.0
05118,Mancera de Arriba,66.0
50129,Jaraba,294.0
44067,Castelnou,94.0
44265,Vinaceite,176.0
45045,Cazalegas,2195.0
45051,Cobeja,2719.0
08299,Vilada,432.0
08308,Viver y Serrateix,178.0
22144,Laspuña,277.0
50184,Murero,85.0
44052,Calomarde,76.0
44023,Allueva,31.0
50156,Maleján,282.0
22001,Abiego,259.0
44089,Cubla,56.0
22164,Olvena,63.0
08069,Collbató,4828.0
08072,Corbera de Llobregat,16010.0
08073,Cornellá de Llobregat,92237.0
08169,El Prat de Llobregat,66338.0
08905,La Palma de Cervelló,3056.0
08158,El Papiol,4404.0
05101,Hoyocasero,294.0
08231,San Pedro de Ribas,32705.0
08148,Olivella,4435.0
08200,San Baudilio de Llobregat,85610.0
23027,Cazalilla,762.0
05013,El Arenal,961.0
08056,Castelldefels,70057.0
08147,Olesa de Montserrat,24966.0
08157,Pallejá,12006.0
10017,Alía,722.0
10044,Cañamero,1578.0
50032,Arándiga,279.0
50194,Olvés,107.0
50138,Lechón,39.0
50046,Belmonte de Gracián,183.0
13047,Herencia,8661.0
10019,Almaraz,1594.0
08103,Jorba,850.0
08104,La Llacuna,959.0
50287,Villalengua,295.0
50012,Alborge,104.0
05105,Hoyos del Espino,350.0
50257,Torralba de Ribota,157.0
50241,Sabiñán,697.0
08036,Calonge de Segarra,179.0
08044,Capellades,5608.0
08221,San Justo Desvern,21037.0
08263,San Vicente dels Horts,28746.0
08161,Piera,17880.0
08165,La Pobla de Claramunt,2350.0
08289,Torrellas de Llobregat,6170.0
08295,Vallirana,16245.0
08204,San Clemente de Llobregat,4187.0
08208,San Esteban  Sasroviras,8121.0
50276,Valpalmas,122.0
50174,Montón,89.0
05162,Navalperal de Tormes,73.0
05100,El Hornillo,263.0
08211,San Feliú de Llobregat,46781.0
08217,San Juan Despí,35926.0
50098,Encinacorba,176.0
50296,La Zaida,433.0
05172,Niharra,167.0
05086,Gimialcón,73.0
50277,Valtorres,65.0
50109,El Frago,129.0
05144,Narrillos del Álamo,56.0
05130,Mironcillo,110.0
22115,El Grado,383.0
50019,Alforque,57.0
08043,Canyellas,5505.0
08001,Abrera,13227.0
08020,Begas,7561.0
05177,Pajares de Adaja,123.0
10130,Navaconcejo,2037.0
10109,Logrosán,1852.0
08301,Viladecans,67587.0
08008,Argensola,245.0
13019,Argamasilla de Alba,6777.0
13016,Almuradiel,744.0
05157,Navalacruz,192.0
05142,Muñosancho,87.0
50169,Miedes de Aragón,408.0
50255,Tobed,196.0
08119,Masquefa,10120.0
08133,Montmaneu,181.0
08063,Castellolí,669.0
08071,Copóns,352.0
50261,Torrellas,249.0
50107,Figueruelas,1303.0
50149,Luesma,42.0
13068,Puebla de Don Rodrigo,1148.0
13002,Agudo,1605.0
05095,Higuera de las Dueñas,250.0
05084,Gilbuena,45.0
50135,Layana,95.0
50183,Munébrega,351.0
50029,Aniñón,678.0
05075,Fresnedilla,92.0
05121,Martiherrero,372.0
50236,Santa Cruz de Grío,95.0
50082,Cimballa,70.0
22252,Yebra de Basa,155.0
22190,El Pueyo de Araguás,180.0
05141,Muñopepe,95.0
13004,Albaladejo,984.0
03037,Benimantell,548.0
03055,Catral,9600.0
05027,Las Berlanas,323.0
23066,Peal de Becerro,5290.0
03068,Famorca,44.0
03138,Vergel,5508.0
44232,Torrijo del Campo,501.0
50069,Calcena,65.0
50247,Sobradiel,1110.0
50196,Orera,103.0
11901,Benalup-Casas Viejas,7236.0
50202,Paracuellos de la Ribera,111.0
50173,Monterde,143.0
08021,Bellprat,69.0
08025,El Bruc,2290.0
05082,Gavilanes,523.0
05901,San Juan de Gredos,219.0
03081,Jalón,3104.0
03024,Benejúzar,5811.0
23004,Aldeaquemada,446.0
05147,Narros del Castillo,151.0
12018,Azuébar,359.0
12025,Benafigos,121.0
44198,Royuela,229.0
44148,Mezquita de Jarque,83.0
08170,Els Prats de Rei,554.0
08176,Pujalt,204.0
03109,Rafal,4849.0
39080,San Vicente de la Barquera,3995.0
39076,Santillana del Mar,4189.0
10105,Jarandilla de la Vera,2894.0
05120,Marlín,29.0
39037,Liérganes,2365.0
50053,Boquiñeni,743.0
44157,Monterde de Albarracín,62.0
50207,Piedratajada,96.0
50076,Castejón de las Armas,87.0
50079,Cervera de la Cañada,263.0
39087,Torrelavega,51796.0
08143,Ódena,3760.0
08152,Orpí,175.0
05123,Mediana de Voltoya,117.0
10043,Campo Lugar,790.0
44226,Torrelacárcel,131.0
44215,Terriente,198.0
08048,Carme,847.0
08060,Castellfollit de Riubregós,153.0
03030,Benidoleig,1245.0
03054,Castell de Castells,443.0
08162,Els Hostalets de Pierola,3258.0
08102,Igualada,42085.0
50143,Longares,802.0
50078,Castiliscar,219.0
05135,Muñana,499.0
05108,Junciana,40.0
03114,La Romana,2729.0
03061,Daya Nueva,1885.0
03129,Tibi,1757.0
03105,Pinoso,8523.0
05160,Navalosa,314.0
05184,Peguerinos,283.0
12015,Argelita,139.0
03044,Bigastro,7537.0
39038,Limpias,1983.0
39061,Ribamontán al Mar,4605.0
08028,Cabrera de Igualada,1772.0
08031,Calaf,3644.0
03029,Benichembla,590.0
12024,Benafer,168.0
50077,Castejón de Valdejasa,188.0
50024,Almonacid de la Sierra,756.0
05136,Muñico,77.0
10061,Ceclavín,1769.0
33044,Oviedo,223968.0
39020,Castro-Urdiales,33450.0
39090,Udías,960.0
12139,Vistabella del Maestrazgo,354.0
12123,Vallat,66.0
05097,La Horcajada,434.0
03043,Biar,3677.0
12118,Torrechiva,106.0
12102,Santa Magdalena de Pulpis,771.0
12092,Puebla de Arenoso,169.0
12137,Villores,51.0
03127,Tárbena,662.0
12108,Sueras,593.0
05077,Fuente el Saúz,146.0
05099,Horcajo de las Torres,425.0
21033,Fuenteheridos,804.0
45071,La Guardia,2200.0
33012,Cangas de Onís,6344.0
33075,Villanueva de Oscos,244.0
39035,Laredo,10698.0
39024,Comillas,2075.0
39057,Ramales de la Victoria,3099.0
39091,Valdáliga,2135.0
39073,Santa Cruz de Bezana,13904.0
39018,Cartes,5874.0
39002,Ampuero,4518.0
39079,Santoña,10835.0
39041,Mazcuerras,2068.0
39062,Ribamontán al Monte,2535.0
39042,Medio Cudeyo,7775.0
12064,Fuentes de Ayódar,98.0
12055,Chodos,107.0
39029,Escalante,716.0
39066,Ruente,1083.0
39059,Reinosa,8570.0
39022,Cillorigo de Liébana,1386.0
39011,Bareyo,2124.0
12065,Gaibiel,200.0
12082,Nules,14315.0
03092,Muro de Alcoy,9372.0
12112,Todolella,136.0
12131,Villamalur,99.0
12142,Zucaina,171.0
03057,Confrides,293.0
03070,Formentera del Segura,4868.0
39012,Cabezón de la Sal,8226.0
39054,Polanco,6304.0
33031,Langreo,38612.0
33036,Llanes,13486.0
12107,Sot de Ferrer,492.0
12103,Sarratella,113.0
33004,Avilés,75517.0
12017,Ayódar,176.0
03003,Agres,623.0
05158,Navalmoral,445.0
39004,Arenas de Iguña,1735.0
39043,Meruelo,2321.0
03062,Daya Vieja,698.0
03098,Orcheta,906.0
39001,Alfoz de Lloredo,2500.0
17102,Massanet de Cabrenys,761.0
17001,Agullana,880.0
39071,San Pedro del Romeral,432.0
39019,Castañeda,3290.0
39009,Bárcena de Cicero,4907.0
39005,Argoños,1884.0
39003,Anievas,274.0
39049,Peñarrubia,301.0
39084,Solórzano,1144.0
39007,Arredondo,478.0
39031,Hazas de Cesto,1957.0
39047,Noja,2661.0
39074,Santa María de Cayón,9538.0
39092,Valdeolea,869.0
33048,Pesoz,134.0
33003,Amieva,591.0
39055,Potes,1323.0
08019,Barcelona,1731649.0
39026,Corvera de Toranzo,2204.0
44250,Veguillas de la Sierra,27.0
39023,Colindres,8570.0
39006,Arnuero,2300.0
33015,Caso,1437.0
33008,Cabrales,1884.0
39008,El Astillero,18448.0
33069,Soto del Barco,3801.0
33002,Aller,10011.0
12134,Villar de Canes,156.0
12127,Vallibona,63.0
12088,Pavías,72.0
39097,Vega de Pas,776.0
39069,San Felices de Buelna,2379.0
33014,Carreño,10292.0
33011,Cangas del Narcea,11282.0
22135,Laluenga,198.0
22906,Santa María de Dulcis,206.0
12081,Navajas,906.0
12053,Chilches,3199.0
17035,Camós,701.0
33026,Grado,9681.0
33007,Boal,1372.0
03035,Benilloba,744.0
03086,Millena,265.0
12067,Geldo,665.0
03073,Gorga,286.0
03088,Monforte del Cid,9283.0
12119,Torre Embesora,164.0
12073,Ludiente,162.0
44152,Monforte de Moyuela,84.0
44196,Riodeva,113.0
44222,Torrecilla del Rebollar,114.0
44160,Mosqueruela,563.0
33038,Morcín,2460.0
33016,Castrillón,21998.0
12068,Herbés,68.0
12007,Alfondeguilla,881.0
17014,La Vajol,112.0
33024,Gijón,269894.0
33066,Siero,53049.0
33059,Salas,4771.0
33042,Noreña,5131.0
33074,Vegadeo,3928.0
03060,Cuatretondeta,130.0
03111,Redován,8283.0
33023,El Franco,3728.0
33010,Candamo,1902.0
33001,Allande,1506.0
46003,Adzaneta de Albaida,1193.0
46035,Almusafes,9070.0
33020,Corvera de Asturias,15785.0
33041,Navia,8031.0
33072,Teverga,1495.0
44077,La Cerollera,77.0
44128,Jarque de la Val,66.0
33022,Degaña,768.0
33050,Ponga,576.0
44180,Peracense,68.0
22088,Castillazuelo,164.0
22042,Azlor,155.0
46118,Enguera,4807.0
46062,Benigánim,5759.0
46058,Benifairó de los Valles,2359.0
03136,Vall de Gallinera,583.0
12078,Montán,429.0
12057,Eslida,815.0
46027,Alfarrasí,1173.0
03077,Hondón de las Nieves,2738.0
03080,Jacarilla,2176.0
12136,Villavieja,3054.0
33018,Coaña,3321.0
33027,Grandas de Salime,767.0
44260,Villarluengo,159.0
44266,Visiedo,132.0
03048,Callosa de Ensarriá,8182.0
03134,Valle de Alcalá,159.0
44258,Villar del Salz,58.0
44138,Loscos,121.0
03084,Lorcha,589.0
03022,Benasau,174.0
44257,Villar del Cobo,158.0
44231,Torrijas,36.0
12070,La Jana,679.0
12079,Montanejos,649.0
44190,Pozuel del Campo,76.0
44195,Rillo,95.0
03107,Polop,5828.0
03072,Gayanes,577.0
44145,Mas de las Matas,1230.0
50072,Carenas,169.0
33046,Peñamellera Alta,500.0
33035,Llanera,14020.0
33006,Bimenes,1639.0
33045,Parres,5150.0
46055,Beniarjó,1964.0
12046,Cirat,220.0
50070,Calmarza,57.0
44262,Villarroya de los Pinares,160.0
46089,Casinos,3153.0
03016,Almudaina,128.0
03038,Benimarfull,465.0
44264,Villel,336.0
44156,Monteagudo del Castillo,43.0
46091,Castellonet,159.0
46083,Carcagente,21934.0
46014,Albuixech,4482.0
46025,Alfara del Patriarca,3740.0
12094,Puebla Tornesa,1322.0
03074,Granja de Rocamora,2728.0
39015,Camaleño,964.0
39014,Cabuérniga,976.0
33037,Mieres,36373.0
33028,Ibias,1084.0
08185,Rubió,225.0
03036,Benillup,110.0
03020,Balones,132.0
03019,Aspe,22397.0
33049,Piloña,6716.0
33025,Gozón,10407.0
33060,San Martín del Rey Aurelio,15531.0
33021,Cudillero,4867.0
33019,Colunga,3143.0
33056,Ribadesella,5591.0
22003,Adahuesca,196.0
22102,Estada,215.0
33005,Belmonte de Miranda,1366.0
33034,Valdés,10776.0
33047,Peñamellera Baja,1194.0
33039,Muros de Nalón,1955.0
33061,San Martín de Oscos,337.0
33071,Taramundi,545.0
50071,Campillo de Aragón,111.0
44159,Moscardón,62.0
33053,Quirós,1142.0
33062,Santa Eulalia de Oscos,420.0
27005,Barreiros,3036.0
36034,As Neves,3657.0
26069,Grañón,209.0
44019,Alobras,63.0
44185,El Pobo,97.0
44123,Hinojosa de Jarque,104.0
44132,Lagueruela,73.0
44070,El Castellar,54.0
03027,Beniardá,226.0
03039,Benimasot,85.0
33017,Castropol,3202.0
33030,Illas,1048.0
44130,Jorcas,42.0
44178,Las Parras de Castellote,61.0
08034,Calders,1122.0
08038,Callús,2180.0
08047,Cardona,4553.0
33051,Pravia,7792.0
33070,Tapia de Casariego,3538.0
08228,San Martín Sasgayolas,353.0
08226,San Martín de Tous,1269.0
44063,Cañizar del Olivar,112.0
44092,El Cuervo,88.0
44041,Bezas,73.0
44053,Camañas,136.0
15082,Teo,18968.0
15055,Neda,4925.0
27901,Baralla,2396.0
27002,Alfoz,1493.0
33054,Las Regueras,1892.0
33076,Villaviciosa,15379.0
26059,Entrena,1660.0
44110,Fuenferrada,38.0
08053,Castellbell y Vilar,4159.0
08059,Castellfullit del Boix,467.0
44080,La Codoñera,312.0
44124,La Hoz de la Vieja,85.0
46094,Catarroja,30604.0
46106,Chelva,1863.0
08286,Torre de Claramunt,4158.0
08292,Vallbona,1424.0
46015,Alcácer,10772.0
46009,Albalat dels Sorells,4368.0
33009,Cabranes,1094.0
33077,Villayón,1054.0
33032,Laviana,12352.0
33073,Tineo,8679.0
33055,Ribadedeva,1693.0
44093,Cuevas de Almudén,119.0
44055,Camarillas,100.0
32046,Melón,1079.0
32006,Bande,1460.0
08012,Avinyó,2322.0
08018,Balsareny,3380.0
36002,Barro,3674.0
32027,Cortegada,1027.0
26125,Rincón de Soto,4041.0
26102,Nájera,8336.0
08002,Aguilar de Segarra,292.0
08010,Artés,6225.0
08297,Veciana,168.0
08302,San Francisco,12936.0
08090,Gayá,172.0
08113,Manresa,80974.0
26138,Santo Domingo de la Calzada,6441.0
36036,Oya,3062.0
32041,Lobera,703.0
44065,Castejón de Tornos,64.0
44044,Bordón,116.0
08189,Salavinera,177.0
08250,Santa Margarita de Montbuy,10631.0
08257,Santa María de Miralles,144.0
36015,Cuntis,4469.0
32057,Parada del Sil,500.0
31131,Iza,1459.0
15902,Oza Cesuras,5159.0
36902,Cerdedo Cotobade,5671.0
36025,La Lama,2437.0
32010,Beade,363.0
26021,Autol,4958.0
26130,San Millán de la Cogolla,214.0
08242,Marganell,309.0
08138,Moyá,6828.0
33063,San Tirso de Abres,396.0
33057,Ribera de Arriba,1852.0
33068,Somiedo,1031.0
32071,Riós,1379.0
32083,La Vega,873.0
26162,Valgañón,133.0
26016,Arenzana de Arriba,37.0
26004,Ajamil de Cameros,79.0
26120,Quel,2128.0
44116,Gargallo,88.0
44136,Lidón,56.0
08178,Rajadell,597.0
08191,Sallent de Llobregat,7030.0
08128,Monistrol de Calders,764.0
08127,Monistrol de Montserrat,3250.0
36004,Bueu,11836.0
32007,Baños de Molgas,1471.0
43046,Conesa,111.0
43035,Cabacés,296.0
26036,Calahorra,25367.0
26018,Arnedo,15140.0
08079,L'Estany,390.0
08084,Fonollosa,1570.0
08212,San Felíu Saserra,633.0
08213,San Fructuoso de Bages,9333.0
08258,Santa María de Oló,1099.0
08192,Sampedor,7744.0
08218,San Juan de Torruella,11133.0
08229,San Mateo de Bages,641.0
26002,Agoncillo,1464.0
26128,Sajazarra,123.0
26017,Arnedillo,433.0
26001,Ábalos,256.0
08140,Navarcles,6276.0
08141,Navás,6238.0
08182,El Pont de Vilomara i Rocafort,4193.0
26183,Zorraquín,88.0
26032,Brieva de Cameros,38.0
33013,Caravia,486.0
31076,Cendea de Cizur,3949.0
32039,Laza,1156.0
26171,Villar de Torre,143.0
26084,Lardero,12060.0
25088,Estamariu,135.0
25149,Oliana,1874.0
26105,Navarrete,3061.0
26065,Galbárruli,70.0
43147,Solivella,633.0
43114,Porrera,405.0
43097,La Nou de Gaya,603.0
26010,Alesón,92.0
26039,Canillas de Río Tuerto,43.0
39056,Puente Viesgo,2893.0
39078,Santiurde de Toranzo,1726.0
25030,El Pont de Bar,162.0
25032,Arseguell,87.0
25033,Artesa de Lérida,1543.0
25097,Fulleda,87.0
43177,Vinebre,427.0
43109,Pobla de Mafumet,4175.0
43107,Pira,512.0
25161,Conca de Dalt,438.0
25098,Gavet de la Conca,252.0
32070,Río,510.0
32090,Villar de Santos,784.0
08061,Castellgalí,2413.0
08062,Castellnou de Bages,1473.0
26008,Aldeanueva de Ebro,2753.0
26006,Alberite,2743.0
08274,Suria,6200.0
08277,Talamanca,209.0
26062,Foncea,86.0
26022,Azofra,188.0
26148,Tirgo,167.0
43098,Nulles,551.0
43108,Pla de Santa María,2408.0
43124,La Riba,574.0
43088,Montbrió de Tarragona,3157.0
43907,La Canonja,6001.0
43065,Garcia,551.0
25171,Puebla de Segur,3143.0
25001,Abella de la Conca,156.0
25904,Castell de Mur,159.0
25007,Albatarrec,2331.0
25182,Puigvert de Lérida,1409.0
25021,Almenar,3369.0
26012,Almarza de Cameros,41.0
26071,Haro,12167.0
26058,Enciso,167.0
26079,Huércanos,856.0
43105,Las Pilas,229.0
43141,Pontils,124.0
43068,Godall,591.0
43062,Freginals,443.0
25185,Ribera de Urgellet,989.0
25254,Vilanova de la Barca,1163.0
25038,Aitona,2591.0
25078,Corbins,1502.0
25115,Isona y Conca Dellá,1038.0
25128,Llimiana,130.0
25190,Salás de Pallars,365.0
39052,Piélagos,26901.0
25009,Albí,764.0
25169,Pobla de Ciérvoles,208.0
43033,Botarell,1161.0
43101,Pasanant,149.0
26011,Alfaro,9923.0
26098,Munilla,93.0
25112,Ibars de Noguera,317.0
25013,Alfarrás,2805.0
25156,Os de Balaguer,1088.0
25234,Tremp,6123.0
17052,Siurana,188.0
25230,Torregrosa,2248.0
25177,Preixens,399.0
26145,Sotés,261.0
26140,Santurde de Rioja,260.0
08098,Guardiola,3612.0
08262,San Vicente de Castellet,10164.0
39085,Suances,9034.0
39095,Val de San Vicente,2775.0
39082,Selaya,1868.0
39096,Vega de Liébana,676.0
26040,Cañas,95.0
26161,Valdemadera,15.0
26054,Cornago,298.0
26180,Zarratón,254.0
26104,Navajún,8.0
26172,Villarejo,30.0
26086,Ledesma de la Cogolla,16.0
25005,Alás Serch,320.0
25037,Avellanes-Santa Liña,434.0
25196,Sant Esteve de la Sarga,121.0
25201,Sarroca de Bellera,111.0
25210,Soses,1892.0
25223,Torá,1190.0
25220,Térmens,1350.0
25192,San Guim de Freixanet,1235.0
25226,Torrebeses,278.0
25193,San Lorenzo de Morunys,983.0
25231,Torrelameu,788.0
25907,Torreflor,589.0
26142,San Vicente de la Sonsierra,1054.0
26051,Clavijo,294.0
25053,Benavent de Lérida,1571.0
25218,Tarrés,126.0
25071,Cavá,38.0
25140,Montferrer Castellbó,1161.0
25061,Cabó,85.0
43085,El Molar,295.0
08164,Pla del Penedés,1393.0
25019,Almacellas,7018.0
39030,Guriezo,2496.0
39032,Hermandad de Campoo de Suso,1619.0
25133,Mayals,951.0
25165,Peramola,339.0
25250,Vilanova de Meià,479.0
25242,Verdú,876.0
25158,Palau de Anglesola,2232.0
25074,Ciutadilla,186.0
25166,Pinell,198.0
25906,Valls d'Aguilar,253.0
25164,Penelles,431.0
39060,Reocín,8389.0
39098,Villacarriedo,1670.0
39088,Tresviso,52.0
25015,Algerri,424.0
25067,Castelldans,952.0
25056,Bovera,244.0
43012,Altafulla,5870.0
43051,Cunit,16385.0
25222,Tiurana,69.0
25211,Sudanell,915.0
39021,Cieza,528.0
39083,Soba,1057.0
25138,Montgai,640.0
25150,Oliola,192.0
43146,Senan,47.0
43013,La Ametlla de Mar,7446.0
25070,Castellserá,993.0
25096,La Fuliola,1262.0
25170,Bellaguarda,278.0
26121,Rabanera,29.0
26050,Cirueña,194.0
08222,San Lorenzo de Hortóns,2627.0
43059,Figuerola del Camp,342.0
25002,Áger,637.0
08139,Mura,235.0
26107,Nieva de Cameros,87.0
39013,Cabezón de Liébana,530.0
39040,Marina de Cudeyo,5221.0
25189,Roselló,3416.0
25255,Vinaixa,437.0
44062,Cañada Vellida,36.0
44087,Crivillén,92.0
25202,Senterada,160.0
25215,Talarn,555.0
25227,La Torre de Cabdella,758.0
43081,Maspujols,915.0
43053,Dosaiguas,217.0
43055,Falset,2890.0
43158,Vallclara,91.0
25075,Clariana de Cardener,160.0
26047,Cervera del Río Alhama,2237.0
26175,Villavelayo,43.0
26181,Zarzosa,14.0
25132,Masoteras,227.0
43040,Capsanes,444.0
25912,Gimenells i el Pla de la Font,1069.0
39094,Valderredible,922.0
39100,Villafufre,1022.0
25023,Alpicat,6515.0
25069,Castellón de Farfaña,548.0
26005,Albelda de Iregua,3930.0
39028,Entrambasaguas,5693.0
39010,Bárcena de Pie de Concha,675.0
25035,La Sentiu de Sió,448.0
25135,Miralcamp,1369.0
44111,Fuentes Calientes,89.0
44028,Argente,204.0
43095,Morell,3811.0
43060,Flix,3340.0
43112,Poboleda,345.0
25008,Albesa,1584.0
25011,Alcarrás,10256.0
44036,Bea,30.0
44085,Cosa,63.0
12090,Pina de Montalgrao,121.0
12083,Olocau del Rey,135.0
12074,La Llosa,1033.0
25125,Llardecans,444.0
25094,Foradada,193.0
25105,Grañena de las Garrigas,174.0
25253,El Vilosell,177.0
26168,Villamediana de Iregua,9263.0
39017,Campoo de Yuso,680.0
39027,Campoo de Enmedio,3729.0
25119,Juneda,3453.0
25076,El Cogul,163.0
25134,Menarguéns,798.0
25029,Arbeca,2163.0
43057,La Febró,35.0
39068,Ruiloba,769.0
44109,Frías de Albarracín,109.0
12006,Alcudia de Veo,200.0
46067,Benisanó,2449.0
12022,Bejís,400.0
22901,Valle de Hecho,813.0
44203,Salcedillo,14.0
39016,Camargo,30577.0
39033,Herrerías,570.0
43063,La Galera,726.0
43103,Perafort,1342.0
43080,La Masó,307.0
44048,Cabra de Mora,66.0
44103,Formiche Alto,156.0
50121,Gotor,309.0
22068,Borau,77.0
22057,Bielsa,479.0
25012,Alcoletge,3640.0
25052,Bellvís,2249.0
25014,Alfés,284.0
43083,Milá,194.0
43011,Almoster,1384.0
26179,Viniegra de Arriba,40.0
26164,Ventrosa,48.0
25042,La Baronia de Rialb,216.0
46154,Llanera de Ranes,1062.0
46178,Náquera,8556.0
46245,Torres Torres,808.0
46210,Ráfol de Salem,463.0
46262,La Yesa,246.0
46100,Cotes,314.0
26160,Uruñuela,1007.0
25060,Cabanabona,70.0
25036,Aspa,233.0
25047,Bellcaire d'Urgell,1275.0
25153,Omellóns,187.0
44042,Blancas,132.0
44046,Bueña,65.0
25145,Nalech,91.0
43090,El Montmell,1958.0
43005,Alcover,5362.0
25093,Fondarella,823.0
46148,Loriguilla,2188.0
46141,Higueruelas,567.0
43047,Constantí,7108.0
43036,Cabra del Campo,1388.0
46050,Benagéber,176.0
12038,Castellfort,178.0
25224,Torms,135.0
25073,Cerviá,641.0
25079,Cubells,354.0
46192,Petrés,1124.0
46155,Llaurí,1226.0
46185,Otos,442.0
25027,Anglesola,1389.0
25003,Agramunt,5653.0
22207,San Juan de Plan,145.0
44199,Rubiales,43.0
46243,Torrella,151.0
46239,Teresa de Cofrentes,620.0
26014,Anguiano,488.0
47036,Casasola de Arión,205.0
47151,San Salvador,20.0
23033,Frailes,1565.0
43014,Amposta,23080.0
43123,Reus,111601.0
26081,Jalón de Cameros,23.0
26055,Corporales,40.0
12099,San Jorge,1554.0
46098,Corbera,3266.0
46117,Emperador,700.0
28104,Paracuellos de Jarama,27650.0
40202,Torreadrada,53.0
25207,Solsona,9717.0
43171,Vilaseca,23917.0
26129,San Asensio,1088.0
26101,Muro en Cameros,40.0
26154,Torremontalbo,7.0
26151,Torrecilla en Cameros,474.0
26063,Fonzaleche,138.0
39067,Ruesga,810.0
46039,Anna,2600.0
46123,Favara,2776.0
26020,Ausejo,774.0
26057,Daroca de Rioja,63.0
46138,Guadasequies,478.0
46189,Palomar,593.0
26103,Nalda,1307.0
26030,Bezares,19.0
26088,Leza de Río Leza,40.0
40139,Navafría,282.0
40058,Codorniz,294.0
40113,La Losa,543.0
40123,Matabuena,204.0
47055,Corcos del Valle,203.0
26045,Cellorigo,15.0
26093,Mansilla de la Sierra,57.0
50085,Codo,204.0
22058,Bierge,243.0
50037,Atea,142.0
26147,Terroba,31.0
26100,Muro de Aguas,57.0
26026,Baños de Río Tobía,1589.0
22110,Fonz,886.0
28117,Prádena del Rincón,146.0
46225,Sellent,383.0
26152,Torrecilla sobre Alesanco,58.0
26003,Aguilar del Río Alhama,421.0
26139,San Torcuato,62.0
22228,Tierz,821.0
22047,Banastás,335.0
40183,San Miguel de Bernuy,119.0
40906,San Cristóbal de Segovia,3161.0
46240,Terrateig,290.0
46152,Lugar Nuevo de la Corona,132.0
26167,Villalobar de Rioja,84.0
26067,Gallinero de Cameros,16.0
46125,Fortaleny,1024.0
46160,Manuel,2560.0
46175,Montichelvo,556.0
39044,Miengo,5265.0
39046,Molledo,1482.0
47039,Castrillo-Tejeriego,157.0
37379,Zamayón,192.0
37344,Vecinos,231.0
44084,Cortes de Aragón,62.0
37164,Huerta,282.0
23054,Larva,435.0
12091,Portell de Morella,155.0
12098,Salsadella,671.0
46263,Zarra,374.0
40165,Rebollo,70.0
34127,Perales,112.0
47031,El Campillo,204.0
47206,Villafuerte,80.0
22127,Igriés,727.0
16089,Fuentes,462.0
26124,Ribafrecha,1076.0
26113,Pazuengos,24.0
46088,Casas Bajas,158.0
12109,Tales,827.0
46211,Real de Gandía,2722.0
46069,Benisuera,196.0
46038,Andilla,338.0
44029,Ariño,605.0
46209,Rafelguaraf,2395.0
12075,la Mata de Morella,196.0
26099,Murillo de Río Leza,1656.0
26153,Torre en Cameros,8.0
26126,Robres del Castillo,21.0
26149,Tobía,41.0
26077,Hornillos de Cameros,14.0
26042,Casalarreina,1094.0
46049,Bellús,317.0
46087,Casas Altas,118.0
35034,Yaiza,18842.0
31198,Oronz,51.0
35028,Tías,21613.0
40022,Armuña,253.0
39034,Lamasón,237.0
39036,Liendo,1218.0
34175,La Serna,90.0
47100,Muriel de Zapardiel,106.0
10902,Vegaviana,837.0
31111,Gallués,91.0
31119,Güesa,36.0
03125,Senija,698.0
12111,Tírig,417.0
12076,Matet,94.0
47032,Camporredondo,143.0
16057,Carrascosa,69.0
31133,Izalzu,36.0
50903,Villamayor de Gállego,2841.0
46188,Palmera,1038.0
40125,La Matilla,72.0
26029,Bergasillas Bajera,31.0
26035,Cabezón de Cameros,23.0
39048,Penagos,2253.0
39072,San Roque de Riomiera,333.0
46119,Énova,952.0
46140,Guardamar de la Safor,622.0
03904,San Isidro,2337.0
37243,La Peña,69.0
37207,Moriscos,577.0
46024,Alfara de la Baronía,624.0
46207,Rafelbuñol,9974.0
46260,Vinalesa,3572.0
46202,Puebla de Vallbona,27471.0
26109,Ochánduri,78.0
26146,Soto en Cameros,82.0
26150,Tormantos,124.0
26092,Manjarrés,97.0
46135,Godella,13533.0
46193,Picaña,11901.0
26174,Villarta-Quintana,129.0
26136,Santa Eulalia Bajera,112.0
34091,Lagartos,117.0
44105,Fórnoles,71.0
26118,Pradillo,64.0
26061,Ezcaray,2067.0
12011,Almenara,6813.0
46052,Benavites,652.0
46012,Alborache,1568.0
46041,Aras de los Olmos,401.0
46031,Alginet,14844.0
18915,Domingo Pérez de Granada,822.0
29903,Montecorto,585.0
24206,Toral de los Vados,1751.0
46904,Benicull,1179.0
03118,San Fulgencio,9769.0
26144,Sorzano,233.0
26106,Nestares,85.0
46033,Almiserat,278.0
46068,Benisoda,494.0
46037,Alquería de la Condesa,1547.0
46153,Lugar Nuevo de San Jerónimo,594.0
47232,La Zarza,109.0
34096,Lomas de Campos,40.0
26143,Sojuela,690.0
39086,Los Tojos,369.0
39065,Las Rozas de Valdearroyo,258.0
39093,Valdeprado del Río,306.0
46030,Algimia de Alfara,1115.0
46079,Calles,465.0
46137,Granja de la Costera,306.0
16048,Cañamares,457.0
26013,Anguciana,450.0
39102,Voto,2971.0
31158,Lónguida,308.0
06135,Trujillanos,1397.0
31019,Aoiz,3083.0
31134,Jaurrieta,179.0
37233,Pastores,52.0
26119,Préjano,206.0
26108,Ocón,312.0
46020,Alcudia de Crespins,5548.0
46047,Bélgida,651.0
03110,Ráfol de Almunia,734.0
12051,Culla,503.0
03903,Los Montesinos,5786.0
12122,Useras,954.0
50227,Romanos,140.0
50271,Used,250.0
46006,Albaida,6322.0
46086,Carrícola,97.0
46061,Beniflá,505.0
12052,Chert,702.0
03135,Vall de Ebo,231.0
12069,Higueras,54.0
10903,Alagón del Río,919.0
10162,Salorino,522.0
40093,Gallegos,96.0
39070,San Miguel de Aguayo,164.0
39053,Polaciones,209.0
26165,Viguera,377.0
26157,Tricio,376.0
26141,Santurdejo,95.0
26132,San Román de Cameros,127.0
26111,Ollauri,319.0
26096,Medrano,350.0
12141,Zorita del Maestrazgo,118.0
46082,Canet de Berenguer,8297.0
46084,Cárcer,1795.0
03117,Sanet y Negrals,712.0
03137,Vall de Laguart,905.0
03106,Planes,697.0
12114,Torás,271.0
46149,Losa del Obispo,531.0
46151,Lugar Nuevo de Fellonet,944.0
26127,Rodezno,230.0
26173,Villarroya,9.0
46051,Benaguacil,12668.0
46176,Montroy,3792.0
46060,Benifayó,12262.0
46064,Benimuslem,674.0
46120,Estivella,1710.0
46161,Marines,1967.0
12113,Toga,106.0
46163,Masalfasar,2716.0
46093,Catadau,3005.0
46096,Cerdá,370.0
34229,Villaprovedo,46.0
26170,El Villar de Arnedo,645.0
26078,Hornos de Moncalvillo,92.0
26158,Tudelilla,360.0
26060,Estollo,90.0
26068,Gimileo,122.0
47221,Villanueva de los Infantes,116.0
46222,San Juan de Énova,527.0
26177,Villoslada de Cameros,351.0
46199,Puebla de Farnals,9255.0
46200,Puebla del Duc,2451.0
46187,Palma de Gandía,1897.0
46101,Cuart de les Valls,1029.0
46218,Ròtova,1283.0
03103,Penáguila,305.0
46162,Masalavés,1905.0
46023,Alfahuir,515.0
46063,Benimodo,2332.0
26091,Lumbreras de Cameros,144.0
26083,Lagunilla del Jubera,385.0
39039,Luena,600.0
39099,Villaescusa,3970.0
26033,Briñas,191.0
26024,Bañares,198.0
26075,Hormilla,442.0
26094,Manzanares de Rioja,68.0
26169,Villanueva de Cameros,68.0
26070,Grávalos,196.0
26009,Alesanco,486.0
26027,Berceo,143.0
46107,Chella,2452.0
46166,Meliana,11055.0
39045,Miera,397.0
39058,Rasines,980.0
26122,El Rasillo de Cameros,149.0
26038,Canales de la Sierra,84.0
28086,El Molar,9999.0
46255,Villalonga,4865.0
46248,Turís,7717.0
46173,Montaberner,1624.0
46246,Tous,1354.0
39050,Pesaguero,275.0
39077,Santiurde de Reinosa,254.0
26044,Castroviejo,57.0
26023,Badarán,474.0
26037,Camprovín,158.0
46216,Rocafort,7751.0
46103,Cuartell,1810.0
46183,Ollería,8818.0
46099,Cortes de Pallás,727.0
46121,Estubeny,110.0
46150,Luchente,2314.0
46198,Potríes,1135.0
46127,Fuente Encarroz,4020.0
26123,El Redal,138.0
26087,Leiva,235.0
46129,Fuenterrobles,678.0
46128,Fuente la Higuera,2022.0
26178,Viniegra de Abajo,81.0
26074,Hervías,138.0
26028,Bergasa,172.0
26053,Corera,281.0
26112,Ortigosa de Cameros,214.0
26131,San Millán de Yécora,35.0
46142,Jalance,808.0
03116,Salinas,1828.0
26115,Pinillos,18.0
26095,Matute,88.0
06903,Guadiana,2444.0
04904,Balanegra,3055.0
18065,Dehesas Viejas,635.0
26080,Igea,638.0
26048,Cidamón,18.0
26056,Cuzcurrita de Río Tirón,565.0
39064,Riotuerto,1682.0
26046,Cenicero,2173.0
46247,Tuéjar,1278.0
46226,Sempere,33.0
46116,La Eliana,19839.0
46124,Fontanares,936.0
46240,Terrateig,290.0
46152,Lugar Nuevo de la Corona,132.0
46019,La Alcudia,12587.0
46204,El Puig de Santa Maria,9490.0
46241,Titaguas,517.0
46196,Pinet,156.0
46257,Castellón,6972.0
46168,Miramar,3143.0
03091,Murla,574.0
03078,Hondón de los Frailes,1334.0
46188,Palmera,1038.0
12099,San Jorge,1554.0
46098,Corbera,3266.0
46195,Piles,3151.0
46180,Novelé,872.0
46262,La Yesa,246.0
46100,Cotes,314.0
46170,Mogente,4401.0
46146,Jeresa,2418.0
46117,Emperador,700.0
46225,Sellent,383.0
46210,Ráfol de Salem,463.0
46222,San Juan de Énova,527.0
46263,Zarra,374.0
46239,Teresa de Cofrentes,620.0
46192,Petrés,1124.0
46148,Loriguilla,2188.0
46141,Higueruelas,567.0
46243,Torrella,151.0
46155,Llaurí,1226.0
46185,Otos,442.0
26166,Villalba de Rioja,155.0
39089,Tudanca,154.0
46114,Domeño,723.0
46112,Chulilla,710.0
39051,Pesquera,72.0
39081,Saro,480.0
12110,Teresa,254.0
03115,Sagra,441.0
12020,Barracas,188.0
46119,Énova,952.0
46140,Guardamar de la Safor,622.0
03904,San Isidro,2337.0
46137,Granja de la Costera,306.0
46149,Losa del Obispo,531.0
46151,Lugar Nuevo de Fellonet,944.0
46153,Lugar Nuevo de San Jerónimo,594.0
26019,Arrúbal,566.0
26015,Arenzana de Abajo,257.0
46125,Fortaleny,1024.0
46160,Manuel,2560.0
46175,Montichelvo,556.0
26049,Cihuri,205.0
46096,Cerdá,370.0
46904,Benicull,1179.0
03118,San Fulgencio,9769.0
46138,Guadasequies,478.0
46189,Palomar,593.0
46224,Segart,180.0
46095,Caudete de las Fuentes,725.0
46132,Genovés,2822.0
