{"type": "FeatureCollection", "crs": "EPSG:23030 (ED50 / UTM 30N)", "crs_note": "The sheet DECLARES no CRS. The graticule fixes UTM-30N coordinates to centimetres; the DATUM was established separately by datum_registration.py, which registered the sheet's own base cartography against Catastro and peaked at (-113, -206) m — 9.1 m from the published ED50→ETRS89 shift — while the ETRS89 hypothesis scored 17.91 % against a 16.35 % null, i.e. no better than random. ⚠ Read as EPSG:25830 these coordinates land ~230 m off. Reproject 23030→25830 before comparing with any modern source.", "features": [{"type": "Feature", "properties": {"source": "PGOU Córdoba 2001 (TR oct-2002) — plano «Alineaciones y Rasantes» 1:2000", "legend_family": "ALINEACIÓN (vial OR edificación — NOT separable)", "attribution_status": "UNKNOWN_SPLIT", "length_m": 121.38}, "geometry": {"type": "LineString", "coordinates": [[341540.756, 4198721.763], [341529.509, 4198721.192], [341528.938, 4198721.156], [341527.76, 4198721.084], [341526.546, 4198721.049], [341524.261, 4198720.942], [341523.047, 4198743.899], [341533.008, 4198744.399], [341533.187, 4198740.793], [341534.793, 4198740.829], [341534.865, 4198738.936], [341540.006, 4198742.757], [341541.756, 4198740.4], [341554.68, 4198750.29], [341559.393, 4198744.185], [341540.899, 4198729.796], [341540.756, 4198721.763]]}}, {"type": "Feature", "properties": {"source": "PGOU Córdoba 2001 (TR oct-2002) — plano «Alineaciones y Rasantes» 1:2000", "legend_family": "ALINEACIÓN (vial OR edificación — NOT separable)", "attribution_status": "UNKNOWN_SPLIT", "length_m": 98.23}, "geometry": {"type": "LineString", "coordinates": [[341743.015, 4198374.435], [341751.156, 4198368.009], [341749.763, 4198366.259], [341760.331, 4198357.833], [341768.186, 4198367.794], [341762.402, 4198372.365], [341764.901, 4198375.507], [341759.189, 4198379.934], [341762.509, 4198384.183], [341754.94, 4198390.002], [341754.512, 4198389.36], [341752.013, 4198391.288], [341748.942, 4198387.36], [341751.406, 4198385.396], [341743.015, 4198374.435]]}}, {"type": "Feature", "properties": {"source": "PGOU Córdoba 2001 (TR oct-2002) — plano «Alineaciones y Rasantes» 1:2000", "legend_family": "ALINEACIÓN (vial OR edificación — NOT separable)", "attribution_status": "UNKNOWN_SPLIT", "length_m": 97.65}, "geometry": {"type": "LineString", "coordinates": [[341040.981, 4198174.065], [341075.113, 4198136.183], [341074.684, 4198131.792], [341051.263, 4198113.69], [341040.981, 4198106.335]]}}, {"type": "Feature", "properties": {"source": "PGOU Córdoba 2001 (TR oct-2002) — plano «Alineaciones y Rasantes» 1:2000", "legend_family": "ALINEACIÓN (vial OR edificación — NOT separable)", "attribution_status": "UNKNOWN_SPLIT", "length_m": 633.36}, "geometry": {"type": "LineString", "coordinates": [[341040.981, 4197958.735], [341049.014, 4197962.662], [341060.76, 4197969.018], [341072.292, 4197975.801], [341083.539, 4197983.049], [341090.894, 4197988.083], [341101.641, 4197996.117], [341108.71, 4198001.651], [341183.008, 4198065.311], [341185.436, 4198067.81], [341187.15, 4198069.988], [341188.935, 4198072.987], [341190.363, 4198076.236], [341202.752, 4198110.905], [341203.252, 4198111.797], [341204.109, 4198112.512], [341205.037, 4198112.833], [341206.108, 4198112.833], [341311.291, 4198086.091], [341323.251, 4198084.555], [341375.592, 4198083.948], [341375.842, 4198081.699], [341376.235, 4198079.485], [341376.806, 4198077.307], [341377.592, 4198075.201], [341217.891, 4197968.446], [341213.892, 4197965.661], [341210.786, 4197963.234], [341206.358, 4197959.449], [341197.611, 4197950.987]]}}, {"type": "Feature", "properties": {"source": "PGOU Córdoba 2001 (TR oct-2002) — plano «Alineaciones y Rasantes» 1:2000", "legend_family": "ALINEACIÓN (vial OR edificación — NOT separable)", "attribution_status": "UNKNOWN_SPLIT", "length_m": 461.75}, "geometry": {"type": "LineString", "coordinates": [[341581.815, 4198437.596], [341589.812, 4198437.06], [341595.132, 4198466.801], [341595.846, 4198473.157], [341595.382, 4198482.654], [341593.061, 4198492.365], [341590.705, 4198498.149], [341587.706, 4198503.683], [341567.855, 4198534.46], [341561.357, 4198545.457], [341557.287, 4198552.883], [341553.502, 4198560.488], [341549.896, 4198568.2], [341546.54, 4198576.055], [341534.793, 4198606.653], [341460.78, 4198568.343], [341481.81, 4198541.458], [341509.337, 4198506.754], [341519.584, 4198486.903], [341526.01, 4198475.013], [341527.26, 4198472.443], [341530.545, 4198468.801], [341536.757, 4198463.302], [341541.791, 4198458.946], [341546.183, 4198455.912], [341576.352, 4198444.593], [341580.744, 4198444.094], [341581.815, 4198437.596]]}}, {"type": "Feature", "properties": {"source": "PGOU Córdoba 2001 (TR oct-2002) — plano «Alineaciones y Rasantes» 1:2000", "legend_family": "ALINEACIÓN (vial OR edificación — NOT separable)", "attribution_status": "UNKNOWN_SPLIT", "length_m": 2124.26}, "geometry": {"type": "LineString", "coordinates": [[341770.935, 4198856.438], [341763.688, 4198860.044], [341763.652, 4198859.187], [341757.582, 4198861.187], [341744.265, 4198874.504], [341733.054, 4198889.286], [341728.734, 4198895.605], [341725.306, 4198900.211], [341720.201, 4198906.781], [341712.061, 4198913.886], [341707.812, 4198917.206], [341704.991, 4198912.957], [341699.957, 4198915.742], [341693.888, 4198918.706], [341684.962, 4198924.74], [341678.535, 4198927.132], [341674.108, 4198929.131], [341670.395, 4198932.345], [341668.252, 4198934.201], [341665.146, 4198936.843], [341661.255, 4198939.842], [341654.257, 4198945.055], [341650.365, 4198947.947], [341649.294, 4198947.483], [341648.544, 4198949.34], [341647.937, 4198949.161], [341647.509, 4198949.982], [341646.902, 4198949.697], [341646.545, 4198950.696], [341647.33, 4198950.982], [341646.902, 4198952.839], [341647.437, 4198953.196], [341646.902, 4198954.16], [341645.545, 4198959.158], [341645.545, 4198960.336], [341646.009, 4198962.086], [341646.545, 4198963.478], [341657.399, 4198980.83], [341669.109, 4198997.54], [341684.64, 4199020.533], [341698.6, 4199040.349], [341715.202, 4199063.449], [341721.986, 4199074.696], [341724.735, 4199079.659], [341725.592, 4199079.945], [341741.659, 4199087.549], [341749.763, 4199084.086], [341759.082, 4199080.48], [341784.681, 4199070.34], [341793.036, 4199062.307], [341812.387, 4199044.491], [341824.883, 4199032.601], [341846.341, 4199005.18], [341858.516, 4199015.142], [341863.943, 4199019.212], [341881.116, 4198987.15], [341895.147, 4198960.229], [341906.037, 4198939.235], [341914.534, 4198922.883], [341928.351, 4198930.238], [341932.1, 4198932.13], [341933.314, 4198929.738], [341945.346, 4198908.244], [341949.059, 4198901.139], [341951.059, 4198897.462], [341961.198, 4198897.997], [341993.01, 4198898.854], [342004.114, 4198892.892], [342009.041, 4198889.607], [342015.789, 4198886.394], [342021.858, 4198895.641], [342031.213, 4198909.78], [342037.996, 4198919.991], [342052.992, 4198942.485], [342081.483, 4198922.205], [342112.188, 4198897.462], [342130.539, 4198882.93], [342155.996, 4198862.293], [342156.032, 4198862.186], [342126.683, 4198844.049], [342111.831, 4198832.481], [342106.69, 4198829.446], [342097.192, 4198823.805], [342081.162, 4198813.701], [342055.134, 4198798.812], [342054.884, 4198799.24], [342011.647, 4198775.497], [342010.362, 4198778.496], [342001.757, 4198803.382], [342000.044, 4198806.738], [341990.904, 4198830.803], [341990.832, 4198831.945], [341991.582, 4198833.588], [341989.797, 4198842.049], [341988.511, 4198843.299], [341986.905, 4198844.192], [341979.907, 4198828.41], [341982.085, 4198827.589], [341985.191, 4198819.092], [341985.905, 4198817.414], [341988.262, 4198810.701], [341989.44, 4198807.381], [341999.865, 4198778.853], [341941.455, 4198757.038], [341931.743, 4198759.895], [341911.357, 4198778.996], [341910.964, 4198790.85], [341902.431, 4198809.487], [341885.257, 4198809.309], [341871.155, 4198809.38], [341847.162, 4198810.344], [341851.696, 4198832.088], [341852.946, 4198836.729], [341855.588, 4198844.656], [341861.015, 4198861.437], [341864.085, 4198871.362], [341865.299, 4198878.682], [341865.763, 4198886.144], [341865.799, 4198889.428], [341865.442, 4198891.999], [341864.514, 4198895.784], [341864.085, 4198896.783], [341862.264, 4198900.747], [341859.301, 4198905.852], [341856.409, 4198909.637], [341850.839, 4198915.528], [341836.094, 4198928.81], [341821.705, 4198940.985], [341812.851, 4198948.554], [341809.245, 4198952.232], [341805.96, 4198956.088], [341800.748, 4198963.907], [341795.214, 4198977.76], [341793.393, 4198984.794], [341792.036, 4198988.65], [341789.751, 4198993.541], [341786.859, 4198998.147], [341783.36, 4199002.181], [341780.682, 4199004.681], [341776.933, 4199007.894], [341773.399, 4199010.286], [341770.15, 4199011.893], [341765.544, 4199013.178], [341762.402, 4199013.535], [341760.796, 4199013.535], [341760.26, 4199013.499], [341754.762, 4199013.0], [341748.835, 4199011.75], [341744.015, 4199010.179], [341739.945, 4199008.037], [341738.481, 4199007.359], [341735.161, 4199005.43], [341730.341, 4199001.503], [341726.735, 4198998.183], [341723.985, 4198995.005], [341720.915, 4198991.006], [341717.238, 4198989.257], [341714.381, 4198989.078], [341711.132, 4198988.293], [341708.347, 4198986.329], [341706.812, 4198984.686], [341705.563, 4198982.794], [341704.599, 4198980.759], [341704.063, 4198978.545], [341704.456, 4198974.832], [341705.955, 4198971.44], [341707.99, 4198968.905], [341709.49, 4198967.406], [341712.882, 4198965.728], [341715.381, 4198965.192], [341719.165, 4198965.156], [341720.701, 4198965.585], [341722.986, 4198966.692], [341726.449, 4198969.691], [341727.984, 4198972.404], [341728.698, 4198974.654], [341728.948, 4198977.796], [341728.663, 4198979.938], [341728.984, 4198982.651], [341729.341, 4198983.651], [341731.055, 4198986.079], [341734.482, 4198990.042], [341738.41, 4198993.612], [341740.48, 4198995.183], [341744.943, 4198998.04], [341749.692, 4199000.396], [341754.655, 4199002.181], [341757.332, 4199002.538], [341760.082, 4199002.645], [341762.831, 4199002.396], [341765.401, 4199001.646], [341767.865, 4199000.61], [341770.186, 4198999.396], [341772.435, 4198997.933], [341774.506, 4198996.29], [341776.434, 4198994.434], [341778.183, 4198992.434], [341779.754, 4198990.328], [341781.111, 4198988.043], [341782.253, 4198985.65], [341783.146, 4198983.151], [341785.859, 4198973.261], [341788.466, 4198965.049], [341790.608, 4198960.8], [341793.5, 4198955.802], [341796.142, 4198951.696], [341802.747, 4198943.984], [341806.603, 4198940.199], [341812.066, 4198935.451], [341819.813, 4198929.131], [341833.345, 4198917.884], [341848.697, 4198903.139], [341850.911, 4198900.14], [341853.66, 4198895.605], [341854.481, 4198893.784], [341855.802, 4198890.0], [341856.552, 4198886.108], [341856.659, 4198884.109], [341856.409, 4198880.145], [341855.552, 4198876.254], [341844.056, 4198841.585], [341842.592, 4198836.48], [341770.935, 4198856.438]]}}, {"type": "Feature", "properties": {"source": "PGOU Córdoba 2001 (TR oct-2002) — plano «Alineaciones y Rasantes» 1:2000", "legend_family": "ALINEACIÓN (vial OR edificación — NOT separable)", "attribution_status": "UNKNOWN_SPLIT", "length_m": 469.26}, "geometry": {"type": "LineString", "coordinates": [[342156.032, 4198862.186], [342166.385, 4198852.011], [342171.741, 4198846.298], [342174.133, 4198844.084], [342179.953, 4198838.336], [342195.912, 4198822.484], [342195.698, 4198821.234], [342136.216, 4198785.244], [342127.005, 4198780.139], [342108.296, 4198768.749], [342104.833, 4198767.107], [342082.09, 4198754.361], [342070.451, 4198747.898], [342066.845, 4198746.256], [342030.606, 4198727.011], [342029.963, 4198727.047], [342025.143, 4198738.936], [342023.465, 4198743.507], [342011.647, 4198775.497], [342054.884, 4198799.24], [342055.134, 4198798.812], [342081.162, 4198813.7], [342083.09, 4198814.879], [342097.192, 4198823.805], [342106.689, 4198829.446], [342111.831, 4198832.481], [342126.683, 4198844.049], [342156.032, 4198862.186]]}}, {"type": "Feature", "properties": {"source": "PGOU Córdoba 2001 (TR oct-2002) — plano «Alineaciones y Rasantes» 1:2000", "legend_family": "ALINEACIÓN (vial OR edificación — NOT separable)", "attribution_status": "UNKNOWN_SPLIT", "length_m": 939.0}, "geometry": {"type": "LineString", "coordinates": [[341847.162, 4198810.344], [341871.155, 4198809.38], [341885.257, 4198809.309], [341902.431, 4198809.487], [341910.964, 4198790.85], [341911.357, 4198778.996], [341931.743, 4198759.895], [341941.454, 4198757.038], [341999.865, 4198778.853], [342007.791, 4198756.181], [342009.398, 4198751.397], [342010.755, 4198747.291], [342016.11, 4198733.938], [342016.896, 4198732.01], [342018.895, 4198726.69], [342018.895, 4198724.655], [342017.788, 4198722.584], [342016.253, 4198720.049], [342013.789, 4198717.55], [342011.397, 4198715.479], [342008.934, 4198711.587], [342007.006, 4198706.303], [342006.756, 4198703.554], [342006.006, 4198699.162], [342008.612, 4198691.7], [342010.362, 4198687.344], [342013.611, 4198683.56], [342027.214, 4198663.208], [342026.893, 4198663.28], [342038.532, 4198646.642], [342041.21, 4198643.036], [342046.815, 4198634.003], [342048.065, 4198632.003], [342053.135, 4198622.506], [342054.563, 4198618.864], [342062.632, 4198601.833], [342071.843, 4198581.089], [342073.093, 4198578.412], [342074.592, 4198575.056], [342090.516, 4198540.78], [342077.698, 4198535.246], [342074.2, 4198533.746], [342051.956, 4198523.785], [342036.604, 4198517.358], [342032.855, 4198515.751], [342029.856, 4198513.609], [342013.539, 4198479.798], [342009.862, 4198479.405], [342005.506, 4198488.545], [341979.693, 4198542.137], [341972.302, 4198554.133], [341960.734, 4198569.057], [341950.452, 4198585.16], [341948.06, 4198589.48], [341941.24, 4198605.154], [341936.492, 4198616.579], [341930.815, 4198633.36], [341928.637, 4198638.751], [341926.138, 4198643.25], [341924.245, 4198646.142], [341922.246, 4198648.963], [341916.605, 4198655.532], [341909.0, 4198662.28], [341901.538, 4198667.993], [341897.682, 4198671.635], [341894.183, 4198675.633], [341890.934, 4198679.846], [341888.935, 4198682.81], [341887.185, 4198685.345], [341881.187, 4198697.591], [341879.081, 4198703.197], [341877.331, 4198707.16], [341872.333, 4198719.192], [341869.048, 4198729.296], [341867.084, 4198733.509], [341866.156, 4198735.58], [341860.658, 4198751.254], [341858.266, 4198755.432], [341850.411, 4198776.854], [341849.911, 4198778.496], [341848.412, 4198783.388], [341847.162, 4198789.6], [341846.662, 4198793.813], [341846.234, 4198800.133], [341846.412, 4198806.453], [341846.841, 4198809.559], [341847.162, 4198810.344]]}}, {"type": "Feature", "properties": {"source": "PGOU Córdoba 2001 (TR oct-2002) — plano «Alineaciones y Rasantes» 1:2000", "legend_family": "ALINEACIÓN (vial OR edificación — NOT separable)", "attribution_status": "UNKNOWN_SPLIT", "length_m": 723.99}, "geometry": {"type": "LineString", "coordinates": [[341981.157, 4198438.595], [341979.193, 4198436.881], [341976.551, 4198434.596], [341957.914, 4198419.315], [341954.808, 4198416.709], [341950.487, 4198412.46], [341939.241, 4198397.857], [341936.099, 4198396.536], [341934.064, 4198396.286], [341932.065, 4198396.607], [341930.101, 4198397.286], [341920.104, 4198403.641], [341911.0, 4198409.746], [341901.431, 4198418.744], [341898.646, 4198422.743], [341896.861, 4198425.313], [341895.397, 4198428.098], [341894.005, 4198431.883], [341893.184, 4198434.882], [341887.185, 4198464.731], [341886.4, 4198467.444], [341884.543, 4198474.513], [341882.937, 4198480.583], [341877.653, 4198493.936], [341877.153, 4198495.043], [341876.51, 4198496.4], [341874.404, 4198498.863], [341872.297, 4198501.791], [341868.905, 4198506.04], [341865.264, 4198510.11], [341861.3, 4198513.859], [341853.553, 4198518.286], [341845.413, 4198522.285], [341828.989, 4198527.855], [341822.384, 4198530.104], [341819.635, 4198531.14], [341816.886, 4198532.139], [341810.459, 4198535.638], [341808.388, 4198536.995], [341804.532, 4198539.959], [341800.962, 4198543.243], [341799.248, 4198544.993], [341796.142, 4198548.742], [341793.75, 4198553.312], [341792.75, 4198555.704], [341791.143, 4198560.631], [341790.144, 4198565.737], [341789.751, 4198570.914], [341789.965, 4198576.091], [341791.215, 4198581.589], [341792.286, 4198584.231], [341808.852, 4198598.941], [341819.349, 4198601.762], [341831.595, 4198603.904], [341835.915, 4198604.297], [341842.699, 4198606.154], [341870.333, 4198631.361], [341877.831, 4198650.141], [341883.794, 4198663.78], [341887.542, 4198663.351], [341891.791, 4198661.745], [341896.361, 4198658.853], [341900.753, 4198655.711], [341905.001, 4198652.283], [341909.0, 4198648.641], [341910.892, 4198646.713], [341914.606, 4198642.75], [341917.89, 4198637.68], [341926.638, 4198617.793], [341934.635, 4198594.264], [341938.563, 4198584.66], [341939.134, 4198584.16], [341942.061, 4198579.447], [341944.882, 4198574.341], [341947.988, 4198569.414], [341951.237, 4198564.559], [341954.736, 4198559.846], [341960.342, 4198553.133], [341970.196, 4198541.101], [341981.764, 4198513.609], [341983.763, 4198510.039], [341985.691, 4198505.112], [341998.294, 4198476.584], [341999.365, 4198474.835], [342000.686, 4198469.836], [342001.186, 4198466.302], [342001.293, 4198461.16], [342000.865, 4198457.34], [342000.365, 4198454.841], [341991.832, 4198447.485], [341981.157, 4198438.595]]}}, {"type": "Feature", "properties": {"source": "PGOU Córdoba 2001 (TR oct-2002) — plano «Alineaciones y Rasantes» 1:2000", "legend_family": "ALINEACIÓN (vial OR edificación — NOT separable)", "attribution_status": "UNKNOWN_SPLIT", "length_m": 176.91}, "geometry": {"type": "LineString", "coordinates": [[341511.265, 4198380.005], [341531.08, 4198385.539], [341553.395, 4198391.787], [341556.858, 4198391.395], [341564.034, 4198388.288], [341577.245, 4198372.614], [341558.715, 4198349.443], [341557.965, 4198350.05], [341542.113, 4198362.76], [341518.191, 4198355.548], [341514.085, 4198370.115], [341512.943, 4198374.15], [341511.265, 4198380.005]]}}, {"type": "Feature", "properties": {"source": "PGOU Córdoba 2001 (TR oct-2002) — plano «Alineaciones y Rasantes» 1:2000", "legend_family": "ALINEACIÓN (vial OR edificación — NOT separable)", "attribution_status": "UNKNOWN_SPLIT", "length_m": 265.41}, "geometry": {"type": "LineString", "coordinates": [[341786.645, 4198259.933], [341753.833, 4198192.381], [341771.435, 4198184.205], [341804.104, 4198168.46], [341840.307, 4198227.014], [341839.057, 4198234.405], [341786.645, 4198259.933]]}}, {"type": "Feature", "properties": {"source": "PGOU Córdoba 2001 (TR oct-2002) — plano «Alineaciones y Rasantes» 1:2000", "legend_family": "ALINEACIÓN (vial OR edificación — NOT separable)", "attribution_status": "UNKNOWN_SPLIT", "length_m": 481.08}, "geometry": {"type": "LineString", "coordinates": [[341852.16, 4198228.014], [341910.0, 4198199.915], [341912.999, 4198198.058], [341952.701, 4198178.314], [341948.345, 4198168.21], [341945.846, 4198163.39], [341943.632, 4198159.962], [341941.204, 4198156.713], [341930.208, 4198142.967], [341918.283, 4198128.007], [341901.538, 4198106.763], [341885.936, 4198087.197], [341882.437, 4198082.592], [341871.012, 4198068.346], [341829.596, 4198090.232], [341800.997, 4198105.799], [341785.859, 4198113.904], [341786.002, 4198114.154], [341783.86, 4198115.261], [341814.458, 4198165.71], [341814.136, 4198165.889], [341829.31, 4198190.703], [341841.699, 4198210.911], [341844.091, 4198214.839], [341846.055, 4198218.017], [341847.733, 4198220.801], [341852.16, 4198228.014]]}}, {"type": "Feature", "properties": {"source": "PGOU Córdoba 2001 (TR oct-2002) — plano «Alineaciones y Rasantes» 1:2000", "legend_family": "ALINEACIÓN (vial OR edificación — NOT separable)", "attribution_status": "UNKNOWN_SPLIT", "length_m": 738.16}, "geometry": {"type": "LineString", "coordinates": [[342045.994, 4198508.86], [342059.061, 4198515.394], [342062.239, 4198516.68], [342070.808, 4198520.536], [342070.986, 4198520.143], [342095.015, 4198530.783], [342107.154, 4198508.682], [342116.901, 4198492.758], [342128.112, 4198473.585], [342129.361, 4198471.443], [342152.247, 4198431.312], [342154.639, 4198427.206], [342166.707, 4198406.39], [342177.239, 4198388.181], [342179.239, 4198384.789], [342180.381, 4198382.79], [342195.912, 4198356.405], [342201.982, 4198346.051], [342203.945, 4198342.159], [342213.335, 4198326.199], [342219.048, 4198317.559], [342220.904, 4198314.881], [342235.043, 4198294.637], [342252.716, 4198269.359], [342221.904, 4198246.687], [342219.405, 4198244.866], [342210.908, 4198238.796], [342177.703, 4198264.253], [342175.204, 4198263.396], [342172.991, 4198272.751], [342170.884, 4198304.491], [342167.814, 4198311.204], [342164.886, 4198315.131], [342142.25, 4198343.087], [342133.253, 4198354.084], [342128.29, 4198360.332], [342120.935, 4198369.294], [342119.436, 4198371.008], [342113.366, 4198380.755], [342102.512, 4198403.605], [342092.408, 4198420.993], [342078.948, 4198442.344], [342070.665, 4198456.233], [342066.131, 4198463.445], [342045.994, 4198508.86]]}}, {"type": "Feature", "properties": {"source": "PGOU Córdoba 2001 (TR oct-2002) — plano «Alineaciones y Rasantes» 1:2000", "legend_family": "ALINEACIÓN (vial OR edificación — NOT separable)", "attribution_status": "UNKNOWN_SPLIT", "length_m": 735.82}, "geometry": {"type": "LineString", "coordinates": [[342266.533, 4198266.502], [342282.814, 4198278.499], [342286.741, 4198281.391], [342303.058, 4198293.852], [342306.664, 4198296.601], [342346.937, 4198325.485], [342353.935, 4198314.846], [342356.791, 4198310.847], [342364.789, 4198298.85], [342385.283, 4198269.145], [342388.46, 4198264.182], [342398.743, 4198246.687], [342407.74, 4198228.585], [342416.059, 4198211.447], [342430.055, 4198182.348], [342446.514, 4198148.894], [342448.263, 4198144.859], [342450.798, 4198140.039], [342452.583, 4198136.397], [342462.438, 4198115.689], [342464.366, 4198112.047], [342477.29, 4198085.305], [342480.432, 4198079.093], [342490.5, 4198057.385], [342426.698, 4198062.24], [342420.7, 4198063.954], [342390.031, 4198078.986], [342385.033, 4198082.699], [342371.215, 4198094.16], [342354.613, 4198112.404], [342349.008, 4198121.152], [342334.191, 4198152.75], [342331.656, 4198158.641], [342321.088, 4198180.884], [342319.339, 4198184.848], [342317.553, 4198188.097], [342313.483, 4198196.987], [342312.662, 4198199.201], [342308.663, 4198206.484], [342305.736, 4198210.697], [342282.85, 4198243.366], [342280.458, 4198246.794], [342266.533, 4198266.502]]}}, {"type": "Feature", "properties": {"source": "PGOU Córdoba 2001 (TR oct-2002) — plano «Alineaciones y Rasantes» 1:2000", "legend_family": "ALINEACIÓN (vial OR edificación — NOT separable)", "attribution_status": "UNKNOWN_SPLIT", "length_m": 1105.16}, "geometry": {"type": "LineString", "coordinates": [[342505.282, 4198059.884], [342497.784, 4198075.344], [342496.249, 4198079.414], [342491.643, 4198088.804], [342490.001, 4198092.089], [342418.558, 4198238.011], [342415.666, 4198243.652], [342411.346, 4198251.614], [342404.455, 4198264.253], [342398.6, 4198273.286], [342396.636, 4198276.285], [342386.39, 4198292.031], [342386.64, 4198291.495], [342365.86, 4198322.058], [342353.792, 4198340.16], [342351.757, 4198343.302], [342339.44, 4198361.689], [342335.155, 4198367.544], [342317.089, 4198394.644], [342308.913, 4198406.747], [342304.093, 4198417.28], [342323.552, 4198418.137], [342332.835, 4198418.315], [342339.047, 4198417.459], [342343.581, 4198416.387], [342348.044, 4198415.031], [342349.544, 4198414.495], [342358.934, 4198410.032], [342364.111, 4198406.212], [342377.0, 4198395.108], [342392.316, 4198381.362], [342404.598, 4198370.615], [342422.664, 4198355.798], [342437.195, 4198343.409], [342451.405, 4198328.734], [342458.01, 4198320.737], [342460.153, 4198318.952], [342465.651, 4198313.06], [342471.899, 4198306.134], [342476.54, 4198300.635], [342506.71, 4198268.216], [342509.745, 4198264.931], [342537.736, 4198234.762], [342540.057, 4198232.262], [342546.805, 4198225.05], [342679.086, 4198082.699], [342677.158, 4198077.843], [342652.594, 4198075.237], [342633.242, 4198073.594], [342628.744, 4198072.916], [342601.359, 4198070.167], [342590.755, 4198068.739], [342589.006, 4198068.667], [342550.196, 4198064.633], [342532.488, 4198062.74], [342505.282, 4198059.884]]}}, {"type": "Feature", "properties": {"source": "PGOU Córdoba 2001 (TR oct-2002) — plano «Alineaciones y Rasantes» 1:2000", "legend_family": "ALINEACIÓN (vial OR edificación — NOT separable)", "attribution_status": "UNKNOWN_SPLIT", "length_m": 895.15}, "geometry": {"type": "LineString", "coordinates": [[342583.186, 4198201.45], [342565.763, 4198220.409], [342557.944, 4198228.335], [342495.285, 4198295.958], [342491.893, 4198299.493], [342529.703, 4198324.486], [342534.665, 4198328.092], [342567.441, 4198365.545], [342619.104, 4198309.383], [342780.84, 4198134.791], [342811.259, 4198102.015], [342818.65, 4198094.517], [342818.186, 4198092.41], [342809.331, 4198091.339], [342733.283, 4198083.591], [342722.751, 4198082.734], [342696.902, 4198080.092], [342690.439, 4198086.412], [342687.083, 4198089.661], [342656.485, 4198122.152], [342652.844, 4198126.365], [342647.952, 4198131.863], [342631.743, 4198149.001], [342586.293, 4198198.165], [342583.186, 4198201.45]]}}, {"type": "Feature", "properties": {"source": "PGOU Córdoba 2001 (TR oct-2002) — plano «Alineaciones y Rasantes» 1:2000", "legend_family": "ALINEACIÓN (vial OR edificación — NOT separable)", "attribution_status": "UNKNOWN_SPLIT", "length_m": 350.66}, "geometry": {"type": "LineString", "coordinates": [[342676.586, 4198063.312], [342764.166, 4198072.345], [342765.738, 4198058.063], [342774.163, 4197982.656], [342774.199, 4197981.335], [342773.914, 4197980.014], [342773.556, 4197979.193], [342772.842, 4197978.086], [342748.886, 4197956.914], [342747.35, 4197956.236], [342746.208, 4197956.093], [342745.065, 4197956.164], [342743.459, 4197956.7], [342741.709, 4197957.699], [342713.753, 4197991.297], [342711.29, 4197993.439], [342685.941, 4198023.502], [342683.191, 4198027.786], [342681.692, 4198030.785], [342679.335, 4198037.248], [342676.586, 4198063.312]]}}, {"type": "Feature", "properties": {"source": "PGOU Córdoba 2001 (TR oct-2002) — plano «Alineaciones y Rasantes» 1:2000", "legend_family": "ALINEACIÓN (vial OR edificación — NOT separable)", "attribution_status": "UNKNOWN_SPLIT", "length_m": 205.41}, "geometry": {"type": "LineString", "coordinates": [[342841.0, 4198068.988], [342831.182, 4198078.236], [342830.646, 4198078.664], [342830.039, 4198078.914], [342828.932, 4198078.95], [342803.262, 4198076.343], [342774.413, 4198073.451], [342776.591, 4198051.708], [342784.339, 4197984.763], [342779.733, 4197971.802], [342755.848, 4197950.987]]}}, {"type": "Feature", "properties": {"source": "PGOU Córdoba 2001 (TR oct-2002) — plano «Alineaciones y Rasantes» 1:2000", "legend_family": "ALINEACIÓN (vial OR edificación — NOT separable)", "attribution_status": "UNKNOWN_SPLIT", "length_m": 272.43}, "geometry": {"type": "LineString", "coordinates": [[342173.812, 4197950.987], [342161.708, 4197974.587], [342160.102, 4197978.765], [342150.64, 4197996.795], [342170.384, 4198004.507], [342175.49, 4198006.685], [342191.199, 4198014.004], [342193.556, 4198015.111], [342193.199, 4198015.611], [342225.296, 4198039.39], [342232.865, 4198033.463], [342236.007, 4198030.464], [342244.54, 4198025.644], [342250.538, 4198022.109], [342275.852, 4198008.256], [342280.243, 4198006.185], [342283.742, 4198004.007], [342295.132, 4197993.76], [342297.595, 4197989.155], [342312.841, 4197964.447], [342318.339, 4197955.486], [342320.91, 4197950.987]]}}, {"type": "Feature", "properties": {"source": "PGOU Córdoba 2001 (TR oct-2002) — plano «Alineaciones y Rasantes» 1:2000", "legend_family": "ALINEACIÓN (vial OR edificación — NOT separable)", "attribution_status": "UNKNOWN_SPLIT", "length_m": 523.14}, "geometry": {"type": "LineString", "coordinates": [[341543.148, 4197950.987], [341540.649, 4197953.736], [341536.293, 4197958.735], [341519.405, 4197977.801], [341515.906, 4197981.55], [341511.336, 4197986.298], [341470.313, 4198031.392], [341445.999, 4198058.956], [341436.252, 4198070.488], [341434.288, 4198072.416], [341432.789, 4198074.594], [341431.682, 4198077.058], [341431.039, 4198079.7], [341430.897, 4198082.413], [341431.254, 4198085.055], [341432.111, 4198087.59], [341433.36, 4198089.982], [341435.038, 4198092.089], [341437.109, 4198093.838], [341439.465, 4198095.195], [341445.107, 4198098.159], [341464.993, 4198106.763], [341468.635, 4198108.263], [341483.309, 4198114.547], [341501.446, 4198122.152], [341515.085, 4198128.65], [341515.799, 4198128.186], [341536.043, 4198100.265], [341536.186, 4198099.765], [341545.612, 4198087.662], [341546.611, 4198086.34], [341548.539, 4198084.591], [341554.109, 4198079.807], [341556.001, 4198077.343], [341566.998, 4198061.562], [341583.814, 4198037.64], [341600.737, 4198013.505], [341603.701, 4198010.898], [341634.263, 4197987.048], [341641.082, 4197981.264], [341667.36, 4197963.591], [341670.645, 4197960.913], [341681.784, 4197954.308], [341686.783, 4197950.987]]}}, {"type": "Feature", "properties": {"source": "PGOU Córdoba 2001 (TR oct-2002) — plano «Alineaciones y Rasantes» 1:2000", "legend_family": "ALINEACIÓN (vial OR edificación — NOT separable)", "attribution_status": "UNKNOWN_SPLIT", "length_m": 298.04}, "geometry": {"type": "LineString", "coordinates": [[342841.0, 4198265.253], [342838.394, 4198268.502], [342817.9, 4198293.316], [342817.257, 4198294.102], [342792.158, 4198323.7], [342789.837, 4198326.949], [342783.446, 4198334.661], [342763.702, 4198358.44], [342758.383, 4198364.403], [342731.034, 4198397.286], [342732.105, 4198398.964], [342733.033, 4198399.785], [342733.64, 4198400.142], [342735.497, 4198400.785], [342772.2, 4198405.783], [342776.449, 4198406.39], [342787.445, 4198407.64], [342788.945, 4198407.961], [342802.833, 4198409.711], [342806.189, 4198410.139], [342827.79, 4198413.138], [342841.0, 4198389.395]]}}, {"type": "Feature", "properties": {"source": "PGOU Córdoba 2001 (TR oct-2002) — plano «Alineaciones y Rasantes» 1:2000", "legend_family": "ALINEACIÓN (vial OR edificación — NOT separable)", "attribution_status": "UNKNOWN_SPLIT", "length_m": 13.34}, "geometry": {"type": "LineString", "coordinates": [[342841.0, 4198415.031], [342836.644, 4198414.531], [342841.0, 4198406.712]]}}, {"type": "Feature", "properties": {"source": "PGOU Córdoba 2001 (TR oct-2002) — plano «Alineaciones y Rasantes» 1:2000", "legend_family": "ALINEACIÓN (vial OR edificación — NOT separable)", "attribution_status": "UNKNOWN_SPLIT", "length_m": 162.81}, "geometry": {"type": "LineString", "coordinates": [[342027.999, 4197950.987], [342046.708, 4197958.663], [342051.099, 4197960.484], [342063.096, 4197965.483], [342065.738, 4197966.59], [342103.084, 4197982.157], [342132.931, 4197994.546], [342133.431, 4197993.403], [342137.252, 4197986.334], [342151.497, 4197959.199], [342155.782, 4197950.987]]}}, {"type": "Feature", "properties": {"source": "PGOU Córdoba 2001 (TR oct-2002) — plano «Alineaciones y Rasantes» 1:2000", "legend_family": "ALINEACIÓN (vial OR edificación — NOT separable)", "attribution_status": "UNKNOWN_SPLIT", "length_m": 202.18}, "geometry": {"type": "LineString", "coordinates": [[342421.414, 4197950.987], [342419.986, 4197964.412], [342419.165, 4197978.336], [342418.915, 4197992.332], [342419.201, 4198006.292], [342420.093, 4198020.253], [342421.593, 4198034.141], [342423.914, 4198049.815], [342424.092, 4198050.494], [342426.841, 4198050.137], [342424.985, 4198033.285], [342424.056, 4198019.789], [342423.664, 4198006.292], [342423.735, 4197992.761], [342424.449, 4197979.265], [342425.663, 4197965.804], [342427.663, 4197950.987]]}}, {"type": "Feature", "properties": {"source": "PGOU Córdoba 2001 (TR oct-2002) — plano «Alineaciones y Rasantes» 1:2000", "legend_family": "ALINEACIÓN (vial OR edificación — NOT separable)", "attribution_status": "UNKNOWN_SPLIT", "length_m": 44.92}, "geometry": {"type": "LineString", "coordinates": [[342587.542, 4197950.987], [342608.75, 4197964.483], [342611.213, 4197964.055], [342619.14, 4197950.987], [342618.104, 4197952.701]]}}, {"type": "Feature", "properties": {"source": "PGOU Córdoba 2001 (TR oct-2002) — plano «Alineaciones y Rasantes» 1:2000", "legend_family": "ALINEACIÓN (vial OR edificación — NOT separable)", "attribution_status": "UNKNOWN_SPLIT", "length_m": 196.84}, "geometry": {"type": "LineString", "coordinates": [[342374.215, 4197950.987], [342343.902, 4198007.435], [342382.962, 4198014.504], [342406.847, 4198019.538], [342405.848, 4198008.363], [342405.205, 4197997.152], [342404.884, 4197985.905], [342404.991, 4197974.659], [342405.455, 4197963.412], [342406.383, 4197950.987]]}}, {"type": "Feature", "properties": {"source": "PGOU Córdoba 2001 (TR oct-2002) — plano «Alineaciones y Rasantes» 1:2000", "legend_family": "ALINEACIÓN (vial OR edificación — NOT separable)", "attribution_status": "UNKNOWN_SPLIT", "length_m": 275.25}, "geometry": {"type": "LineString", "coordinates": [[342429.662, 4197950.987], [342427.698, 4197965.59], [342426.449, 4197978.943], [342425.806, 4197992.332], [342425.663, 4198005.757], [342425.984, 4198019.146], [342426.948, 4198032.535], [342428.984, 4198051.708], [342469.114, 4198048.316], [342472.542, 4198047.995], [342495.249, 4198045.959], [342495.356, 4198045.959], [342496.855, 4198045.46], [342497.605, 4198044.888], [342498.605, 4198043.567], [342533.987, 4197970.589], [342540.449, 4197958.235], [342544.555, 4197950.987]]}}, {"type": "Feature", "properties": {"source": "PGOU Córdoba 2001 (TR oct-2002) — plano «Alineaciones y Rasantes» 1:2000", "legend_family": "ALINEACIÓN (vial OR edificación — NOT separable)", "attribution_status": "UNKNOWN_SPLIT", "length_m": 208.68}, "geometry": {"type": "LineString", "coordinates": [[342408.454, 4197950.987], [342407.454, 4197963.662], [342406.955, 4197978.55], [342407.062, 4197993.439], [342407.847, 4198008.363], [342409.311, 4198023.216], [342411.346, 4198037.962], [342414.238, 4198053.564], [342417.344, 4198052.957], [342414.845, 4198036.641], [342413.238, 4198022.395], [342412.31, 4198008.113], [342411.882, 4197993.76], [342412.096, 4197979.407], [342412.881, 4197965.054], [342414.345, 4197950.987]]}}, {"type": "Feature", "properties": {"source": "PGOU Córdoba 2001 (TR oct-2002) — plano «Alineaciones y Rasantes» 1:2000", "legend_family": "ALINEACIÓN (vial OR edificación — NOT separable)", "attribution_status": "UNKNOWN_SPLIT", "length_m": 168.44}, "geometry": {"type": "LineString", "coordinates": [[342374.215, 4197950.987], [342343.902, 4198007.435], [342330.192, 4198004.436], [342296.703, 4197999.402], [342296.81, 4197999.187], [342322.159, 4197956.664], [342325.765, 4197950.987]]}}, {"type": "Feature", "properties": {"source": "PGOU Córdoba 2001 (TR oct-2002) — plano «Alineaciones y Rasantes» 1:2000", "legend_family": "ALINEACIÓN (vial OR edificación — NOT separable)", "attribution_status": "UNKNOWN_SPLIT", "length_m": 232.05}, "geometry": {"type": "LineString", "coordinates": [[342841.0, 4198426.813], [342830.503, 4198425.456], [342809.688, 4198463.552], [342806.76, 4198468.694], [342802.298, 4198476.441], [342799.834, 4198479.583], [342787.302, 4198490.58], [342771.7, 4198500.541], [342798.763, 4198530.461], [342802.655, 4198564.094], [342807.153, 4198567.843], [342841.0, 4198595.907]]}}, {"type": "Feature", "properties": {"source": "PGOU Córdoba 2001 (TR oct-2002) — plano «Alineaciones y Rasantes» 1:2000", "legend_family": "ALINEACIÓN (vial OR edificación — NOT separable)", "attribution_status": "UNKNOWN_SPLIT", "length_m": 0.82}, "geometry": {"type": "LineString", "coordinates": [[342152.211, 4199100.26], [342151.89, 4199101.01]]}}, {"type": "Feature", "properties": {"source": "PGOU Córdoba 2001 (TR oct-2002) — plano «Alineaciones y Rasantes» 1:2000", "legend_family": "ALINEACIÓN (vial OR edificación — NOT separable)", "attribution_status": "UNKNOWN_SPLIT", "length_m": 42.3}, "geometry": {"type": "LineString", "coordinates": [[341946.096, 4199015.749], [341963.34, 4199003.502], [341946.096, 4199015.749]]}}, {"type": "Feature", "properties": {"source": "PGOU Córdoba 2001 (TR oct-2002) — plano «Alineaciones y Rasantes» 1:2000", "legend_family": "ALINEACIÓN (vial OR edificación — NOT separable)", "attribution_status": "UNKNOWN_SPLIT", "length_m": 26.17}, "geometry": {"type": "LineString", "coordinates": [[342841.0, 4198703.697], [342815.008, 4198700.662]]}}, {"type": "Feature", "properties": {"source": "PGOU Córdoba 2001 (TR oct-2002) — plano «Alineaciones y Rasantes» 1:2000", "legend_family": "ALINEACIÓN (vial OR edificación — NOT separable)", "attribution_status": "UNKNOWN_SPLIT", "length_m": 1.02}, "geometry": {"type": "LineString", "coordinates": [[342820.685, 4198424.064], [342820.792, 4198423.564], [342820.685, 4198424.064]]}}, {"type": "Feature", "properties": {"source": "PGOU Córdoba 2001 (TR oct-2002) — plano «Alineaciones y Rasantes» 1:2000", "legend_family": "ALINEACIÓN (vial OR edificación — NOT separable)", "attribution_status": "UNKNOWN_SPLIT", "length_m": 12.46}, "geometry": {"type": "LineString", "coordinates": [[342783.411, 4198592.443], [342785.089, 4198586.445], [342783.411, 4198592.443]]}}, {"type": "Feature", "properties": {"source": "PGOU Córdoba 2001 (TR oct-2002) — plano «Alineaciones y Rasantes» 1:2000", "legend_family": "ALINEACIÓN (vial OR edificación — NOT separable)", "attribution_status": "UNKNOWN_SPLIT", "length_m": 9.44}, "geometry": {"type": "LineString", "coordinates": [[342808.831, 4198682.203], [342807.011, 4198686.559], [342808.831, 4198682.203]]}}, {"type": "Feature", "properties": {"source": "PGOU Córdoba 2001 (TR oct-2002) — plano «Alineaciones y Rasantes» 1:2000", "legend_family": "ALINEACIÓN (vial OR edificación — NOT separable)", "attribution_status": "UNKNOWN_SPLIT", "length_m": 7.16}, "geometry": {"type": "LineString", "coordinates": [[342705.042, 4198784.637], [342701.543, 4198783.887], [342705.042, 4198784.637]]}}, {"type": "Feature", "properties": {"source": "PGOU Córdoba 2001 (TR oct-2002) — plano «Alineaciones y Rasantes» 1:2000", "legend_family": "ALINEACIÓN (vial OR edificación — NOT separable)", "attribution_status": "UNKNOWN_SPLIT", "length_m": 51.6}, "geometry": {"type": "LineString", "coordinates": [[342815.365, 4198694.663], [342841.0, 4198697.591], [342815.365, 4198694.663]]}}, {"type": "Feature", "properties": {"source": "PGOU Córdoba 2001 (TR oct-2002) — plano «Alineaciones y Rasantes» 1:2000", "legend_family": "ALINEACIÓN (vial OR edificación — NOT separable)", "attribution_status": "UNKNOWN_SPLIT", "length_m": 13.72}, "geometry": {"type": "LineString", "coordinates": [[342819.649, 4198683.452], [342816.9, 4198689.736], [342819.649, 4198683.452]]}}, {"type": "Feature", "properties": {"source": "PGOU Córdoba 2001 (TR oct-2002) — plano «Alineaciones y Rasantes» 1:2000", "legend_family": "ALINEACIÓN (vial OR edificación — NOT separable)", "attribution_status": "UNKNOWN_SPLIT", "length_m": 5.16}, "geometry": {"type": "LineString", "coordinates": [[342815.365, 4198694.663], [342816.9, 4198689.736]]}}, {"type": "Feature", "properties": {"source": "PGOU Córdoba 2001 (TR oct-2002) — plano «Alineaciones y Rasantes» 1:2000", "legend_family": "ALINEACIÓN (vial OR edificación — NOT separable)", "attribution_status": "UNKNOWN_SPLIT", "length_m": 0.87}, "geometry": {"type": "LineString", "coordinates": [[342819.685, 4198761.501], [342819.257, 4198761.43], [342819.685, 4198761.501]]}}, {"type": "Feature", "properties": {"source": "PGOU Córdoba 2001 (TR oct-2002) — plano «Alineaciones y Rasantes» 1:2000", "legend_family": "ALINEACIÓN (vial OR edificación — NOT separable)", "attribution_status": "UNKNOWN_SPLIT", "length_m": 13.87}, "geometry": {"type": "LineString", "coordinates": [[342814.651, 4198707.588], [342815.008, 4198700.662], [342814.651, 4198707.588]]}}, {"type": "Feature", "properties": {"source": "PGOU Córdoba 2001 (TR oct-2002) — plano «Alineaciones y Rasantes» 1:2000", "legend_family": "ALINEACIÓN (vial OR edificación — NOT separable)", "attribution_status": "UNKNOWN_SPLIT", "length_m": 1.63}, "geometry": {"type": "LineString", "coordinates": [[342551.303, 4198548.063], [342551.089, 4198547.563], [342551.303, 4198548.063], [342551.089, 4198547.563]]}}, {"type": "Feature", "properties": {"source": "PGOU Córdoba 2001 (TR oct-2002) — plano «Alineaciones y Rasantes» 1:2000", "legend_family": "ALINEACIÓN (vial OR edificación — NOT separable)", "attribution_status": "UNKNOWN_SPLIT", "length_m": 29.21}, "geometry": {"type": "LineString", "coordinates": [[342380.463, 4198978.188], [342371.144, 4198989.435], [342380.463, 4198978.188]]}}, {"type": "Feature", "properties": {"source": "PGOU Córdoba 2001 (TR oct-2002) — plano «Alineaciones y Rasantes» 1:2000", "legend_family": "ALINEACIÓN (vial OR edificación — NOT separable)", "attribution_status": "UNKNOWN_SPLIT", "length_m": 40.03}, "geometry": {"type": "LineString", "coordinates": [[342350.365, 4199020.462], [342339.404, 4199037.207], [342350.365, 4199020.462]]}}, {"type": "Feature", "properties": {"source": "PGOU Córdoba 2001 (TR oct-2002) — plano «Alineaciones y Rasantes» 1:2000", "legend_family": "ALINEACIÓN (vial OR edificación — NOT separable)", "attribution_status": "UNKNOWN_SPLIT", "length_m": 31.61}, "geometry": {"type": "LineString", "coordinates": [[342339.404, 4199037.207], [342330.406, 4199050.203], [342339.404, 4199037.207]]}}, {"type": "Feature", "properties": {"source": "PGOU Córdoba 2001 (TR oct-2002) — plano «Alineaciones y Rasantes» 1:2000", "legend_family": "ALINEACIÓN (vial OR edificación — NOT separable)", "attribution_status": "UNKNOWN_SPLIT", "length_m": 0.88}, "geometry": {"type": "LineString", "coordinates": [[342224.653, 4199006.894], [342225.046, 4199006.109]]}}, {"type": "Feature", "properties": {"source": "PGOU Córdoba 2001 (TR oct-2002) — plano «Alineaciones y Rasantes» 1:2000", "legend_family": "ALINEACIÓN (vial OR edificación — NOT separable)", "attribution_status": "UNKNOWN_SPLIT", "length_m": 28.86}, "geometry": {"type": "LineString", "coordinates": [[342333.013, 4198913.528], [342332.049, 4198884.68]]}}, {"type": "Feature", "properties": {"source": "PGOU Córdoba 2001 (TR oct-2002) — plano «Alineaciones y Rasantes» 1:2000", "legend_family": "ALINEACIÓN (vial OR edificación — NOT separable)", "attribution_status": "UNKNOWN_SPLIT", "length_m": 480.29}, "geometry": {"type": "LineString", "coordinates": [[342653.415, 4198606.689], [342656.735, 4198602.083], [342662.055, 4198595.193], [342667.66, 4198588.48], [342673.409, 4198581.982], [342710.683, 4198545.35], [342719.466, 4198537.138], [342728.642, 4198529.462], [342738.21, 4198522.249], [342767.701, 4198502.291], [342768.237, 4198504.29], [342769.094, 4198505.79], [342780.947, 4198518.143], [342783.232, 4198522.107], [342785.553, 4198526.748], [342787.588, 4198531.532], [342788.338, 4198534.246], [342789.944, 4198542.458], [342790.444, 4198547.992], [342790.444, 4198553.598], [342790.052, 4198559.132], [342788.838, 4198568.093], [342787.195, 4198577.305], [342785.089, 4198586.445], [342778.662, 4198608.939], [342775.092, 4198619.15], [342770.236, 4198631.182], [342756.062, 4198667.35], [342756.383, 4198671.635], [342756.062, 4198667.35], [342756.383, 4198671.635], [342746.136, 4198670.742], [342738.46, 4198669.707], [342716.788, 4198665.458], [342700.615, 4198653.211], [342683.263, 4198640.858], [342648.988, 4198615.401], [342653.415, 4198606.689]]}}, {"type": "Feature", "properties": {"source": "PGOU Córdoba 2001 (TR oct-2002) — plano «Alineaciones y Rasantes» 1:2000", "legend_family": "ALINEACIÓN (vial OR edificación — NOT separable)", "attribution_status": "UNKNOWN_SPLIT", "length_m": 893.09}, "geometry": {"type": "LineString", "coordinates": [[342497.034, 4198617.65], [342491.75, 4198616.901], [342484.395, 4198616.901], [342477.504, 4198618.15], [342470.792, 4198619.257], [342466.401, 4198621.149], [342460.188, 4198626.612], [342458.546, 4198628.29], [342448.049, 4198636.431], [342443.194, 4198639.68], [342439.266, 4198641.179], [342432.233, 4198643.143], [342428.698, 4198644.999], [342427.948, 4198645.714], [342425.592, 4198648.963], [342423.699, 4198652.533], [342422.557, 4198655.389], [342421.664, 4198659.745], [342418.094, 4198669.992], [342416.916, 4198672.599], [342408.49, 4198693.95], [342401.849, 4198713.194], [342399.564, 4198716.836], [342394.566, 4198725.762], [342393.316, 4198728.547], [342392.638, 4198731.546], [342392.459, 4198735.652], [342392.138, 4198738.687], [342390.281, 4198744.542], [342389.032, 4198746.613], [342387.104, 4198748.648], [342382.284, 4198752.397], [342380.106, 4198754.611], [342378.892, 4198756.289], [342378.606, 4198757.253], [342378.356, 4198759.288], [342378.356, 4198763.358], [342379.713, 4198775.497], [342379.499, 4198780.746], [342378.213, 4198788.851], [342377.749, 4198790.779], [342376.75, 4198793.635], [342375.786, 4198795.956], [342374.607, 4198797.848], [342373.144, 4198799.312], [342369.145, 4198802.454], [342366.36, 4198803.561], [342350.508, 4198807.845], [342346.509, 4198809.095], [342339.832, 4198811.987], [342336.405, 4198814.058], [342331.406, 4198819.199], [342330.05, 4198821.948], [342329.443, 4198824.983], [342329.05, 4198831.16], [342329.443, 4198837.194], [342329.764, 4198840.193], [342330.907, 4198847.191], [342331.442, 4198851.19], [342331.549, 4198864.686], [342331.335, 4198867.756], [342330.799, 4198870.684], [342330.585, 4198873.005], [342330.942, 4198875.682], [342331.406, 4198877.682], [342393.316, 4198843.513], [342393.137, 4198839.979], [342402.599, 4198811.88], [342406.812, 4198807.309], [342411.632, 4198802.882], [342414.131, 4198800.383], [342417.701, 4198796.491], [342421.986, 4198790.993], [342433.946, 4198772.213], [342434.803, 4198769.749], [342434.839, 4198768.142], [342443.836, 4198753.289], [342445.907, 4198753.111], [342449.834, 4198753.861], [342451.548, 4198754.682], [342456.832, 4198762.287], [342457.046, 4198764.179], [342456.547, 4198767.964], [342455.832, 4198769.749], [342454.297, 4198771.963], [342452.298, 4198773.748], [342450.013, 4198775.033], [342447.442, 4198775.783], [342444.836, 4198775.997], [342443.336, 4198775.89], [342442.158, 4198776.39], [342441.587, 4198776.997], [342435.981, 4198785.994], [342435.41, 4198787.28], [342435.089, 4198788.601], [342435.089, 4198791.35], [342436.089, 4198793.849], [342437.838, 4198795.884], [342440.266, 4198797.205], [342441.658, 4198797.562], [342472.899, 4198803.061], [342476.897, 4198803.239], [342480.932, 4198802.954], [342486.787, 4198801.49], [342492.25, 4198798.955], [342494.892, 4198797.098], [342498.534, 4198793.849], [342500.712, 4198791.385], [342502.604, 4198788.779], [342565.299, 4198686.845], [342567.156, 4198684.06], [342573.082, 4198675.883], [342518.206, 4198636.038], [342518.456, 4198632.36], [342518.635, 4198631.254], [342502.89, 4198620.649], [342497.034, 4198617.65]]}}, {"type": "Feature", "properties": {"source": "PGOU Córdoba 2001 (TR oct-2002) — plano «Alineaciones y Rasantes» 1:2000", "legend_family": "ALINEACIÓN (vial OR edificación — NOT separable)", "attribution_status": "UNKNOWN_SPLIT", "length_m": 810.56}, "geometry": {"type": "LineString", "coordinates": [[342551.303, 4198548.063], [342518.635, 4198631.254], [342575.296, 4198673.241], [342577.402, 4198670.706], [342581.901, 4198665.743], [342586.042, 4198661.53], [342591.755, 4198656.532], [342597.753, 4198651.997], [342601.895, 4198649.213], [342627.565, 4198633.646], [342629.493, 4198631.86], [342631.35, 4198629.754], [342632.992, 4198627.505], [342634.385, 4198625.148], [342636.134, 4198621.364], [342637.455, 4198616.758], [342639.241, 4198612.152], [342640.633, 4198609.188], [342643.096, 4198604.833], [342648.166, 4198597.442], [342655.414, 4198587.945], [342663.483, 4198578.662], [342635.063, 4198550.456], [342781.947, 4198417.958], [342732.391, 4198411.389], [342729.213, 4198411.103], [342724.357, 4198411.21], [342721.108, 4198411.603], [342717.966, 4198412.281], [342713.289, 4198413.781], [342708.933, 4198415.888], [342706.184, 4198417.601], [342702.364, 4198420.565], [342668.589, 4198450.235], [342637.134, 4198476.906], [342635.563, 4198478.405], [342564.513, 4198536.745], [342551.089, 4198547.564], [342551.303, 4198548.063]]}}, {"type": "Feature", "properties": {"source": "PGOU Córdoba 2001 (TR oct-2002) — plano «Alineaciones y Rasantes» 1:2000", "legend_family": "ALINEACIÓN (vial OR edificación — NOT separable)", "attribution_status": "UNKNOWN_SPLIT", "length_m": 866.77}, "geometry": {"type": "LineString", "coordinates": [[342662.412, 4198680.132], [342662.733, 4198680.989], [342662.412, 4198680.132], [342640.49, 4198641.679], [342634.242, 4198640.144], [342608.536, 4198655.746], [342602.288, 4198659.781], [342597.896, 4198663.209], [342577.902, 4198684.452], [342572.904, 4198691.736], [342551.589, 4198726.44], [342529.845, 4198762.18], [342509.495, 4198794.742], [342505.781, 4198799.383], [342502.997, 4198802.204], [342499.855, 4198804.703], [342498.248, 4198805.81], [342494.785, 4198807.738], [342490.608, 4198809.63], [342486.216, 4198811.058], [342470.185, 4198811.844], [342438.231, 4198806.453], [342433.232, 4198806.345], [342428.412, 4198806.952], [342423.592, 4198808.309], [342419.094, 4198810.309], [342414.881, 4198812.879], [342413.131, 4198814.45], [342411.453, 4198816.128], [342409.847, 4198817.985], [342407.097, 4198821.948], [342404.955, 4198826.197], [342403.348, 4198830.803], [342402.456, 4198835.408], [342402.242, 4198839.086], [342416.559, 4198877.753], [342419.701, 4198880.502], [342423.164, 4198882.859], [342427.805, 4198885.358], [342434.232, 4198888.429], [342440.801, 4198891.178], [342453.905, 4198894.963], [342499.248, 4198904.246], [342565.442, 4198917.242], [342572.904, 4198917.742], [342577.902, 4198917.456], [342585.257, 4198916.028], [342588.935, 4198914.85], [342592.541, 4198913.457], [342597.789, 4198910.851], [342603.252, 4198907.352], [342608.607, 4198903.032], [342613.356, 4198898.105], [342617.533, 4198892.499], [342621.282, 4198886.608], [342624.602, 4198880.395], [342627.244, 4198874.29], [342630.386, 4198866.185], [342633.814, 4198855.795], [342634.385, 4198853.189], [342646.345, 4198814.557], [342648.059, 4198808.488], [342650.237, 4198801.811], [342656.2, 4198782.388], [342661.841, 4198764.5], [342669.41, 4198739.151], [342670.481, 4198733.759], [342671.409, 4198727.654], [342671.588, 4198721.834], [342670.731, 4198710.909], [342669.66, 4198703.911], [342667.839, 4198696.413], [342664.983, 4198686.809], [342662.412, 4198680.132]]}}, {"type": "Feature", "properties": {"source": "PGOU Córdoba 2001 (TR oct-2002) — plano «Alineaciones y Rasantes» 1:2000", "legend_family": "ALINEACIÓN (vial OR edificación — NOT separable)", "attribution_status": "UNKNOWN_SPLIT", "length_m": 1163.22}, "geometry": {"type": "LineString", "coordinates": [[342743.102, 4198846.584], [342742.852, 4198841.228], [342741.816, 4198835.551], [342740.388, 4198830.196], [342738.46, 4198825.09], [342735.961, 4198820.234], [342731.284, 4198813.45], [342725.857, 4198807.309], [342723.893, 4198805.453], [342719.716, 4198801.99], [342715.146, 4198799.098], [342710.29, 4198796.705], [342705.185, 4198794.849], [342702.507, 4198794.063], [342699.686, 4198793.456], [342694.045, 4198792.599], [342688.333, 4198792.314], [342685.512, 4198792.349], [342679.835, 4198792.885], [342677.015, 4198793.385], [342670.66, 4198794.884], [342667.411, 4198796.348], [342665.911, 4198797.312], [342663.197, 4198799.597], [342660.948, 4198802.347], [342659.234, 4198805.453], [342646.453, 4198844.406], [342642.204, 4198858.509], [342638.348, 4198870.113], [342635.242, 4198877.646], [342631.707, 4198885.037], [342627.744, 4198892.142], [342623.353, 4198899.104], [342619.247, 4198904.353], [342614.641, 4198909.208], [342609.5, 4198913.457], [342603.966, 4198917.206], [342598.039, 4198920.312], [342591.862, 4198922.812], [342585.4, 4198924.632], [342578.866, 4198925.739], [342570.833, 4198926.239], [342565.263, 4198925.882], [342561.05, 4198925.382], [342531.809, 4198919.812], [342515.136, 4198916.242], [342472.256, 4198907.745], [342453.012, 4198903.389], [342443.8, 4198901.104], [342437.731, 4198899.104], [342431.84, 4198896.748], [342426.092, 4198894.034], [342420.486, 4198890.928], [342415.595, 4198887.429], [342411.132, 4198883.537], [342407.097, 4198879.146], [342402.456, 4198872.755], [342392.245, 4198884.751], [342366.896, 4198913.707], [342371.894, 4198940.628], [342390.281, 4198954.088], [342396.494, 4198959.658], [342402.349, 4198953.588], [342404.955, 4198955.945], [342415.845, 4198963.728], [342418.201, 4198961.443], [342442.444, 4198987.936], [342448.585, 4198993.148], [342445.157, 4199021.89], [342441.515, 4199068.948], [342444.693, 4199066.091], [342449.834, 4199062.2], [342453.44, 4199059.843], [342459.153, 4199056.808], [342465.044, 4199054.238], [342469.114, 4199052.845], [342475.362, 4199051.238], [342479.611, 4199050.489], [342504.889, 4199050.31], [342519.313, 4199051.988], [342523.312, 4199052.738], [342557.908, 4199057.344], [342561.907, 4199057.879], [342567.584, 4199058.95], [342574.26, 4199059.736], [342577.688, 4199060.057], [342583.186, 4199060.093], [342586.507, 4199059.7], [342594.611, 4199057.808], [342605.251, 4199053.202], [342629.065, 4199042.491], [342660.484, 4199028.638], [342671.838, 4199022.604], [342675.087, 4199020.462], [342682.442, 4199014.606], [342685.762, 4199011.393], [342690.796, 4199005.609], [342694.509, 4199000.86], [342699.008, 4198994.184], [342702.007, 4198989.007], [342710.183, 4198973.44], [342718.716, 4198956.909], [342721.858, 4198949.697], [342725.25, 4198940.878], [342730.284, 4198925.489], [342732.89, 4198916.242], [342736.354, 4198902.996], [342738.139, 4198893.963], [342738.639, 4198889.286], [342739.995, 4198881.859], [342740.709, 4198875.897], [342742.852, 4198855.046], [342743.102, 4198846.584]]}}, {"type": "Feature", "properties": {"source": "PGOU Córdoba 2001 (TR oct-2002) — plano «Alineaciones y Rasantes» 1:2000", "legend_family": "ALINEACIÓN (vial OR edificación — NOT separable)", "attribution_status": "UNKNOWN_SPLIT", "length_m": 178.28}, "geometry": {"type": "LineString", "coordinates": [[342841.0, 4198632.753], [342812.652, 4198675.562], [342772.807, 4198675.812], [342756.74, 4198676.598], [342756.062, 4198667.35], [342767.308, 4198638.608], [342756.062, 4198667.35]]}}, {"type": "Feature", "properties": {"source": "PGOU Córdoba 2001 (TR oct-2002) — plano «Alineaciones y Rasantes» 1:2000", "legend_family": "ALINEACIÓN (vial OR edificación — NOT separable)", "attribution_status": "UNKNOWN_SPLIT", "length_m": 219.93}, "geometry": {"type": "LineString", "coordinates": [[342841.0, 4198595.907], [342802.655, 4198564.094], [342798.763, 4198530.461], [342771.7, 4198500.541], [342767.701, 4198502.291], [342768.237, 4198504.29], [342769.843, 4198506.683], [342775.413, 4198512.288], [342780.947, 4198518.144], [342783.232, 4198522.107], [342786.303, 4198528.355], [342788.338, 4198534.246], [342789.516, 4198539.709], [342790.444, 4198547.992], [342790.444, 4198553.598], [342790.051, 4198559.132], [342788.838, 4198568.093], [342787.802, 4198574.234], [342786.553, 4198580.34], [342785.089, 4198586.445]]}}, {"type": "Feature", "properties": {"source": "PGOU Córdoba 2001 (TR oct-2002) — plano «Alineaciones y Rasantes» 1:2000", "legend_family": "ALINEACIÓN (vial OR edificación — NOT separable)", "attribution_status": "UNKNOWN_SPLIT", "length_m": 48.94}, "geometry": {"type": "LineString", "coordinates": [[342767.308, 4198638.608], [342770.236, 4198631.182], [342773.556, 4198623.184], [342775.092, 4198619.15], [342777.984, 4198611.009], [342783.411, 4198592.443]]}}, {"type": "Feature", "properties": {"source": "PGOU Córdoba 2001 (TR oct-2002) — plano «Alineaciones y Rasantes» 1:2000", "legend_family": "ALINEACIÓN (vial OR edificación — NOT separable)", "attribution_status": "UNKNOWN_SPLIT", "length_m": 28.88}, "geometry": {"type": "LineString", "coordinates": [[342333.013, 4198913.529], [342332.834, 4198909.494], [342332.156, 4198900.032], [342332.049, 4198884.68]]}}, {"type": "Feature", "properties": {"source": "PGOU Córdoba 2001 (TR oct-2002) — plano «Alineaciones y Rasantes» 1:2000", "legend_family": "ALINEACIÓN (vial OR edificación — NOT separable)", "attribution_status": "UNKNOWN_SPLIT", "length_m": 502.04}, "geometry": {"type": "LineString", "coordinates": [[342667.91, 4198574.199], [342705.791, 4198536.781], [342715.646, 4198527.891], [342725.964, 4198519.5], [342733.033, 4198514.252], [342743.994, 4198506.861], [342780.162, 4198483.832], [342783.732, 4198481.833], [342786.303, 4198480.083], [342789.409, 4198477.334], [342792.158, 4198474.299], [342793.943, 4198471.764], [342820.685, 4198424.064], [342820.792, 4198423.564], [342820.435, 4198423.064], [342781.947, 4198417.958], [342635.063, 4198550.456], [342663.483, 4198578.662], [342667.91, 4198574.199]]}}, {"type": "Feature", "properties": {"source": "PGOU Córdoba 2001 (TR oct-2002) — plano «Alineaciones y Rasantes» 1:2000", "legend_family": "ALINEACIÓN (vial OR edificación — NOT separable)", "attribution_status": "UNKNOWN_SPLIT", "length_m": 416.06}, "geometry": {"type": "LineString", "coordinates": [[341040.981, 4198781.853], [341043.337, 4198780.889], [341055.69, 4198776.283], [341072.399, 4198773.748], [341079.54, 4198772.641], [341086.931, 4198771.784], [341091.108, 4198773.105], [341095.964, 4198775.64], [341102.712, 4198779.71], [341110.138, 4198783.745], [341116.457, 4198785.459], [341121.991, 4198785.851], [341127.882, 4198786.78], [341133.809, 4198787.851], [341143.092, 4198780.71], [341162.836, 4198774.712], [341167.013, 4198771.891], [341171.084, 4198770.285], [341172.44, 4198770.606], [341173.833, 4198770.749], [341175.261, 4198770.713], [341176.296, 4198770.499], [341210.036, 4198809.452], [341204.252, 4198812.843], [341194.505, 4198818.985], [341193.505, 4198821.948], [341193.398, 4198821.805], [341189.756, 4198823.983], [341165.764, 4198837.801], [341154.339, 4198844.442], [341128.347, 4198861.151], [341126.704, 4198862.758], [341125.312, 4198864.043], [341122.955, 4198866.578], [341118.707, 4198871.684], [341106.46, 4198885.501], [341088.752, 4198905.745], [341085.538, 4198909.637], [341077.612, 4198918.991], [341065.045, 4198933.844], [341061.653, 4198937.093], [341061.01, 4198937.629], [341060.653, 4198937.843], [341058.261, 4198938.557], [341052.763, 4198939.378], [341040.981, 4198941.128]]}}, {"type": "Feature", "properties": {"source": "PGOU Córdoba 2001 (TR oct-2002) — plano «Alineaciones y Rasantes» 1:2000", "legend_family": "ALINEACIÓN (vial OR edificación — NOT separable)", "attribution_status": "UNKNOWN_SPLIT", "length_m": 559.65}, "geometry": {"type": "LineString", "coordinates": [[341040.981, 4198989.685], [341042.302, 4198989.935], [341044.337, 4198996.147], [341076.648, 4198991.863], [341124.848, 4198976.296], [341162.408, 4198951.41], [341177.332, 4198943.984], [341180.688, 4198942.413], [341187.936, 4198936.129], [341195.612, 4198929.809], [341202.395, 4198924.061], [341206.108, 4198919.705], [341209.75, 4198913.636], [341218.533, 4198907.28], [341228.53, 4198902.889], [341237.492, 4198898.533], [341259.164, 4198865.9], [341221.211, 4198822.341], [341216.998, 4198817.592], [341205.68, 4198824.055], [341201.396, 4198827.232], [341195.683, 4198831.695], [341171.333, 4198847.262], [341161.194, 4198853.403], [341136.737, 4198868.863], [341135.059, 4198870.113], [341133.488, 4198871.505], [341128.989, 4198876.504], [341098.606, 4198911.351], [341079.933, 4198933.309], [341072.292, 4198942.413], [341071.4, 4198943.341], [341069.4, 4198945.091], [341067.151, 4198946.662], [341064.795, 4198947.947], [341063.545, 4198948.447], [341061.046, 4198949.304], [341049.585, 4198951.232], [341040.981, 4198952.481]]}}, {"type": "Feature", "properties": {"source": "PGOU Córdoba 2001 (TR oct-2002) — plano «Alineaciones y Rasantes» 1:2000", "legend_family": "ALINEACIÓN (vial OR edificación — NOT separable)", "attribution_status": "UNKNOWN_SPLIT", "length_m": 117.2}, "geometry": {"type": "LineString", "coordinates": [[341946.096, 4199015.749], [341933.743, 4199026.853], [341922.389, 4199036.957], [341913.891, 4199044.598], [341900.289, 4199060.986], [341877.795, 4199088.335], [341866.085, 4199101.01]]}}, {"type": "Feature", "properties": {"source": "PGOU Córdoba 2001 (TR oct-2002) — plano «Alineaciones y Rasantes» 1:2000", "legend_family": "ALINEACIÓN (vial OR edificación — NOT separable)", "attribution_status": "UNKNOWN_SPLIT", "length_m": 310.58}, "geometry": {"type": "LineString", "coordinates": [[341928.958, 4199101.01], [341930.493, 4199098.403], [341935.099, 4199091.834], [341940.241, 4199086.407], [341946.846, 4199079.98], [341953.665, 4199073.946], [341963.412, 4199066.306], [341982.906, 4199050.953], [341998.044, 4199038.956], [342003.685, 4199034.708], [342015.432, 4199024.96], [342019.181, 4199021.997], [342023.751, 4199017.606], [342030.249, 4199010.608], [342035.354, 4199004.431], [342043.388, 4198993.041], [342052.349, 4198979.581], [342059.347, 4198970.405], [342064.381, 4198963.193], [342059.24, 4198956.159], [342047.243, 4198962.8], [342034.961, 4198969.798], [342024.465, 4198975.546], [342009.898, 4198982.151], [341985.655, 4198992.791], [341967.304, 4199001.11], [341963.341, 4199003.502]]}}, {"type": "Feature", "properties": {"source": "PGOU Córdoba 2001 (TR oct-2002) — plano «Alineaciones y Rasantes» 1:2000", "legend_family": "ALINEACIÓN (vial OR edificación — NOT separable)", "attribution_status": "UNKNOWN_SPLIT", "length_m": 24.57}, "geometry": {"type": "LineString", "coordinates": [[342171.741, 4199079.659], [342167.457, 4199081.801], [342166.314, 4199087.407], [342164.886, 4199093.262], [342164.136, 4199097.546], [342162.887, 4199101.01]]}}, {"type": "Feature", "properties": {"source": "PGOU Córdoba 2001 (TR oct-2002) — plano «Alineaciones y Rasantes» 1:2000", "legend_family": "ALINEACIÓN (vial OR edificación — NOT separable)", "attribution_status": "UNKNOWN_SPLIT", "length_m": 56.07}, "geometry": {"type": "LineString", "coordinates": [[342307.485, 4199101.01], [342307.557, 4199100.76], [342310.841, 4199091.334], [342315.697, 4199076.16], [342319.089, 4199068.591], [342322.695, 4199062.235], [342330.407, 4199050.203]]}}, {"type": "Feature", "properties": {"source": "PGOU Córdoba 2001 (TR oct-2002) — plano «Alineaciones y Rasantes» 1:2000", "legend_family": "ALINEACIÓN (vial OR edificación — NOT separable)", "attribution_status": "UNKNOWN_SPLIT", "length_m": 54.14}, "geometry": {"type": "LineString", "coordinates": [[342350.365, 4199020.462], [342351.4, 4199019.141], [342352.685, 4199018.105], [342354.149, 4199017.355], [342355.756, 4199016.891], [342369.395, 4199014.749], [342371.109, 4199014.356], [342372.751, 4199013.749], [342374.25, 4199012.892], [342375.714, 4199011.893], [342376.964, 4199010.679], [342378.035, 4199009.286], [342378.963, 4199007.787], [342379.642, 4199006.18], [342374.286, 4198990.899], [342372.786, 4198990.042], [342371.144, 4198989.435]]}}, {"type": "Feature", "properties": {"source": "PGOU Córdoba 2001 (TR oct-2002) — plano «Alineaciones y Rasantes» 1:2000", "legend_family": "ALINEACIÓN (vial OR edificación — NOT separable)", "attribution_status": "UNKNOWN_SPLIT", "length_m": 219.95}, "geometry": {"type": "LineString", "coordinates": [[342380.463, 4198978.188], [342390.852, 4198966.406], [342396.493, 4198959.658], [342402.349, 4198953.588], [342407.99, 4198958.194], [342415.845, 4198963.728], [342418.201, 4198961.443], [342442.444, 4198987.936], [342448.585, 4198993.148], [342445.157, 4199021.89], [342443.408, 4199042.955], [342442.158, 4199061.307], [342441.515, 4199068.948], [342434.982, 4199073.446], [342421.486, 4199085.657], [342413.56, 4199093.583], [342408.24, 4199100.26], [342407.847, 4199101.01]]}}, {"type": "Feature", "properties": {"source": "PGOU Córdoba 2001 (TR oct-2002) — plano «Alineaciones y Rasantes» 1:2000", "legend_family": "ALINEACIÓN (vial OR edificación — NOT separable)", "attribution_status": "UNKNOWN_SPLIT", "length_m": 54.05}, "geometry": {"type": "LineString", "coordinates": [[342814.651, 4198707.588], [342814.865, 4198714.229], [342817.507, 4198739.651], [342819.257, 4198761.43]]}}, {"type": "Feature", "properties": {"source": "PGOU Córdoba 2001 (TR oct-2002) — plano «Alineaciones y Rasantes» 1:2000", "legend_family": "ALINEACIÓN (vial OR edificación — NOT separable)", "attribution_status": "UNKNOWN_SPLIT", "length_m": 118.15}, "geometry": {"type": "LineString", "coordinates": [[342819.685, 4198761.501], [342823.648, 4198797.812], [342824.041, 4198801.561], [342824.898, 4198807.06], [342826.112, 4198812.558], [342829.147, 4198823.483], [342828.147, 4198823.341], [342836.109, 4198852.439], [342837.715, 4198852.939], [342838.858, 4198859.294], [342840.108, 4198868.863], [342840.964, 4198874.683], [342841.0, 4198875.147]]}}, {"type": "Feature", "properties": {"source": "PGOU Córdoba 2001 (TR oct-2002) — plano «Alineaciones y Rasantes» 1:2000", "legend_family": "ALINEACIÓN (vial OR edificación — NOT separable)", "attribution_status": "UNKNOWN_SPLIT", "length_m": 38.82}, "geometry": {"type": "LineString", "coordinates": [[342819.649, 4198683.453], [342831.146, 4198666.386], [342841.0, 4198651.033]]}}, {"type": "Feature", "properties": {"source": "PGOU Córdoba 2001 (TR oct-2002) — plano «Alineaciones y Rasantes» 1:2000", "legend_family": "ALINEACIÓN (vial OR edificación — NOT separable)", "attribution_status": "UNKNOWN_SPLIT", "length_m": 32.41}, "geometry": {"type": "LineString", "coordinates": [[342841.0, 4198946.697], [342837.037, 4198946.733], [342839.465, 4198929.56], [342841.0, 4198918.563]]}}, {"type": "Feature", "properties": {"source": "PGOU Córdoba 2001 (TR oct-2002) — plano «Alineaciones y Rasantes» 1:2000", "legend_family": "ALINEACIÓN (vial OR edificación — NOT separable)", "attribution_status": "UNKNOWN_SPLIT", "length_m": 214.95}, "geometry": {"type": "LineString", "coordinates": [[341468.849, 4198813.808], [341521.94, 4198811.844], [341534.651, 4198815.557], [341548.932, 4198808.202], [341554.751, 4198798.134], [341561.0, 4198785.851], [341562.999, 4198787.28], [341566.498, 4198782.781], [341565.605, 4198782.388], [341568.283, 4198778.746], [341572.782, 4198771.284], [341575.138, 4198767.785], [341583.136, 4198755.289], [341592.133, 4198757.288], [341603.558, 4198724.905], [341605.236, 4198721.013], [341610.234, 4198707.303], [341611.341, 4198704.197]]}}, {"type": "Feature", "properties": {"source": "PGOU Córdoba 2001 (TR oct-2002) — plano «Alineaciones y Rasantes» 1:2000", "legend_family": "ALINEACIÓN (vial OR edificación — NOT separable)", "attribution_status": "UNKNOWN_SPLIT", "length_m": 494.3}, "geometry": {"type": "LineString", "coordinates": [[342581.365, 4198510.253], [342562.764, 4198525.463], [342547.804, 4198537.495], [342539.807, 4198543.708], [342535.986, 4198547.242], [342529.738, 4198551.598], [342526.24, 4198555.133], [342478.183, 4198576.555], [342443.765, 4198579.947], [342438.838, 4198579.09], [342436.446, 4198578.483], [342431.697, 4198576.912], [342427.198, 4198574.841], [342422.914, 4198572.306], [342418.951, 4198569.307], [342407.74, 4198559.096], [342396.636, 4198546.385], [342392.388, 4198541.601], [342392.209, 4198541.137], [342392.459, 4198540.494], [342415.202, 4198520.714], [342460.26, 4198481.547], [342464.009, 4198478.334], [342478.79, 4198465.445], [342486.752, 4198457.983], [342504.032, 4198442.915], [342508.102, 4198439.238], [342517.956, 4198431.097], [342518.742, 4198430.455], [342581.365, 4198510.253]]}}, {"type": "Feature", "properties": {"source": "PGOU Córdoba 2001 (TR oct-2002) — plano «Alineaciones y Rasantes» 1:2000", "legend_family": "ALINEACIÓN (vial OR edificación — NOT separable)", "attribution_status": "UNKNOWN_SPLIT", "length_m": 5.47}, "geometry": {"type": "LineString", "coordinates": [[342020.145, 4198115.939], [342020.037, 4198115.689], [342018.359, 4198111.048], [342018.288, 4198110.798]]}}, {"type": "Feature", "properties": {"source": "PGOU Córdoba 2001 (TR oct-2002) — plano «Alineaciones y Rasantes» 1:2000", "legend_family": "ALINEACIÓN (vial OR edificación — NOT separable)", "attribution_status": "UNKNOWN_SPLIT", "length_m": 70.36}, "geometry": {"type": "LineString", "coordinates": [[341966.554, 4197950.987], [341940.562, 4197992.796], [341936.492, 4197989.904], [341931.315, 4197986.048], [341926.245, 4197982.049], [341923.746, 4197980.014]]}}, {"type": "Feature", "properties": {"source": "PGOU Córdoba 2001 (TR oct-2002) — plano «Alineaciones y Rasantes» 1:2000", "legend_family": "ALINEACIÓN (vial OR edificación — NOT separable)", "attribution_status": "UNKNOWN_SPLIT", "length_m": 303.26}, "geometry": {"type": "LineString", "coordinates": [[341645.831, 4198961.836], [341639.511, 4198952.16], [341665.789, 4198932.88], [341702.099, 4198908.78], [341717.202, 4198897.89], [341748.514, 4198867.756], [341747.8, 4198871.184], [341744.265, 4198874.504], [341733.054, 4198889.286], [341725.306, 4198900.211], [341720.201, 4198906.78], [341707.812, 4198917.206], [341704.991, 4198912.957], [341699.957, 4198915.742], [341693.888, 4198918.706], [341684.962, 4198924.739], [341676.214, 4198928.096], [341674.108, 4198929.131], [341665.146, 4198936.843], [341654.257, 4198945.055], [341650.365, 4198947.947], [341649.294, 4198947.483], [341648.544, 4198949.34], [341647.545, 4198949.09], [341646.831, 4198949.661], [341646.688, 4198950.339], [341647.33, 4198950.982], [341646.902, 4198952.838], [341647.437, 4198953.196], [341646.902, 4198954.16], [341645.545, 4198959.158], [341645.831, 4198961.836]]}}, {"type": "Feature", "properties": {"source": "PGOU Córdoba 2001 (TR oct-2002) — plano «Alineaciones y Rasantes» 1:2000", "legend_family": "ALINEACIÓN (vial OR edificación — NOT separable)", "attribution_status": "UNKNOWN_SPLIT", "length_m": 3.74}, "geometry": {"type": "LineString", "coordinates": [[341332.641, 4198600.512], [341336.354, 4198600.084]]}}, {"type": "Feature", "properties": {"source": "PGOU Córdoba 2001 (TR oct-2002) — plano «Alineaciones y Rasantes» 1:2000", "legend_family": "ALINEACIÓN (vial OR edificación — NOT separable)", "attribution_status": "UNKNOWN_SPLIT", "length_m": 1.32}, "geometry": {"type": "LineString", "coordinates": [[341219.104, 4198582.446], [341219.961, 4198583.446]]}}, {"type": "Feature", "properties": {"source": "PGOU Córdoba 2001 (TR oct-2002) — plano «Alineaciones y Rasantes» 1:2000", "legend_family": "ALINEACIÓN (vial OR edificación — NOT separable)", "attribution_status": "UNKNOWN_SPLIT", "length_m": 0.88}, "geometry": {"type": "LineString", "coordinates": [[341144.199, 4198504.29], [341143.592, 4198504.933]]}}, {"type": "Feature", "properties": {"source": "PGOU Córdoba 2001 (TR oct-2002) — plano «Alineaciones y Rasantes» 1:2000", "legend_family": "ALINEACIÓN (vial OR edificación — NOT separable)", "attribution_status": "UNKNOWN_SPLIT", "length_m": 0.04}, "geometry": {"type": "LineString", "coordinates": [[341057.547, 4198425.313], [341057.547, 4198425.349]]}}, {"type": "Feature", "properties": {"source": "PGOU Córdoba 2001 (TR oct-2002) — plano «Alineaciones y Rasantes» 1:2000", "legend_family": "ALINEACIÓN (vial OR edificación — NOT separable)", "attribution_status": "UNKNOWN_SPLIT", "length_m": 23.12}, "geometry": {"type": "LineString", "coordinates": [[342267.105, 4198104.942], [342280.636, 4198123.687]]}}, {"type": "Feature", "properties": {"source": "PGOU Córdoba 2001 (TR oct-2002) — plano «Alineaciones y Rasantes» 1:2000", "legend_family": "ALINEACIÓN (vial OR edificación — NOT separable)", "attribution_status": "UNKNOWN_SPLIT", "length_m": 736.92}, "geometry": {"type": "LineString", "coordinates": [[342257.786, 4198260.433], [342244.54, 4198250.4], [342238.792, 4198246.151], [342224.439, 4198235.583], [342220.298, 4198231.905], [342215.406, 4198223.693], [342206.302, 4198207.091], [342204.41, 4198203.664], [342195.698, 4198187.704], [342194.198, 4198184.633], [342191.057, 4198178.385], [342188.557, 4198173.601], [342187.45, 4198171.387], [342182.559, 4198162.747], [342180.702, 4198158.962], [342179.239, 4198156.534], [342177.632, 4198154.285], [342175.847, 4198152.143], [342173.955, 4198150.143], [342160.066, 4198139.361], [342149.105, 4198130.114], [342120.15, 4198107.442], [342099.406, 4198091.41], [342106.761, 4198079.7], [342115.687, 4198063.454], [342124.398, 4198046.495], [342147.534, 4198001.651], [342157.959, 4198005.864], [342169.206, 4198010.113], [342191.413, 4198020.503], [342219.94, 4198042.46], [342225.582, 4198046.209], [342228.331, 4198048.137], [342231.258, 4198050.958], [342249.646, 4198076.308], [342254.751, 4198087.697], [342256.786, 4198091.232], [342261.392, 4198097.087], [342280.636, 4198123.687], [342250.61, 4198128.257], [342242.291, 4198140.003], [342249.003, 4198144.966], [342277.637, 4198165.96], [342306.664, 4198187.561], [342301.237, 4198198.665], [342297.203, 4198205.092], [342294.846, 4198208.305], [342278.565, 4198231.048], [342276.066, 4198234.69], [342263.463, 4198252.649], [342257.786, 4198260.433]]}}, {"type": "Feature", "properties": {"source": "PGOU Córdoba 2001 (TR oct-2002) — plano «Alineaciones y Rasantes» 1:2000", "legend_family": "ALINEACIÓN (vial OR edificación — NOT separable)", "attribution_status": "UNKNOWN_SPLIT", "length_m": 625.27}, "geometry": {"type": "LineString", "coordinates": [[342306.664, 4198187.561], [342249.003, 4198144.966], [342242.291, 4198140.003], [342250.61, 4198128.257], [342280.636, 4198123.687], [342261.392, 4198097.087], [342256.786, 4198091.232], [342254.751, 4198087.697], [342249.646, 4198076.308], [342247.432, 4198072.237], [342229.116, 4198048.851], [342228.295, 4198048.102], [342228.331, 4198048.137], [342239.113, 4198040.211], [342268.854, 4198020.11], [342286.563, 4198009.363], [342296.06, 4198000.437], [342296.703, 4197999.402], [342330.192, 4198004.436], [342339.404, 4198006.614], [342382.962, 4198014.504], [342406.847, 4198019.538], [342409.382, 4198038.283], [342412.738, 4198056.456], [342409.882, 4198057.492], [342404.313, 4198059.813], [342364.146, 4198086.305], [342359.362, 4198091.053], [342356.291, 4198094.338], [342350.507, 4198101.193], [342345.438, 4198107.906], [342343.295, 4198111.083], [342341.26, 4198114.332], [342338.547, 4198119.438], [342336.94, 4198122.937], [342329.336, 4198138.861], [342327.3, 4198143.395], [342325.551, 4198147.537], [342306.664, 4198187.561]]}}, {"type": "Feature", "properties": {"source": "PGOU Córdoba 2001 (TR oct-2002) — plano «Alineaciones y Rasantes» 1:2000", "legend_family": "ALINEACIÓN (vial OR edificación — NOT separable)", "attribution_status": "UNKNOWN_SPLIT", "length_m": 74.6}, "geometry": {"type": "LineString", "coordinates": [[341077.362, 4198330.805], [341080.111, 4198295.637], [341040.98, 4198291.781]]}}, {"type": "Feature", "properties": {"source": "PGOU Córdoba 2001 (TR oct-2002) — plano «Alineaciones y Rasantes» 1:2000", "legend_family": "ALINEACIÓN (vial OR edificación — NOT separable)", "attribution_status": "UNKNOWN_SPLIT", "length_m": 448.3}, "geometry": {"type": "LineString", "coordinates": [[341353.992, 4199101.01], [341353.635, 4199098.546], [341350.743, 4199086.05], [341347.137, 4199071.947], [341345.637, 4199064.342], [341344.352, 4199059.629], [341339.746, 4199040.742], [341337.997, 4199031.137], [341337.64, 4199027.495], [341337.533, 4199021.747], [341337.533, 4199015.892], [341338.139, 4199010.75], [341338.532, 4199008.251], [341339.103, 4199005.288], [341339.889, 4199001.539], [341345.137, 4198987.293], [341349.85, 4198975.011], [341353.706, 4198964.3], [341358.812, 4198950.839], [341361.597, 4198942.413], [341364.203, 4198935.451], [341365.31, 4198933.094], [341369.987, 4198925.561], [341372.45, 4198921.883], [341374.807, 4198918.991], [341378.163, 4198915.635], [341385.411, 4198909.708], [341397.907, 4198899.997], [341409.76, 4198891.107], [341413.188, 4198896.891], [341419.864, 4198958.48], [341418.758, 4198961.907], [341415.794, 4198979.831], [341413.045, 4199005.002], [341412.688, 4199032.994], [341411.296, 4199063.485], [341412.045, 4199089.156], [341410.153, 4199101.01]]}}, {"type": "Feature", "properties": {"source": "PGOU Córdoba 2001 (TR oct-2002) — plano «Alineaciones y Rasantes» 1:2000", "legend_family": "ALINEACIÓN (vial OR edificación — NOT separable)", "attribution_status": "UNKNOWN_SPLIT", "length_m": 520.14}, "geometry": {"type": "LineString", "coordinates": [[341420.9, 4199101.01], [341422.257, 4199096.297], [341422.756, 4199094.083], [341423.649, 4199089.656], [341424.006, 4199087.442], [341424.613, 4199082.944], [341424.899, 4199078.445], [341425.006, 4199073.946], [341423.863, 4199026.96], [341423.863, 4199021.354], [341423.935, 4199015.678], [341424.149, 4199010.036], [341424.399, 4199004.431], [341424.791, 4198998.861], [341431.397, 4198954.302], [341432.646, 4198948.84], [341434.003, 4198943.341], [341435.431, 4198937.879], [341437.002, 4198932.487], [341438.609, 4198927.096], [341451.105, 4198889.25], [341452.783, 4198883.359], [341453.854, 4198879.396], [341455.139, 4198873.397], [341456.21, 4198867.292], [341456.746, 4198863.257], [341457.21, 4198859.152], [341457.21, 4198857.902], [341453.533, 4198855.831], [341453.033, 4198856.152], [341452.604, 4198856.545], [341449.605, 4198859.794], [341440.751, 4198867.149], [341427.541, 4198877.682], [341409.76, 4198891.107], [341413.188, 4198896.891], [341419.864, 4198958.48], [341418.758, 4198961.907], [341415.794, 4198979.831], [341413.045, 4199005.002], [341412.688, 4199032.994], [341411.296, 4199063.485], [341412.045, 4199089.156], [341410.153, 4199101.01]]}}, {"type": "Feature", "properties": {"source": "PGOU Córdoba 2001 (TR oct-2002) — plano «Alineaciones y Rasantes» 1:2000", "legend_family": "ALINEACIÓN (vial OR edificación — NOT separable)", "attribution_status": "UNKNOWN_SPLIT", "length_m": 103.74}, "geometry": {"type": "LineString", "coordinates": [[341786.288, 4199101.01], [341790.108, 4199086.085], [341790.108, 4199065.556], [341803.782, 4199052.595], [341802.283, 4199088.549], [341798.641, 4199101.01]]}}, {"type": "Feature", "properties": {"source": "PGOU Córdoba 2001 (TR oct-2002) — plano «Alineaciones y Rasantes» 1:2000", "legend_family": "ALINEACIÓN (vial OR edificación — NOT separable)", "attribution_status": "UNKNOWN_SPLIT", "length_m": 229.25}, "geometry": {"type": "LineString", "coordinates": [[341748.192, 4198868.435], [341757.19, 4198860.83], [341771.292, 4198856.438], [341801.533, 4198847.798], [341842.592, 4198836.48], [341840.485, 4198831.338], [341837.344, 4198817.414], [341836.701, 4198816.057], [341835.059, 4198814.843], [341833.488, 4198814.7], [341829.06, 4198815.343], [341824.562, 4198816.2], [341820.135, 4198817.164], [341815.743, 4198818.342], [341811.459, 4198819.663], [341807.139, 4198821.163], [341802.961, 4198822.841], [341794.714, 4198826.661], [341790.751, 4198828.839], [341786.859, 4198831.16], [341759.51, 4198854.76], [341751.941, 4198864.079], [341748.192, 4198868.435]]}}, {"type": "Feature", "properties": {"source": "PGOU Córdoba 2001 (TR oct-2002) — plano «Alineaciones y Rasantes» 1:2000", "legend_family": "ALINEACIÓN (vial OR edificación — NOT separable)", "attribution_status": "UNKNOWN_SPLIT", "length_m": 0.04}, "geometry": {"type": "LineString", "coordinates": [[341413.188, 4198399.964], [341413.188, 4198399.999]]}}, {"type": "Feature", "properties": {"source": "PGOU Córdoba 2001 (TR oct-2002) — plano «Alineaciones y Rasantes» 1:2000", "legend_family": "ALINEACIÓN (vial OR edificación — NOT separable)", "attribution_status": "UNKNOWN_SPLIT", "length_m": 195.38}, "geometry": {"type": "LineString", "coordinates": [[341380.234, 4197950.987], [341390.052, 4197957.557], [341397.443, 4197962.591], [341421.65, 4197980.05], [341470.492, 4198014.397], [341470.849, 4198014.54], [341471.134, 4198014.611], [341471.491, 4198014.504], [341471.848, 4198014.254], [341484.595, 4197999.509], [341487.451, 4197996.509], [341513.086, 4197965.411], [341519.334, 4197958.164], [341526.403, 4197950.987]]}}, {"type": "Feature", "properties": {"source": "PGOU Córdoba 2001 (TR oct-2002) — plano «Alineaciones y Rasantes» 1:2000", "legend_family": "ALINEACIÓN (vial OR edificación — NOT separable)", "attribution_status": "UNKNOWN_SPLIT", "length_m": 435.16}, "geometry": {"type": "LineString", "coordinates": [[341304.65, 4197950.987], [341298.259, 4197959.806], [341434.003, 4198054.85], [341423.006, 4198066.882], [341421.435, 4198065.347], [341385.304, 4198064.597], [341383.697, 4198066.061], [341224.353, 4197959.556], [341224.032, 4197955.164], [341227.888, 4197950.987]]}}, {"type": "Feature", "properties": {"source": "PGOU Córdoba 2001 (TR oct-2002) — plano «Alineaciones y Rasantes» 1:2000", "legend_family": "ALINEACIÓN (vial OR edificación — NOT separable)", "attribution_status": "UNKNOWN_SPLIT", "length_m": 343.83}, "geometry": {"type": "LineString", "coordinates": [[341362.703, 4197950.987], [341380.983, 4197963.948], [341437.68, 4198003.936], [341463.208, 4198021.752], [341437.252, 4198051.351], [341434.003, 4198054.85], [341298.259, 4197959.806], [341304.935, 4197950.987]]}}, {"type": "Feature", "properties": {"source": "PGOU Córdoba 2001 (TR oct-2002) — plano «Alineaciones y Rasantes» 1:2000", "legend_family": "ALINEACIÓN (vial OR edificación — NOT separable)", "attribution_status": "UNKNOWN_SPLIT", "length_m": 82.77}, "geometry": {"type": "LineString", "coordinates": [[341869.905, 4197950.987], [341881.937, 4197959.913], [341896.29, 4197970.838], [341912.713, 4197983.942], [341919.961, 4197989.833], [341935.456, 4198001.258], [341935.349, 4198001.365]]}}, {"type": "Feature", "properties": {"source": "PGOU Córdoba 2001 (TR oct-2002) — plano «Alineaciones y Rasantes» 1:2000", "legend_family": "ALINEACIÓN (vial OR edificación — NOT separable)", "attribution_status": "UNKNOWN_SPLIT", "length_m": 167.99}, "geometry": {"type": "LineString", "coordinates": [[341954.45, 4198154.892], [341975.408, 4198124.687], [341980.907, 4198117.51], [341976.944, 4198112.297], [341958.806, 4198091.732], [341926.138, 4198119.402], [341939.812, 4198136.79], [341954.45, 4198154.892]]}}, {"type": "Feature", "properties": {"source": "PGOU Córdoba 2001 (TR oct-2002) — plano «Alineaciones y Rasantes» 1:2000", "legend_family": "ALINEACIÓN (vial OR edificación — NOT separable)", "attribution_status": "UNKNOWN_SPLIT", "length_m": 621.9}, "geometry": {"type": "LineString", "coordinates": [[341916.391, 4198035.784], [341880.652, 4198062.062], [341901.859, 4198089.161], [341926.138, 4198119.402], [341958.806, 4198091.732], [341976.944, 4198112.297], [341980.907, 4198117.51], [341975.408, 4198124.687], [341954.45, 4198154.892], [341963.483, 4198173.315], [341986.548, 4198162.033], [342009.862, 4198150.465], [342022.465, 4198143.038], [342010.862, 4198119.688], [342008.541, 4198113.154], [341992.046, 4198045.46], [341991.582, 4198043.996], [341989.797, 4198039.711], [341983.584, 4198030.892], [341978.943, 4198026.858], [341976.337, 4198025.144], [341973.587, 4198023.716], [341961.698, 4198017.61], [341950.095, 4198010.934], [341943.704, 4198006.864], [341940.99, 4198010.862], [341916.391, 4198035.784], [341880.652, 4198062.062], [341916.391, 4198035.784]]}}, {"type": "Feature", "properties": {"source": "PGOU Córdoba 2001 (TR oct-2002) — plano «Alineaciones y Rasantes» 1:2000", "legend_family": "ALINEACIÓN (vial OR edificación — NOT separable)", "attribution_status": "UNKNOWN_SPLIT", "length_m": 0.04}, "geometry": {"type": "LineString", "coordinates": [[341777.183, 4198181.384], [341777.183, 4198181.42]]}}, {"type": "Feature", "properties": {"source": "PGOU Córdoba 2001 (TR oct-2002) — plano «Alineaciones y Rasantes» 1:2000", "legend_family": "ALINEACIÓN (vial OR edificación — NOT separable)", "attribution_status": "UNKNOWN_SPLIT", "length_m": 71.99}, "geometry": {"type": "LineString", "coordinates": [[341402.941, 4198097.052], [341405.69, 4198096.695], [341408.296, 4198095.695], [341410.546, 4198094.16], [341412.402, 4198092.053], [341413.688, 4198089.59], [341414.33, 4198086.912], [341414.33, 4198084.163], [341413.688, 4198081.449], [341412.402, 4198078.986], [341410.546, 4198076.95], [341408.296, 4198075.344], [341405.69, 4198074.416], [341402.941, 4198074.058], [341400.192, 4198074.416], [341397.585, 4198075.344], [341395.336, 4198076.95], [341393.515, 4198078.986], [341392.194, 4198081.449], [341391.552, 4198084.163], [341391.552, 4198086.912], [341392.194, 4198089.59], [341393.515, 4198092.053], [341395.336, 4198094.16], [341397.585, 4198095.695], [341400.192, 4198096.695], [341402.941, 4198097.052]]}}, {"type": "Feature", "properties": {"source": "PGOU Córdoba 2001 (TR oct-2002) — plano «Alineaciones y Rasantes» 1:2000", "legend_family": "ALINEACIÓN (vial OR edificación — NOT separable)", "attribution_status": "UNKNOWN_SPLIT", "length_m": 0.04}, "geometry": {"type": "LineString", "coordinates": [[341467.243, 4198229.799], [341467.243, 4198229.835]]}}, {"type": "Feature", "properties": {"source": "PGOU Córdoba 2001 (TR oct-2002) — plano «Alineaciones y Rasantes» 1:2000", "legend_family": "ALINEACIÓN (vial OR edificación — NOT separable)", "attribution_status": "UNKNOWN_SPLIT", "length_m": 44.0}, "geometry": {"type": "LineString", "coordinates": [[341557.001, 4198328.913], [341584.814, 4198363.01]]}}, {"type": "Feature", "properties": {"source": "PGOU Córdoba 2001 (TR oct-2002) — plano «Alineaciones y Rasantes» 1:2000", "legend_family": "ALINEACIÓN (vial OR edificación — NOT separable)", "attribution_status": "UNKNOWN_SPLIT", "length_m": 1088.68}, "geometry": {"type": "LineString", "coordinates": [[342104.583, 4198535.246], [342139.251, 4198553.312], [342143.999, 4198555.597], [342151.462, 4198559.596], [342159.352, 4198563.595], [342173.705, 4198570.914], [342188.307, 4198578.483], [342192.449, 4198580.697], [342201.482, 4198585.41], [342211.55, 4198590.658], [342218.012, 4198593.693], [342224.939, 4198597.085], [342228.831, 4198598.942], [342250.61, 4198610.081], [342264.034, 4198616.008], [342265.748, 4198615.794], [342274.495, 4198609.331], [342276.387, 4198579.162], [342277.387, 4198547.207], [342278.066, 4198533.96], [342278.494, 4198515.787], [342279.101, 4198511.753], [342279.351, 4198507.111], [342281.207, 4198471.693], [342281.243, 4198465.195], [342283.1, 4198443.308], [342285.563, 4198426.991], [342286.206, 4198423.314], [342292.49, 4198407.212], [342294.346, 4198404.212], [342300.166, 4198394.108], [342306.057, 4198385.932], [342308.306, 4198382.683], [342310.984, 4198378.648], [342321.838, 4198361.796], [342341.011, 4198334.411], [342339.939, 4198332.448], [342309.235, 4198311.097], [342260.285, 4198275.286], [342256.144, 4198281.248], [342253.359, 4198285.354], [342236.15, 4198310.633], [342235.114, 4198312.311], [342228.259, 4198322.486], [342226.439, 4198325.342], [342225.903, 4198324.985], [342212.693, 4198346.943], [342210.8, 4198350.192], [342184.344, 4198396.715], [342179.239, 4198406.39], [342176.739, 4198410.889], [342158.352, 4198442.201], [342155.246, 4198447.057], [342146.284, 4198462.196], [342145.035, 4198464.945], [342132.396, 4198486.653], [342130.04, 4198490.402], [342171.205, 4198510.896], [342175.633, 4198513.109], [342197.055, 4198523.892], [342212.835, 4198532.247], [342219.298, 4198535.638], [342218.548, 4198538.995], [342209.408, 4198534.282], [342195.555, 4198526.998], [342174.062, 4198515.287], [342169.599, 4198513.252], [342154.639, 4198506.111], [342151.961, 4198504.612], [342128.54, 4198492.865], [342119.543, 4198508.361], [342118.008, 4198511.431], [342104.583, 4198535.246]]}}, {"type": "Feature", "properties": {"source": "PGOU Córdoba 2001 (TR oct-2002) — plano «Alineaciones y Rasantes» 1:2000", "legend_family": "ALINEACIÓN (vial OR edificación — NOT separable)", "attribution_status": "UNKNOWN_SPLIT", "length_m": 888.76}, "geometry": {"type": "LineString", "coordinates": [[342290.062, 4198615.901], [342311.162, 4198597.585], [342360.148, 4198554.99], [342394.887, 4198525.142], [342397.957, 4198521.75], [342410.346, 4198511.039], [342412.881, 4198508.896], [342422.843, 4198500.649], [342425.663, 4198498.364], [342453.083, 4198474.442], [342489.893, 4198442.237], [342506.103, 4198427.991], [342511.637, 4198423.1], [342520.884, 4198414.495], [342526.132, 4198409.247], [342536.201, 4198398.036], [342539.343, 4198394.894], [342546.805, 4198387.11], [342548.947, 4198384.754], [342561.514, 4198371.365], [342529.096, 4198334.09], [342523.633, 4198330.555], [342516.135, 4198325.45], [342486.537, 4198305.705], [342471.363, 4198322.201], [342458.689, 4198334.983], [342454.583, 4198339.338], [342438.909, 4198354.834], [342422.093, 4198369.615], [342417.916, 4198373.436], [342404.812, 4198385.111], [342376.357, 4198409.497], [342374.107, 4198411.496], [342370.287, 4198415.031], [342366.431, 4198417.744], [342362.147, 4198420.493], [342354.399, 4198424.099], [342351.65, 4198425.064], [342349.865, 4198425.599], [342336.44, 4198428.562], [342331.513, 4198428.955], [342326.194, 4198429.062], [342300.202, 4198427.563], [342297.131, 4198442.094], [342295.953, 4198460.553], [342293.989, 4198494.9], [342293.704, 4198505.397], [342293.347, 4198512.288], [342291.204, 4198551.848], [342290.597, 4198562.345], [342290.347, 4198567.736], [342288.312, 4198614.258], [342290.062, 4198615.901]]}}, {"type": "Feature", "properties": {"source": "PGOU Córdoba 2001 (TR oct-2002) — plano «Alineaciones y Rasantes» 1:2000", "legend_family": "ALINEACIÓN (vial OR edificación — NOT separable)", "attribution_status": "UNKNOWN_SPLIT", "length_m": 524.2}, "geometry": {"type": "LineString", "coordinates": [[342151.354, 4198681.882], [342160.566, 4198687.094], [342173.705, 4198693.343], [342177.346, 4198694.985], [342213.05, 4198712.694], [342218.655, 4198715.229], [342236.507, 4198724.298], [342242.291, 4198727.083], [342247.147, 4198729.546], [342258.393, 4198735.08], [342263.391, 4198737.294], [342269.89, 4198737.437], [342273.531, 4198731.189], [342276.994, 4198724.798], [342284.992, 4198707.981], [342280.136, 4198648.748], [342277.316, 4198648.534], [342274.495, 4198647.891], [342271.889, 4198646.785], [342269.461, 4198645.249], [342267.283, 4198643.357], [342265.498, 4198641.143], [342264.034, 4198638.68], [342263.034, 4198636.002], [342262.499, 4198633.182], [342262.392, 4198630.361], [342262.749, 4198627.505], [342252.609, 4198622.613], [342225.582, 4198608.939], [342218.834, 4198605.904], [342202.589, 4198597.442], [342194.841, 4198594.193], [342186.844, 4198590.23], [342151.997, 4198572.235], [342141.108, 4198595.193], [342123.934, 4198630.932], [342110.545, 4198659.638], [342110.046, 4198661.388], [342110.046, 4198661.602], [342110.438, 4198662.137], [342112.402, 4198663.101], [342151.354, 4198681.882]]}}, {"type": "Feature", "properties": {"source": "PGOU Córdoba 2001 (TR oct-2002) — plano «Alineaciones y Rasantes» 1:2000", "legend_family": "ALINEACIÓN (vial OR edificación — NOT separable)", "attribution_status": "UNKNOWN_SPLIT", "length_m": 107.26}, "geometry": {"type": "LineString", "coordinates": [[342144.535, 4198566.951], [342129.254, 4198599.691], [342117.151, 4198626.041], [342113.509, 4198633.788], [342112.081, 4198636.859], [342106.582, 4198648.713], [342104.262, 4198652.747], [342101.798, 4198656.996], [342098.014, 4198663.53]]}}, {"type": "Feature", "properties": {"source": "PGOU Córdoba 2001 (TR oct-2002) — plano «Alineaciones y Rasantes» 1:2000", "legend_family": "ALINEACIÓN (vial OR edificación — NOT separable)", "attribution_status": "UNKNOWN_SPLIT", "length_m": 723.1}, "geometry": {"type": "LineString", "coordinates": [[342097.799, 4198663.887], [342106.547, 4198668.243], [342128.933, 4198680.346], [342144.999, 4198688.201], [342166.564, 4198698.912], [342169.563, 4198700.483], [342181.881, 4198706.482], [342184.951, 4198707.981], [342201.803, 4198716.086], [342213.014, 4198721.656], [342215.942, 4198723.084], [342227.688, 4198728.797], [342261.999, 4198745.756], [342245.611, 4198764.108], [342238.292, 4198772.712], [342202.589, 4198814.093], [342198.59, 4198811.594], [342195.198, 4198809.594], [342173.348, 4198795.991], [342151.533, 4198782.852], [342151.247, 4198782.602], [342147.141, 4198780.21], [342142.786, 4198777.247], [342135.538, 4198773.105], [342116.115, 4198761.359], [342112.402, 4198759.395], [342094.158, 4198749.79], [342088.409, 4198746.791], [342042.888, 4198722.441], [342035.497, 4198719.514], [342019.68, 4198711.159], [342018.502, 4198710.088], [342017.253, 4198708.481], [342016.003, 4198705.982], [342015.289, 4198703.233], [342015.503, 4198699.055], [342016.36, 4198696.413], [342017.752, 4198693.95], [342026.464, 4198681.239], [342035.604, 4198667.743], [342047.065, 4198651.748], [342052.313, 4198643.964], [342061.989, 4198627.112], [342082.697, 4198582.232], [342099.585, 4198545.457], [342144.535, 4198566.951]]}}, {"type": "Feature", "properties": {"source": "PGOU Córdoba 2001 (TR oct-2002) — plano «Alineaciones y Rasantes» 1:2000", "legend_family": "ALINEACIÓN (vial OR edificación — NOT separable)", "attribution_status": "UNKNOWN_SPLIT", "length_m": 429.87}, "geometry": {"type": "LineString", "coordinates": [[341674.251, 4198650.891], [341668.538, 4198650.034], [341644.046, 4198642.607], [341639.904, 4198640.394], [341634.406, 4198636.609], [341630.835, 4198633.86], [341625.801, 4198629.504], [341621.053, 4198624.791], [341618.196, 4198621.149], [341615.554, 4198617.615], [341612.341, 4198613.009], [341610.449, 4198610.188], [341573.032, 4198553.883], [341557.286, 4198592.8], [341554.145, 4198600.334], [341548.646, 4198614.151], [341547.254, 4198617.936], [341535.4, 4198643.786], [341532.794, 4198648.498], [341524.546, 4198666.208], [341487.736, 4198730.296], [341480.988, 4198741.257], [341476.633, 4198751.933], [341474.241, 4198758.252], [341470.742, 4198770.891], [341469.742, 4198778.211], [341468.885, 4198792.564], [341468.457, 4198802.311], [341468.849, 4198813.808]]}}, {"type": "Feature", "properties": {"source": "PGOU Córdoba 2001 (TR oct-2002) — plano «Alineaciones y Rasantes» 1:2000", "legend_family": "ALINEACIÓN (vial OR edificación — NOT separable)", "attribution_status": "UNKNOWN_SPLIT", "length_m": 743.15}, "geometry": {"type": "LineString", "coordinates": [[341218.283, 4198816.557], [341217.105, 4198817.485], [341221.211, 4198822.341], [341232.315, 4198835.337], [341232.243, 4198836.301], [341233.314, 4198836.444], [341233.243, 4198837.479], [341234.243, 4198837.551], [341259.164, 4198865.9], [341268.411, 4198858.652], [341279.586, 4198850.333], [341283.763, 4198847.191], [341293.439, 4198842.763], [341293.439, 4198843.335], [341306.113, 4198844.049], [341309.113, 4198845.013], [341311.647, 4198845.905], [341314.111, 4198846.548], [341317.431, 4198847.405], [341329.035, 4198854.331], [341334.997, 4198858.437], [341337.211, 4198859.83], [341338.532, 4198860.937], [341341.388, 4198868.006], [341343.995, 4198876.004], [341345.994, 4198883.644], [341347.351, 4198891.142], [341347.993, 4198893.891], [341354.492, 4198907.495], [341359.633, 4198917.206], [341364.596, 4198911.386], [341373.164, 4198902.496], [341379.734, 4198896.748], [341402.941, 4198879.753], [341412.509, 4198872.612], [341420.935, 4198866.007], [341426.684, 4198861.151], [341435.931, 4198855.26], [341438.43, 4198853.189], [341441.108, 4198850.083], [341447.963, 4198841.907], [341450.284, 4198837.586], [341452.14, 4198832.659], [341453.461, 4198827.554], [341454.104, 4198823.662], [341454.782, 4198819.163], [341455.71, 4198811.201], [341456.21, 4198805.096], [341455.996, 4198797.455], [341454.247, 4198787.28], [341453.89, 4198779.889], [341453.961, 4198774.783], [341454.247, 4198770.713], [341455.461, 4198763.644], [341457.603, 4198756.788], [341459.138, 4198753.004], [341462.744, 4198746.541], [341463.458, 4198743.685], [341463.244, 4198742.793], [341462.744, 4198742.043], [341426.362, 4198718.585], [341390.088, 4198697.341], [341386.91, 4198696.092], [341354.384, 4198701.912], [341346.208, 4198707.588], [341339.603, 4198713.551], [341335.747, 4198718.335], [341331.606, 4198723.512], [341327.607, 4198730.689], [341314.29, 4198745.863], [341313.111, 4198746.934], [341311.041, 4198749.255], [341298.437, 4198760.252], [341295.438, 4198761.894], [341276.694, 4198775.533], [341250.452, 4198794.849], [341236.635, 4198803.846], [341234.957, 4198805.453], [341234.457, 4198806.238], [341234.064, 4198807.452], [341233.993, 4198808.702], [341233.814, 4198809.63], [341232.636, 4198812.308], [341231.386, 4198813.986], [341222.139, 4198816.842], [341219.783, 4198816.2], [341218.283, 4198816.557]]}}, {"type": "Feature", "properties": {"source": "PGOU Córdoba 2001 (TR oct-2002) — plano «Alineaciones y Rasantes» 1:2000", "legend_family": "ALINEACIÓN (vial OR edificación — NOT separable)", "attribution_status": "UNKNOWN_SPLIT", "length_m": 2362.46}, "geometry": {"type": "LineString", "coordinates": [[342178.382, 4198943.984], [342192.199, 4198956.23], [342211.086, 4198971.904], [342217.763, 4198974.654], [342224.403, 4198978.295], [342234.043, 4198982.794], [342236.364, 4198984.294], [342237.792, 4198987.079], [342237.149, 4198990.006], [342232.651, 4198997.897], [342229.652, 4199002.11], [342225.046, 4199006.109], [342224.653, 4199006.894], [342224.689, 4199013.856], [342233.508, 4199016.856], [342249.646, 4199019.855], [342264.784, 4199021.747], [342271.389, 4199022.211], [342271.389, 4199020.89], [342270.104, 4199017.034], [342269.497, 4199012.0], [342269.104, 4199004.431], [342268.497, 4198999.432], [342268.747, 4198993.362], [342269.604, 4198991.185], [342271.139, 4198988.542], [342273.103, 4198986.257], [342275.281, 4198982.794], [342283.564, 4198976.046], [342289.491, 4198971.904], [342295.882, 4198968.584], [342299.666, 4198967.049], [342302.487, 4198965.728], [342310.591, 4198961.193], [342315.483, 4198957.444], [342318.946, 4198955.159], [342322.909, 4198951.91], [342327.265, 4198947.59], [342328.514, 4198945.983], [342329.443, 4198944.234], [342329.907, 4198942.234], [342332.085, 4198927.346], [342332.834, 4198920.634], [342333.013, 4198913.528], [342332.834, 4198909.494], [342332.156, 4198900.032], [342332.049, 4198884.68], [342332.156, 4198881.645], [342331.799, 4198878.646], [342331.406, 4198877.682], [342330.942, 4198875.682], [342330.585, 4198873.005], [342330.799, 4198870.684], [342331.335, 4198867.756], [342331.549, 4198864.686], [342331.442, 4198851.19], [342330.906, 4198847.191], [342329.764, 4198840.193], [342329.443, 4198837.194], [342329.05, 4198831.16], [342329.443, 4198824.983], [342330.05, 4198821.948], [342331.406, 4198819.199], [342336.405, 4198814.057], [342339.832, 4198811.987], [342346.509, 4198809.095], [342350.508, 4198807.845], [342366.36, 4198803.56], [342369.145, 4198802.454], [342373.143, 4198799.312], [342374.607, 4198797.848], [342375.786, 4198795.956], [342376.75, 4198793.635], [342377.749, 4198790.779], [342378.213, 4198788.851], [342379.499, 4198780.746], [342379.713, 4198775.497], [342378.356, 4198763.358], [342378.356, 4198759.288], [342378.606, 4198757.252], [342378.892, 4198756.288], [342380.106, 4198754.61], [342382.284, 4198752.397], [342387.104, 4198748.648], [342389.031, 4198746.613], [342390.281, 4198744.542], [342392.138, 4198738.686], [342392.459, 4198735.652], [342392.637, 4198731.546], [342393.316, 4198728.547], [342394.565, 4198725.762], [342399.564, 4198716.836], [342401.849, 4198713.194], [342408.49, 4198693.95], [342416.916, 4198672.599], [342419.594, 4198666.1], [342413.238, 4198664.637], [342375.536, 4198654.104], [342361.111, 4198650.462], [342359.041, 4198652.247], [342356.363, 4198660.459], [342359.183, 4198690.593], [342359.862, 4198697.948], [342359.862, 4198707.803], [342359.041, 4198716.229], [342357.291, 4198727.404], [342353.899, 4198739.151], [342351.757, 4198745.149], [342349.365, 4198751.29], [342346.045, 4198757.859], [342342.903, 4198763.608], [342339.832, 4198768.249], [342336.762, 4198772.534], [342328.193, 4198782.709], [342308.199, 4198806.381], [342301.344, 4198814.629], [342292.704, 4198824.84], [342288.955, 4198829.232], [342276.959, 4198843.549], [342263.034, 4198858.759], [342234.65, 4198888.107], [342224.011, 4198897.854], [342208.266, 4198912.85], [342197.447, 4198923.062], [342179.953, 4198942.199], [342178.382, 4198943.984], [342179.953, 4198942.199], [342197.447, 4198923.062], [342208.266, 4198912.85], [342224.011, 4198897.854], [342234.65, 4198888.107], [342263.034, 4198858.759], [342276.959, 4198843.549], [342288.955, 4198829.232], [342292.704, 4198824.84], [342301.344, 4198814.629], [342308.199, 4198806.381], [342328.193, 4198782.709], [342336.762, 4198772.534], [342339.832, 4198768.249], [342342.903, 4198763.608], [342346.045, 4198757.859], [342349.365, 4198751.29], [342351.757, 4198745.149], [342353.899, 4198739.151], [342357.291, 4198727.404], [342359.041, 4198716.229], [342359.862, 4198707.803], [342359.862, 4198697.948], [342359.183, 4198690.593], [342356.363, 4198660.459], [342359.041, 4198652.247], [342361.183, 4198650.534], [342375.536, 4198654.104], [342413.238, 4198664.637], [342417.166, 4198665.529], [342418.665, 4198658.995], [342422.807, 4198646.535], [342424.164, 4198644.0], [342425.984, 4198641.858], [342428.305, 4198640.144], [342429.59, 4198639.501], [342432.304, 4198638.608], [342435.16, 4198638.359], [342435.946, 4198638.359], [342438.409, 4198638.037], [342440.801, 4198637.502], [342441.587, 4198637.252], [342444.086, 4198636.145], [342445.55, 4198634.752], [342465.044, 4198618.15], [342466.115, 4198617.4], [342467.9, 4198616.758], [342468.436, 4198616.686], [342470.399, 4198616.758], [342471.649, 4198617.15], [342474.291, 4198618.65], [342477.504, 4198618.15], [342484.395, 4198616.901], [342491.75, 4198616.901], [342497.034, 4198617.65], [342502.889, 4198620.649], [342518.635, 4198631.253], [342551.303, 4198548.063], [342551.089, 4198547.564], [342538.664, 4198557.561], [342522.99, 4198570.45], [342517.813, 4198574.413], [342514.065, 4198576.555], [342510.102, 4198578.412], [342505.996, 4198579.804], [342501.783, 4198580.84], [342490.608, 4198583.053], [342479.397, 4198584.981], [342471.935, 4198586.088], [342464.401, 4198587.088], [342456.261, 4198587.802], [342452.691, 4198588.23], [342443.836, 4198588.659], [342440.301, 4198588.444], [342434.696, 4198587.909], [342432.697, 4198587.552], [342429.733, 4198586.659], [342426.056, 4198584.946], [342419.201, 4198580.911], [342413.631, 4198577.555], [342403.598, 4198568.95], [342385.89, 4198549.456], [342384.89, 4198547.813], [342381.712, 4198550.206], [342364.111, 4198565.487], [342341.51, 4198584.981], [342317.66, 4198605.404], [342297.381, 4198622.899], [342298.238, 4198625.005], [342293.989, 4198644.143], [342292.311, 4198645.714], [342294.096, 4198666.208], [342296.952, 4198696.199], [342297.345, 4198700.59], [342297.345, 4198704.982], [342296.988, 4198708.481], [342296.203, 4198713.694], [342294.346, 4198720.013], [342293.132, 4198723.405], [342292.204, 4198725.833], [342290.812, 4198728.654], [342289.348, 4198731.296], [342288.205, 4198733.045], [342286.991, 4198734.688], [342285.063, 4198737.151], [342280.815, 4198742.007], [342260.285, 4198766.286], [342253.502, 4198774.462], [342245.147, 4198784.28], [342241.291, 4198788.779], [342229.937, 4198802.347], [342217.298, 4198816.128], [342198.947, 4198835.48], [342191.592, 4198842.799], [342181.345, 4198852.153], [342164.993, 4198867.756], [342151.247, 4198881.002], [342129.932, 4198904.353], [342141.464, 4198914.135], [342172.848, 4198939.093], [342178.382, 4198943.984]]}}, {"type": "Feature", "properties": {"source": "PGOU Córdoba 2001 (TR oct-2002) — plano «Alineaciones y Rasantes» 1:2000", "legend_family": "ALINEACIÓN (vial OR edificación — NOT separable)", "attribution_status": "UNKNOWN_SPLIT", "length_m": 765.32}, "geometry": {"type": "LineString", "coordinates": [[341336.854, 4198600.013], [341340.532, 4198595.157], [341341.353, 4198573.842], [341342.46, 4198545.6], [341343.638, 4198543.85], [341352.706, 4198525.748], [341358.205, 4198514.145], [341359.312, 4198508.146], [341362.239, 4198494.258], [341363.31, 4198483.689], [341365.06, 4198474.156], [341367.845, 4198466.23], [341370.344, 4198462.088], [341372.95, 4198457.447], [341376.199, 4198450.913], [341379.091, 4198443.165], [341382.055, 4198435.703], [341382.233, 4198433.597], [341394.408, 4198393.537], [341396.836, 4198387.61], [341414.08, 4198358.012], [341423.113, 4198344.765], [341415.651, 4198337.982], [341405.654, 4198352.692], [341387.838, 4198383.254], [341384.982, 4198390.181], [341372.45, 4198431.597], [341372.236, 4198433.311], [341370.986, 4198436.703], [341369.737, 4198439.559], [341366.988, 4198446.95], [341364.096, 4198452.805], [341361.704, 4198457.09], [341358.74, 4198461.946], [341355.348, 4198471.55], [341354.063, 4198478.798], [341353.385, 4198482.297], [341352.349, 4198492.687], [341349.493, 4198506.183], [341349.35, 4198508.004], [341348.601, 4198511.038], [341343.709, 4198521.393], [341334.998, 4198538.78], [341332.605, 4198542.315], [341331.356, 4198573.485], [341330.713, 4198591.586], [341327.25, 4198591.943], [341324.251, 4198592.8], [341283.906, 4198628.54], [341279.657, 4198666.85], [341278.693, 4198673.991], [341280.943, 4198671.563], [341284.156, 4198669.957], [341288.44, 4198667.957], [341292.511, 4198666.85], [341298.509, 4198665.886], [341301.936, 4198664.53], [341303.936, 4198662.03], [341311.183, 4198648.784], [341317.86, 4198636.109], [341320.359, 4198629.683], [341322.251, 4198623.541], [341322.894, 4198619.757], [341323.644, 4198610.081], [341327.5, 4198606.082], [341332.641, 4198600.512], [341336.747, 4198600.084], [341336.854, 4198600.013]]}}, {"type": "Feature", "properties": {"source": "PGOU Córdoba 2001 (TR oct-2002) — plano «Alineaciones y Rasantes» 1:2000", "legend_family": "ALINEACIÓN (vial OR edificación — NOT separable)", "attribution_status": "UNKNOWN_SPLIT", "length_m": 10.72}, "geometry": {"type": "LineString", "coordinates": [[341330.713, 4198591.586], [341333.355, 4198591.586], [341334.248, 4198591.694], [341340.532, 4198595.157]]}}, {"type": "Feature", "properties": {"source": "PGOU Córdoba 2001 (TR oct-2002) — plano «Alineaciones y Rasantes» 1:2000", "legend_family": "ALINEACIÓN (vial OR edificación — NOT separable)", "attribution_status": "UNKNOWN_SPLIT", "length_m": 223.75}, "geometry": {"type": "LineString", "coordinates": [[341040.981, 4199064.556], [341044.515, 4199064.378], [341052.334, 4199063.699], [341060.189, 4199062.807], [341121.206, 4199047.204], [341128.489, 4199044.241], [341135.737, 4199041.027], [341142.842, 4199037.635], [341149.911, 4199034.029], [341156.802, 4199030.245], [341163.586, 4199026.21], [341170.691, 4199021.747], [341171.655, 4199021.39], [341172.654, 4199021.354], [341173.154, 4199021.39], [341174.083, 4199021.711], [341175.011, 4199022.247], [341175.654, 4199022.997], [341176.153, 4199023.854], [341176.403, 4199024.853], [341176.403, 4199025.853], [341176.153, 4199026.853], [341174.582, 4199030.887], [341173.297, 4199034.993], [341172.155, 4199039.206], [341171.191, 4199043.455], [341170.441, 4199047.704], [341169.905, 4199051.988], [341169.548, 4199056.344], [341174.011, 4199090.548], [341175.439, 4199094.655], [341177.046, 4199098.653], [341178.153, 4199101.01]]}}, {"type": "Feature", "properties": {"source": "PGOU Córdoba 2001 (TR oct-2002) — plano «Alineaciones y Rasantes» 1:2000", "legend_family": "ALINEACIÓN (vial OR edificación — NOT separable)", "attribution_status": "UNKNOWN_SPLIT", "length_m": 357.55}, "geometry": {"type": "LineString", "coordinates": [[341360.847, 4198924.454], [341360.383, 4198925.097], [341359.883, 4198925.632], [341359.347, 4198926.132], [341358.705, 4198926.596], [341357.991, 4198926.953], [341357.312, 4198927.203], [341356.562, 4198927.346], [341355.741, 4198927.382], [341354.634, 4198927.31], [341349.207, 4198926.132], [341344.138, 4198925.24], [341338.996, 4198924.633], [341333.855, 4198924.204], [341293.082, 4198929.238], [341288.262, 4198930.845], [341283.406, 4198932.737], [341278.693, 4198934.808], [341274.052, 4198937.093], [341269.553, 4198939.592], [341265.162, 4198942.306], [341260.842, 4198945.162], [341256.736, 4198948.233], [341184.044, 4199004.788], [341176.76, 4199010.25], [341169.298, 4199015.392], [341161.694, 4199020.355], [341153.91, 4199024.996], [341145.913, 4199029.352], [341068.793, 4199055.452], [341059.832, 4199056.808], [341050.799, 4199057.844], [341040.981, 4199058.594]]}}, {"type": "Feature", "properties": {"source": "PGOU Córdoba 2001 (TR oct-2002) — plano «Alineaciones y Rasantes» 1:2000", "legend_family": "ALINEACIÓN (vial OR edificación — NOT separable)", "attribution_status": "UNKNOWN_SPLIT", "length_m": 288.47}, "geometry": {"type": "LineString", "coordinates": [[341353.492, 4198940.235], [341353.635, 4198939.735], [341353.849, 4198938.736], [341353.885, 4198937.7], [341353.706, 4198936.629], [341353.385, 4198935.701], [341352.885, 4198934.808], [341352.242, 4198933.951], [341351.85, 4198933.594], [341350.993, 4198932.987], [341350.1, 4198932.559], [341349.1, 4198932.238], [341344.459, 4198931.381], [341339.782, 4198930.738], [341335.14, 4198930.309], [341330.463, 4198930.095], [341325.75, 4198930.059], [341321.038, 4198930.202], [341260.413, 4198952.946], [341208.965, 4198993.005], [341204.109, 4198997.04], [341199.539, 4199001.503], [341195.362, 4199006.18], [341191.506, 4199011.25], [341188.007, 4199016.534], [341184.901, 4199022.104], [341182.259, 4199027.853], [341180.009, 4199033.744], [341178.153, 4199039.849], [341176.796, 4199046.062], [341175.903, 4199052.31], [341175.439, 4199058.629], [341175.439, 4199064.985], [341175.903, 4199071.304], [341176.832, 4199077.588], [341178.26, 4199083.801], [341180.081, 4199089.834], [341182.33, 4199095.797], [341184.794, 4199101.01]]}}, {"type": "Feature", "properties": {"source": "PGOU Córdoba 2001 (TR oct-2002) — plano «Alineaciones y Rasantes» 1:2000", "legend_family": "ALINEACIÓN (vial OR edificación — NOT separable)", "attribution_status": "UNKNOWN_SPLIT", "length_m": 366.4}, "geometry": {"type": "LineString", "coordinates": [[341336.711, 4199101.01], [341334.783, 4199091.405], [341325.893, 4199055.452], [341324.287, 4199048.347], [341321.002, 4199025.996], [341320.895, 4199022.604], [341320.93, 4199018.105], [341321.145, 4199014.678], [341321.609, 4199009.144], [341321.644, 4199005.895], [341321.537, 4199003.681], [341321.18, 4199000.432], [341320.681, 4198997.254], [341320.181, 4198995.148], [341317.931, 4198986.936], [341315.896, 4198982.009], [341313.29, 4198977.331], [341310.184, 4198973.011], [341306.542, 4198969.048], [341302.508, 4198965.585], [341298.045, 4198962.657], [341293.26, 4198960.229], [341288.262, 4198958.408], [341283.049, 4198957.159], [341277.694, 4198956.588], [341272.338, 4198956.588], [341267.054, 4198957.302], [341261.913, 4198958.587], [341256.914, 4198960.479], [341252.13, 4198962.943], [341247.739, 4198965.978], [341210.5, 4198994.933], [341205.787, 4198998.897], [341201.36, 4199003.181], [341197.254, 4199007.787], [341193.505, 4199012.678], [341190.149, 4199017.855], [341187.15, 4199023.247], [341184.544, 4199028.781], [341182.33, 4199034.529], [341180.581, 4199040.492], [341179.26, 4199046.49], [341178.331, 4199052.595], [341177.939, 4199058.736], [341184.651, 4199094.797], [341187.543, 4199101.01]]}}, {"type": "Feature", "properties": {"source": "PGOU Córdoba 2001 (TR oct-2002) — plano «Alineaciones y Rasantes» 1:2000", "legend_family": "ALINEACIÓN (vial OR edificación — NOT separable)", "attribution_status": "UNKNOWN_SPLIT", "length_m": 178.7}, "geometry": {"type": "LineString", "coordinates": [[341044.658, 4199066.841], [341052.584, 4199066.198], [341060.51, 4199065.306], [341107.103, 4199054.845], [341114.637, 4199052.31], [341122.099, 4199049.56], [341129.489, 4199046.561], [341138.058, 4199042.705], [341140.307, 4199041.813], [341142.235, 4199041.241], [341144.199, 4199040.849], [341146.198, 4199040.706], [341148.233, 4199040.742], [341150.233, 4199040.991], [341152.196, 4199041.384], [341154.089, 4199042.063], [341155.945, 4199042.848], [341165.335, 4199052.988], [341166.049, 4199054.88], [341166.513, 4199056.844], [341166.799, 4199058.843], [341166.942, 4199065.092], [341167.192, 4199069.555], [341167.692, 4199073.946], [341168.334, 4199078.338], [341169.263, 4199082.729], [341170.298, 4199087.05], [341171.583, 4199091.298], [341173.083, 4199095.511], [341175.296, 4199101.01]]}}, {"type": "Feature", "properties": {"source": "PGOU Córdoba 2001 (TR oct-2002) — plano «Alineaciones y Rasantes» 1:2000", "legend_family": "ALINEACIÓN (vial OR edificación — NOT separable)", "attribution_status": "UNKNOWN_SPLIT", "length_m": 777.95}, "geometry": {"type": "LineString", "coordinates": [[341040.981, 4199056.059], [341050.549, 4199055.344], [341059.511, 4199054.309], [341068.401, 4199052.952], [341120.242, 4199038.456], [341128.561, 4199034.958], [341136.701, 4199031.209], [341182.509, 4199002.788], [341255.201, 4198946.233], [341259.449, 4198943.091], [341263.841, 4198940.128], [341344.995, 4198922.883], [341350.243, 4198923.811], [341355.384, 4198924.954], [341359.312, 4198916.599], [341349.35, 4198897.498], [341347.137, 4198891.392], [341342.781, 4198869.256], [341337.604, 4198861.008], [341329.749, 4198854.903], [341317.146, 4198847.512], [341306.292, 4198844.513], [341293.26, 4198843.585], [341284.156, 4198847.512], [341278.515, 4198851.832], [341259.806, 4198865.328], [341237.599, 4198898.783], [341211.107, 4198911.779], [341208.036, 4198917.456], [341200.682, 4198925.311], [341181.545, 4198942.234], [341162.408, 4198951.41], [341124.848, 4198976.296], [341076.648, 4198991.863], [341044.337, 4198996.147], [341042.302, 4198989.935], [341040.981, 4198989.685]]}}, {"type": "Feature", "properties": {"source": "PGOU Córdoba 2001 (TR oct-2002) — plano «Alineaciones y Rasantes» 1:2000", "legend_family": "ALINEACIÓN (vial OR edificación — NOT separable)", "attribution_status": "UNKNOWN_SPLIT", "length_m": 485.43}, "geometry": {"type": "LineString", "coordinates": [[341336.64, 4199101.01], [341334.783, 4199091.405], [341325.893, 4199055.452], [341321.145, 4199014.678], [341321.609, 4199009.144], [341321.537, 4199003.681], [341321.18, 4199000.432], [341320.181, 4198995.148], [341317.896, 4198986.936], [341315.896, 4198982.009], [341313.29, 4198977.331], [341310.148, 4198973.011], [341306.542, 4198969.048], [341302.436, 4198965.585], [341298.009, 4198962.657], [341293.26, 4198960.229], [341288.19, 4198958.408], [341283.013, 4198957.159], [341277.694, 4198956.588], [341272.338, 4198956.588], [341267.054, 4198957.302], [341261.841, 4198958.587], [341256.843, 4198960.479], [341252.13, 4198962.943], [341247.739, 4198965.978], [341261.949, 4198954.945], [341269.553, 4198949.554], [341277.587, 4198944.841], [341286.048, 4198940.842], [341292.082, 4198938.593], [341313.004, 4198933.487], [341322.251, 4198932.63], [341331.606, 4198932.594], [341336.247, 4198932.88], [341344.637, 4198933.987], [341347.601, 4198934.594], [341351.564, 4198936.236], [341352.099, 4198936.986], [341351.957, 4198938.486], [341347.137, 4198951.232], [341330.785, 4198996.54], [341327.357, 4199011.036], [341326.714, 4199017.748], [341327.75, 4199034.136], [341328.535, 4199038.849], [341329.392, 4199043.134], [341330.785, 4199049.632], [341332.248, 4199055.951], [341340.782, 4199090.834], [341342.745, 4199101.01]]}}, {"type": "Feature", "properties": {"source": "PGOU Córdoba 2001 (TR oct-2002) — plano «Alineaciones y Rasantes» 1:2000", "legend_family": "ALINEACIÓN (vial OR edificación — NOT separable)", "attribution_status": "UNKNOWN_SPLIT", "length_m": 715.97}, "geometry": {"type": "LineString", "coordinates": [[341798.641, 4199101.01], [341802.283, 4199088.549], [341802.711, 4199079.73], [341803.14, 4199068.198], [341803.782, 4199052.595], [341820.849, 4199036.493], [341834.309, 4199020.605], [341846.198, 4199005.359], [341863.942, 4199019.212], [341871.583, 4199004.681], [341881.116, 4198987.15], [341895.147, 4198960.229], [341906.037, 4198939.235], [341914.534, 4198922.883], [341932.1, 4198932.13], [341949.059, 4198901.139], [341951.059, 4198897.462], [341961.198, 4198897.997], [341993.01, 4198898.854], [342015.789, 4198886.394], [342052.992, 4198942.485], [342053.384, 4198943.091], [342040.638, 4198946.305], [341973.409, 4198973.261], [341964.34, 4198978.331], [341946.81, 4198989.328], [341938.313, 4198995.291], [341929.994, 4199001.503], [341921.889, 4199008.001], [341906.287, 4199021.711], [341898.896, 4199028.959], [341890.899, 4199037.028], [341887.4, 4199040.135], [341847.162, 4199084.443], [341832.845, 4199101.01]]}}, {"type": "Feature", "properties": {"source": "PGOU Córdoba 2001 (TR oct-2002) — plano «Alineaciones y Rasantes» 1:2000", "legend_family": "ALINEACIÓN (vial OR edificación — NOT separable)", "attribution_status": "UNKNOWN_SPLIT", "length_m": 413.88}, "geometry": {"type": "LineString", "coordinates": [[341786.288, 4199101.01], [341790.108, 4199086.085], [341790.108, 4199065.556], [341784.681, 4199070.34], [341741.659, 4199087.549], [341725.413, 4199079.909], [341724.735, 4199079.659], [341698.6, 4199040.349], [341684.64, 4199020.533], [341669.109, 4198997.54], [341657.399, 4198980.83], [341639.511, 4198952.16], [341634.941, 4198955.802], [341633.763, 4198957.909], [341631.407, 4198993.862], [341630.764, 4199012.0], [341641.404, 4199095.904], [341642.796, 4199101.01]]}}, {"type": "Feature", "properties": {"source": "PGOU Córdoba 2001 (TR oct-2002) — plano «Alineaciones y Rasantes» 1:2000", "legend_family": "ALINEACIÓN (vial OR edificación — NOT separable)", "attribution_status": "UNKNOWN_SPLIT", "length_m": 585.24}, "geometry": {"type": "LineString", "coordinates": [[341866.085, 4199101.01], [341877.795, 4199088.335], [341900.288, 4199060.986], [341913.891, 4199044.598], [341946.096, 4199015.749], [341963.341, 4199003.502], [341967.304, 4199001.11], [341988.012, 4198991.756], [342009.898, 4198982.151], [342024.465, 4198975.546], [342040.995, 4198966.406], [342059.49, 4198956.052], [342057.99, 4198953.338], [342043.352, 4198956.944], [342025.357, 4198962.479], [342007.755, 4198969.155], [341990.582, 4198976.832], [341982.156, 4198981.045], [341965.733, 4198990.292], [341957.807, 4198995.291], [341949.952, 4199000.503], [341942.311, 4199006.002], [341934.814, 4199011.679], [341927.494, 4199017.606], [341920.354, 4199023.746], [341913.463, 4199030.102], [341906.715, 4199036.707], [341897.039, 4199046.49], [341883.187, 4199060.986], [341871.69, 4199073.411], [341860.336, 4199085.943], [341847.305, 4199101.01], [341860.336, 4199085.943], [341871.69, 4199073.411], [341883.187, 4199060.986], [341897.039, 4199046.49]]}}, {"type": "Feature", "properties": {"source": "PGOU Córdoba 2001 (TR oct-2002) — plano «Alineaciones y Rasantes» 1:2000", "legend_family": "ALINEACIÓN (vial OR edificación — NOT separable)", "attribution_status": "UNKNOWN_SPLIT", "length_m": 3.94}, "geometry": {"type": "LineString", "coordinates": [[341427.005, 4198635.252], [341424.184, 4198632.503]]}}, {"type": "Feature", "properties": {"source": "PGOU Córdoba 2001 (TR oct-2002) — plano «Alineaciones y Rasantes» 1:2000", "legend_family": "ALINEACIÓN (vial OR edificación — NOT separable)", "attribution_status": "UNKNOWN_SPLIT", "length_m": 11.07}, "geometry": {"type": "LineString", "coordinates": [[341501.911, 4198680.632], [341497.091, 4198690.593]]}}, {"type": "Feature", "properties": {"source": "PGOU Córdoba 2001 (TR oct-2002) — plano «Alineaciones y Rasantes» 1:2000", "legend_family": "ALINEACIÓN (vial OR edificación — NOT separable)", "attribution_status": "UNKNOWN_SPLIT", "length_m": 267.6}, "geometry": {"type": "LineString", "coordinates": [[342052.992, 4198942.484], [342081.483, 4198922.204], [342112.188, 4198897.462], [342130.539, 4198882.93], [342155.996, 4198862.293], [342142.286, 4198875.611], [342136.966, 4198881.359], [342114.509, 4198906.531], [342106.19, 4198915.599], [342100.941, 4198921.598], [342093.765, 4198929.452], [342087.088, 4198936.7], [342087.231, 4198936.629], [342086.731, 4198937.093], [342086.303, 4198937.45], [342085.66, 4198937.736], [342085.16, 4198937.95], [342074.307, 4198939.485], [342063.953, 4198941.342], [342053.384, 4198943.091], [342052.992, 4198942.484]]}}, {"type": "Feature", "properties": {"source": "PGOU Córdoba 2001 (TR oct-2002) — plano «Alineaciones y Rasantes» 1:2000", "legend_family": "ALINEACIÓN (vial OR edificación — NOT separable)", "attribution_status": "UNKNOWN_SPLIT", "length_m": 47.02}, "geometry": {"type": "LineString", "coordinates": [[341886.757, 4197950.987], [341888.614, 4197952.415], [341921.889, 4197978.515], [341923.746, 4197980.014]]}}, {"type": "Feature", "properties": {"source": "PGOU Córdoba 2001 (TR oct-2002) — plano «Alineaciones y Rasantes» 1:2000", "legend_family": "ALINEACIÓN (vial OR edificación — NOT separable)", "attribution_status": "UNKNOWN_SPLIT", "length_m": 5.47}, "geometry": {"type": "LineString", "coordinates": [[342020.145, 4198115.939], [342020.038, 4198115.689], [342018.36, 4198111.048], [342018.288, 4198110.798]]}}, {"type": "Feature", "properties": {"source": "PGOU Córdoba 2001 (TR oct-2002) — plano «Alineaciones y Rasantes» 1:2000", "legend_family": "ALINEACIÓN (vial OR edificación — NOT separable)", "attribution_status": "UNKNOWN_SPLIT", "length_m": 387.49}, "geometry": {"type": "LineString", "coordinates": [[342071.307, 4198034.249], [342069.701, 4198035.855], [342063.703, 4198041.247], [342056.955, 4198046.638], [342048.6, 4198052.6], [342039.96, 4198057.956], [342023.037, 4198063.811], [342039.71, 4198080.806], [342051.813, 4198094.66], [342053.956, 4198097.552], [342063.096, 4198110.905], [342059.49, 4198114.689], [342051.956, 4198121.437], [342047.458, 4198125.293], [342030.856, 4198137.611], [342020.145, 4198115.939], [342018.288, 4198110.798], [342002.15, 4198044.603], [342001.65, 4198042.639], [341994.652, 4198028.5], [341992.153, 4198025.394], [341989.333, 4198022.538], [341965.233, 4198008.113], [341958.057, 4198004.043], [341949.059, 4197998.438], [341978.3, 4197950.987]]}}, {"type": "Feature", "properties": {"source": "PGOU Córdoba 2001 (TR oct-2002) — plano «Alineaciones y Rasantes» 1:2000", "legend_family": "ALINEACIÓN (vial OR edificación — NOT separable)", "attribution_status": "UNKNOWN_SPLIT", "length_m": 187.68}, "geometry": {"type": "LineString", "coordinates": [[341853.588, 4198065.882], [341872.511, 4198055.635], [341910.5, 4198027.75], [341916.462, 4198023.038], [341922.032, 4198017.86], [341925.959, 4198013.754], [341929.601, 4198009.363], [341931.315, 4198007.114], [341934.207, 4198003.115], [341935.349, 4198001.365], [341912.713, 4197983.942], [341896.29, 4197970.838], [341881.937, 4197959.913], [341869.905, 4197950.987]]}}, {"type": "Feature", "properties": {"source": "PGOU Córdoba 2001 (TR oct-2002) — plano «Alineaciones y Rasantes» 1:2000", "legend_family": "ALINEACIÓN (vial OR edificación — NOT separable)", "attribution_status": "UNKNOWN_SPLIT", "length_m": 227.36}, "geometry": {"type": "LineString", "coordinates": [[341769.007, 4197950.987], [341775.612, 4197956.2], [341789.287, 4197966.697], [341796.142, 4197971.91], [341805.246, 4197978.586], [341818.492, 4197954.486], [341825.811, 4197965.733], [341832.095, 4197975.908], [341838.664, 4197986.334], [341855.552, 4198013.647], [341858.944, 4198011.898], [341872.011, 4198024.537], [341840.7, 4198043.317], [341853.588, 4198065.882]]}}, {"type": "Feature", "properties": {"source": "PGOU Córdoba 2001 (TR oct-2002) — plano «Alineaciones y Rasantes» 1:2000", "legend_family": "ALINEACIÓN (vial OR edificación — NOT separable)", "attribution_status": "UNKNOWN_SPLIT", "length_m": 3.5}, "geometry": {"type": "LineString", "coordinates": [[341101.355, 4198569.414], [341103.104, 4198566.38]]}}, {"type": "Feature", "properties": {"source": "PGOU Córdoba 2001 (TR oct-2002) — plano «Alineaciones y Rasantes» 1:2000", "legend_family": "ALINEACIÓN (vial OR edificación — NOT separable)", "attribution_status": "UNKNOWN_SPLIT", "length_m": 130.47}, "geometry": {"type": "LineString", "coordinates": [[342053.563, 4199101.01], [342030.713, 4199081.908], [342026.535, 4199075.589], [342020.502, 4199065.806], [342016.539, 4199058.808], [342013.29, 4199056.201], [342011.79, 4199055.487], [342003.4, 4199055.809], [342001.793, 4199056.451], [341982.085, 4199071.197], [341974.087, 4199080.087], [341973.23, 4199086.835], [341972.909, 4199092.512], [341971.838, 4199101.01]]}}, {"type": "Feature", "properties": {"source": "PGOU Córdoba 2001 (TR oct-2002) — plano «Alineaciones y Rasantes» 1:2000", "legend_family": "ALINEACIÓN (vial OR edificación — NOT separable)", "attribution_status": "UNKNOWN_SPLIT", "length_m": 0.04}, "geometry": {"type": "LineString", "coordinates": [[341941.24, 4199101.01], [341941.24, 4199101.046]]}}, {"type": "Feature", "properties": {"source": "PGOU Córdoba 2001 (TR oct-2002) — plano «Alineaciones y Rasantes» 1:2000", "legend_family": "ALINEACIÓN (vial OR edificación — NOT separable)", "attribution_status": "UNKNOWN_SPLIT", "length_m": 130.46}, "geometry": {"type": "LineString", "coordinates": [[342053.563, 4199101.01], [342030.713, 4199081.908], [342026.535, 4199075.589], [342020.502, 4199065.806], [342016.539, 4199058.808], [342013.29, 4199056.201], [342011.79, 4199055.487], [342003.4, 4199055.809], [342001.793, 4199056.451], [341982.085, 4199071.197], [341974.087, 4199080.087], [341973.659, 4199083.443], [341973.23, 4199086.835], [341972.909, 4199092.512], [341971.909, 4199101.01]]}}, {"type": "Feature", "properties": {"source": "PGOU Córdoba 2001 (TR oct-2002) — plano «Alineaciones y Rasantes» 1:2000", "legend_family": "ALINEACIÓN (vial OR edificación — NOT separable)", "attribution_status": "UNKNOWN_SPLIT", "length_m": 167.23}, "geometry": {"type": "LineString", "coordinates": [[341941.24, 4199101.01], [341943.811, 4199097.511], [341947.881, 4199092.762], [341952.451, 4199088.406], [341965.304, 4199077.481], [341978.443, 4199066.948], [342008.005, 4199043.812], [342010.291, 4199042.455], [342013.182, 4199042.313], [342057.455, 4199101.01]]}}, {"type": "Feature", "properties": {"source": "PGOU Córdoba 2001 (TR oct-2002) — plano «Alineaciones y Rasantes» 1:2000", "legend_family": "ALINEACIÓN (vial OR edificación — NOT separable)", "attribution_status": "UNKNOWN_SPLIT", "length_m": 363.04}, "geometry": {"type": "LineString", "coordinates": [[341750.442, 4198504.112], [341726.449, 4198493.008], [341725.735, 4198508.146], [341663.504, 4198493.901], [341629.907, 4198488.152], [341609.985, 4198483.832], [341605.736, 4198451.948], [341730.198, 4198466.337], [341751.905, 4198492.794], [341751.049, 4198502.255], [341750.442, 4198504.112]]}}, {"type": "Feature", "properties": {"source": "PGOU Córdoba 2001 (TR oct-2002) — plano «Alineaciones y Rasantes» 1:2000", "legend_family": "ALINEACIÓN (vial OR edificación — NOT separable)", "attribution_status": "UNKNOWN_SPLIT", "length_m": 463.26}, "geometry": {"type": "LineString", "coordinates": [[341599.059, 4198410.104], [341609.949, 4198415.638], [341609.449, 4198416.78], [341621.981, 4198422.457], [341634.763, 4198421.493], [341641.047, 4198421.207], [341648.259, 4198421.136], [341652.436, 4198421.207], [341683.034, 4198424.564], [341700.243, 4198428.955], [341703.813, 4198426.063], [341739.052, 4198435.346], [341739.302, 4198435.31], [341744.015, 4198425.492], [341782.932, 4198450.235], [341788.894, 4198455.162], [341778.112, 4198458.054], [341760.796, 4198487.652], [341760.438, 4198484.832], [341731.34, 4198457.411], [341604.451, 4198442.701], [341599.202, 4198409.14], [341599.059, 4198410.104]]}}, {"type": "Feature", "properties": {"source": "PGOU Córdoba 2001 (TR oct-2002) — plano «Alineaciones y Rasantes» 1:2000", "legend_family": "ALINEACIÓN (vial OR edificación — NOT separable)", "attribution_status": "UNKNOWN_SPLIT", "length_m": 936.71}, "geometry": {"type": "LineString", "coordinates": [[341629.907, 4198488.152], [341663.504, 4198493.901], [341725.735, 4198508.146], [341726.449, 4198493.008], [341750.442, 4198504.112], [341749.549, 4198517.358], [341751.049, 4198523.035], [341752.655, 4198529.033], [341754.69, 4198533.246], [341756.797, 4198535.21], [341758.546, 4198536.281], [341760.439, 4198537.138], [341764.366, 4198538.388], [341766.401, 4198538.78], [341771.114, 4198539.53], [341787.502, 4198543.565], [341787.894, 4198548.135], [341786.788, 4198550.706], [341784.895, 4198555.847], [341783.039, 4198562.559], [341810.138, 4198607.689], [341812.744, 4198608.189], [341816.243, 4198609.76], [341819.885, 4198610.01], [341822.491, 4198610.581], [341828.203, 4198611.295], [341833.845, 4198612.188], [341835.987, 4198612.33], [341843.199, 4198614.258], [341848.84, 4198616.686], [341851.054, 4198618.114], [341856.409, 4198622.935], [341857.909, 4198625.184], [341863.193, 4198634.895], [341865.335, 4198639.787], [341867.656, 4198644.393], [341876.296, 4198669.457], [341876.439, 4198673.848], [341875.796, 4198678.561], [341874.654, 4198684.131], [341872.404, 4198692.45], [341871.512, 4198695.164], [341869.548, 4198700.483], [341866.085, 4198708.41], [341862.943, 4198717.05], [341854.41, 4198738.651], [341842.699, 4198755.432], [341820.456, 4198754.111], [341806.496, 4198753.789], [341790.144, 4198752.361], [341785.609, 4198751.933], [341780.004, 4198751.147], [341778.112, 4198750.897], [341771.364, 4198748.934], [341767.365, 4198747.684], [341764.759, 4198746.613], [341761.01, 4198744.649], [341757.439, 4198742.364], [341753.905, 4198739.401], [341750.906, 4198735.83], [341749.656, 4198733.902], [341748.549, 4198731.903], [341747.657, 4198729.761], [341746.943, 4198727.547], [341745.086, 4198717.55], [341744.836, 4198710.338], [341745.336, 4198698.912], [341744.301, 4198694.414], [341743.444, 4198687.309], [341742.051, 4198684.845], [341739.909, 4198679.24], [341734.696, 4198671.599], [341731.34, 4198667.457], [341728.984, 4198665.137], [341727.556, 4198664.03], [341721.915, 4198658.853], [341716.452, 4198654.961], [341713.453, 4198653.497], [341706.705, 4198649.855], [341703.492, 4198647.856], [341700.493, 4198646.713], [341681.356, 4198642.107], [341676.286, 4198641.108], [341665.682, 4198639.644], [341658.041, 4198637.252], [341652.686, 4198635.288], [341646.402, 4198631.896], [341641.689, 4198628.897], [341635.548, 4198624.755], [341633.335, 4198623.184], [341629.336, 4198619.15], [341623.302, 4198611.581], [341618.446, 4198604.547], [341614.198, 4198598.263], [341607.842, 4198587.802], [341577.245, 4198541.708], [341580.601, 4198536.353], [341585.135, 4198529.605], [341593.133, 4198517.144], [341599.559, 4198507.932], [341605.557, 4198496.543], [341607.307, 4198492.687], [341609.985, 4198483.832], [341629.907, 4198488.152]]}}, {"type": "Feature", "properties": {"source": "PGOU Córdoba 2001 (TR oct-2002) — plano «Alineaciones y Rasantes» 1:2000", "legend_family": "ALINEACIÓN (vial OR edificación — NOT separable)", "attribution_status": "UNKNOWN_SPLIT", "length_m": 548.09}, "geometry": {"type": "LineString", "coordinates": [[341919.14, 4198295.958], [341918.64, 4198296.208], [341917.533, 4198301.207], [341914.606, 4198312.739], [341913.642, 4198319.487], [341913.499, 4198324.057], [341913.963, 4198330.912], [341915.212, 4198337.589], [341916.212, 4198341.195], [341917.533, 4198344.837], [341919.604, 4198349.3], [341923.139, 4198355.691], [341927.245, 4198361.76], [341931.85, 4198367.509], [341940.74, 4198381.041], [341946.988, 4198389.931], [341956.7, 4198402.963], [341966.947, 4198415.602], [341971.41, 4198419.244], [341976.087, 4198422.564], [341979.407, 4198424.599], [341984.513, 4198427.313], [342014.182, 4198454.412], [342017.61, 4198459.696], [342021.216, 4198466.73], [342024.001, 4198473.299], [342028.249, 4198484.51], [342029.285, 4198487.26], [342031.034, 4198491.294], [342032.355, 4198493.936], [342035.247, 4198499.042], [342037.139, 4198501.506], [342038.496, 4198503.041], [342041.388, 4198506.004], [342042.959, 4198507.361], [342044.244, 4198505.897], [342047.85, 4198498.756], [342063.81, 4198461.696], [342069.737, 4198451.199], [342067.095, 4198449.449], [342053.384, 4198440.452], [342047.85, 4198434.703], [342038.21, 4198426.563], [342034.033, 4198421.493], [342021.251, 4198407.461], [342012.183, 4198397.25], [341997.652, 4198386.182], [341982.692, 4198374.257], [341983.834, 4198353.334], [341984.406, 4198347.407], [341982.192, 4198345.658], [341955.343, 4198324.557], [341935.635, 4198308.954], [341927.637, 4198302.813], [341919.14, 4198295.958]]}}, {"type": "Feature", "properties": {"source": "PGOU Córdoba 2001 (TR oct-2002) — plano «Alineaciones y Rasantes» 1:2000", "legend_family": "ALINEACIÓN (vial OR edificación — NOT separable)", "attribution_status": "UNKNOWN_SPLIT", "length_m": 187.96}, "geometry": {"type": "LineString", "coordinates": [[341883.758, 4198248.865], [341950.737, 4198215.946], [341947.096, 4198209.983], [341942.383, 4198201.736], [341871.19, 4198236.547], [341872.404, 4198237.761], [341883.758, 4198248.865]]}}, {"type": "Feature", "properties": {"source": "PGOU Córdoba 2001 (TR oct-2002) — plano «Alineaciones y Rasantes» 1:2000", "legend_family": "ALINEACIÓN (vial OR edificación — NOT separable)", "attribution_status": "UNKNOWN_SPLIT", "length_m": 511.88}, "geometry": {"type": "LineString", "coordinates": [[342109.296, 4198038.854], [342099.299, 4198057.492], [342088.981, 4198078.164], [342082.697, 4198087.554], [342079.305, 4198091.732], [342063.096, 4198110.905], [342053.956, 4198097.552], [342051.814, 4198094.66], [342039.71, 4198080.806], [342023.037, 4198063.811], [342039.96, 4198057.956], [342048.6, 4198052.6], [342056.955, 4198046.638], [342063.703, 4198041.247], [342069.701, 4198035.855], [342071.308, 4198034.249], [342041.103, 4198005.793], [341989.904, 4197985.905], [342004.15, 4197952.415], [342127.933, 4198003.793], [342109.296, 4198038.854]]}}, {"type": "Feature", "properties": {"source": "PGOU Córdoba 2001 (TR oct-2002) — plano «Alineaciones y Rasantes» 1:2000", "legend_family": "ALINEACIÓN (vial OR edificación — NOT separable)", "attribution_status": "UNKNOWN_SPLIT", "length_m": 1047.28}, "geometry": {"type": "LineString", "coordinates": [[341906.537, 4198299.814], [341907.215, 4198297.351], [341907.393, 4198293.744], [341907.643, 4198291.495], [341906.037, 4198284.783], [341890.256, 4198269.216], [341860.943, 4198240.796], [341805.103, 4198268.466], [341760.688, 4198290.46], [341714.238, 4198313.06], [341708.811, 4198315.488], [341634.798, 4198352.156], [341630.443, 4198354.084], [341627.694, 4198355.691], [341625.051, 4198357.547], [341622.588, 4198359.547], [341618.661, 4198363.331], [341614.162, 4198368.044], [341610.413, 4198373.114], [341605.7, 4198379.362], [341604.843, 4198381.04], [341603.344, 4198384.04], [341601.701, 4198388.86], [341601.059, 4198392.644], [341599.738, 4198402.356], [341599.059, 4198410.104], [341609.949, 4198415.638], [341609.449, 4198416.78], [341621.981, 4198422.457], [341652.436, 4198421.207], [341683.034, 4198424.564], [341700.243, 4198428.955], [341703.813, 4198426.063], [341739.302, 4198435.31], [341744.015, 4198425.492], [341782.932, 4198450.235], [341788.894, 4198455.162], [341778.362, 4198457.982], [341757.439, 4198493.008], [341757.689, 4198493.044], [341760.831, 4198494.865], [341761.081, 4198496.114], [341761.081, 4198498.042], [341760.439, 4198499.899], [341759.332, 4198501.434], [341757.261, 4198512.181], [341756.547, 4198515.68], [341756.797, 4198519.357], [341757.19, 4198521.143], [341758.332, 4198524.642], [341760.082, 4198527.891], [341762.331, 4198530.783], [341792.036, 4198532.996], [341804.104, 4198531.14], [341809.959, 4198527.462], [341812.601, 4198526.284], [341825.811, 4198520.964], [341847.483, 4198512.502], [341853.089, 4198509.503], [341855.481, 4198507.896], [341857.802, 4198506.183], [341859.944, 4198504.29], [341862.015, 4198502.255], [341863.907, 4198500.113], [341867.192, 4198495.4], [341868.584, 4198492.901], [341869.834, 4198490.294], [341870.905, 4198487.652], [341872.154, 4198484.582], [341873.547, 4198481.19], [341874.511, 4198477.298], [341878.51, 4198462.695], [341882.116, 4198446.664], [341882.937, 4198442.701], [341884.293, 4198433.989], [341886.007, 4198427.063], [341888.506, 4198423.707], [341891.148, 4198418.958], [341896.647, 4198409.247], [341898.86, 4198406.497], [341901.288, 4198403.891], [341903.18, 4198403.391], [341904.287, 4198403.141], [341911.856, 4198398.25], [341923.996, 4198389.395], [341925.102, 4198387.86], [341925.995, 4198384.897], [341925.602, 4198381.933], [341924.852, 4198380.005], [341916.498, 4198368.116], [341913.285, 4198363.189], [341907.608, 4198353.549], [341906.001, 4198349.157], [341904.501, 4198344.551], [341902.502, 4198337.196], [341901.645, 4198332.662], [341901.788, 4198328.413], [341903.109, 4198313.596], [341904.359, 4198307.383], [341906.537, 4198299.814]]}}, {"type": "Feature", "properties": {"source": "PGOU Córdoba 2001 (TR oct-2002) — plano «Alineaciones y Rasantes» 1:2000", "legend_family": "ALINEACIÓN (vial OR edificación — NOT separable)", "attribution_status": "UNKNOWN_SPLIT", "length_m": 10.08}, "geometry": {"type": "LineString", "coordinates": [[341415.651, 4198337.982], [341423.113, 4198344.765]]}}, {"type": "Feature", "properties": {"source": "PGOU Córdoba 2001 (TR oct-2002) — plano «Alineaciones y Rasantes» 1:2000", "legend_family": "ALINEACIÓN (vial OR edificación — NOT separable)", "attribution_status": "UNKNOWN_SPLIT", "length_m": 212.19}, "geometry": {"type": "LineString", "coordinates": [[341490.093, 4198262.182], [341498.09, 4198267.788], [341458.638, 4198305.134], [341429.433, 4198335.589], [341423.756, 4198331.091], [341421.685, 4198329.306], [341451.605, 4198298.065], [341488.665, 4198263.003], [341490.093, 4198262.182]]}}, {"type": "Feature", "properties": {"source": "PGOU Córdoba 2001 (TR oct-2002) — plano «Alineaciones y Rasantes» 1:2000", "legend_family": "ALINEACIÓN (vial OR edificación — NOT separable)", "attribution_status": "UNKNOWN_SPLIT", "length_m": 454.22}, "geometry": {"type": "LineString", "coordinates": [[341498.09, 4198267.788], [341529.688, 4198289.96], [341570.247, 4198318.095], [341570.889, 4198318.095], [341557.001, 4198328.913], [341584.814, 4198363.01], [341581.243, 4198368.437], [341577.245, 4198372.614], [341558.715, 4198349.443], [341557.965, 4198350.05], [341542.113, 4198362.76], [341518.191, 4198355.548], [341514.085, 4198370.115], [341512.943, 4198374.15], [341511.265, 4198380.005], [341493.949, 4198375.007], [341493.092, 4198374.757], [341488.95, 4198373.186], [341484.844, 4198371.543], [341481.203, 4198369.651], [341479.632, 4198368.794], [341475.99, 4198366.509], [341437.68, 4198340.981], [341429.433, 4198335.589], [341458.638, 4198305.134], [341498.09, 4198267.788]]}}, {"type": "Feature", "properties": {"source": "PGOU Córdoba 2001 (TR oct-2002) — plano «Alineaciones y Rasantes» 1:2000", "legend_family": "ALINEACIÓN (vial OR edificación — NOT separable)", "attribution_status": "UNKNOWN_SPLIT", "length_m": 427.44}, "geometry": {"type": "LineString", "coordinates": [[341998.651, 4198273.108], [342012.397, 4198292.531], [342014.861, 4198295.994], [342036.961, 4198320.915], [342040.103, 4198323.843], [342045.208, 4198328.413], [342050.992, 4198333.304], [342059.311, 4198340.088], [342074.985, 4198352.692], [342080.412, 4198357.19], [342083.09, 4198359.154], [342085.696, 4198360.546], [342088.981, 4198361.796], [342091.944, 4198362.51], [342096.086, 4198362.832], [342100.763, 4198362.332], [342103.833, 4198361.546], [342107.189, 4198360.189], [342110.153, 4198358.511], [342114.259, 4198355.048], [342117.686, 4198351.014], [342121.542, 4198346.265], [342131.039, 4198334.661], [342144.749, 4198317.666], [342156.531, 4198303.206], [342157.031, 4198302.063], [342157.602, 4198293.245], [342158.852, 4198274.893], [342159.209, 4198269.394], [342159.245, 4198267.502], [342158.888, 4198266.538], [342158.281, 4198265.86], [342157.781, 4198265.431], [342156.21, 4198265.003], [342152.39, 4198264.289], [342074.307, 4198250.364], [342072.736, 4198250.114], [342062.239, 4198251.9], [342055.134, 4198255.256], [342048.136, 4198258.148], [342041.888, 4198259.862], [342036.39, 4198261.004], [342002.543, 4198268.002], [342000.865, 4198268.359], [342000.186, 4198268.502], [341998.151, 4198271.965], [341998.294, 4198272.465], [341998.651, 4198273.108]]}}, {"type": "Feature", "properties": {"source": "PGOU Córdoba 2001 (TR oct-2002) — plano «Alineaciones y Rasantes» 1:2000", "legend_family": "ALINEACIÓN (vial OR edificación — NOT separable)", "attribution_status": "UNKNOWN_SPLIT", "length_m": 247.63}, "geometry": {"type": "LineString", "coordinates": [[342073.343, 4198240.153], [342076.056, 4198240.51], [342082.804, 4198241.688], [342097.585, 4198244.366], [342118.043, 4198248.008], [342169.813, 4198257.291], [342150.141, 4198253.292], [342153.782, 4198238.832], [342138.751, 4198219.445], [342139.001, 4198218.909], [342133.181, 4198212.482], [342132.753, 4198211.983], [342127.647, 4198216.303], [342119.757, 4198206.341], [342117.436, 4198203.664], [342099.906, 4198218.088], [342084.232, 4198230.941], [342073.414, 4198239.939], [342073.343, 4198240.153]]}}, {"type": "Feature", "properties": {"source": "PGOU Córdoba 2001 (TR oct-2002) — plano «Alineaciones y Rasantes» 1:2000", "legend_family": "ALINEACIÓN (vial OR edificación — NOT separable)", "attribution_status": "UNKNOWN_SPLIT", "length_m": 250.45}, "geometry": {"type": "LineString", "coordinates": [[341974.016, 4198235.012], [341988.047, 4198257.755], [341988.583, 4198258.648], [341989.44, 4198259.54], [341990.404, 4198260.004], [341991.796, 4198260.04], [341993.081, 4198259.754], [341997.044, 4198258.933], [342007.256, 4198256.791], [342018.431, 4198254.506], [342029.749, 4198252.149], [342038.46, 4198250.364], [342043.387, 4198249.115], [342044.994, 4198248.65], [342048.136, 4198247.401], [342049.885, 4198246.687], [342067.344, 4198240.189], [342069.058, 4198240.046], [342073.343, 4198240.153], [342073.414, 4198239.939], [342066.666, 4198238.796], [342065.309, 4198239.439], [342055.455, 4198216.16], [342051.849, 4198207.484], [342048.35, 4198199.308], [342036.211, 4198205.306], [342030.534, 4198208.091], [342026.0, 4198210.34], [342022.858, 4198211.697], [342018.788, 4198213.339], [342012.504, 4198215.91], [342004.399, 4198219.195], [341999.544, 4198221.516], [341989.797, 4198226.657], [341978.336, 4198232.691], [341974.016, 4198235.012]]}}, {"type": "Feature", "properties": {"source": "PGOU Córdoba 2001 (TR oct-2002) — plano «Alineaciones y Rasantes» 1:2000", "legend_family": "ALINEACIÓN (vial OR edificación — NOT separable)", "attribution_status": "UNKNOWN_SPLIT", "length_m": 234.13}, "geometry": {"type": "LineString", "coordinates": [[341926.53, 4198289.21], [341934.242, 4198295.137], [341936.063, 4198296.494], [341937.848, 4198297.493], [341939.598, 4198298.136], [341941.562, 4198298.707], [341943.132, 4198298.6], [341944.596, 4198298.457], [341946.131, 4198298.1], [341947.988, 4198297.458], [341950.594, 4198295.744], [341953.843, 4198292.709], [341979.193, 4198269.002], [341979.943, 4198268.288], [341980.407, 4198267.788], [341980.692, 4198267.252], [341980.835, 4198266.752], [341980.907, 4198266.11], [341980.835, 4198265.431], [341980.657, 4198264.86], [341980.3, 4198264.253], [341950.737, 4198215.946], [341927.494, 4198227.335], [341951.201, 4198266.538], [341926.53, 4198289.21]]}}, {"type": "Feature", "properties": {"source": "PGOU Córdoba 2001 (TR oct-2002) — plano «Alineaciones y Rasantes» 1:2000", "legend_family": "ALINEACIÓN (vial OR edificación — NOT separable)", "attribution_status": "UNKNOWN_SPLIT", "length_m": 186.87}, "geometry": {"type": "LineString", "coordinates": [[341918.497, 4198281.748], [341883.758, 4198248.865], [341927.494, 4198227.335], [341951.201, 4198266.538], [341926.53, 4198289.21], [341918.497, 4198281.748]]}}, {"type": "Feature", "properties": {"source": "PGOU Córdoba 2001 (TR oct-2002) — plano «Alineaciones y Rasantes» 1:2000", "legend_family": "ALINEACIÓN (vial OR edificación — NOT separable)", "attribution_status": "UNKNOWN_SPLIT", "length_m": 723.36}, "geometry": {"type": "LineString", "coordinates": [[341973.837, 4198234.69], [341951.201, 4198197.451], [341954.843, 4198195.702], [341956.236, 4198194.809], [341970.91, 4198187.49], [341974.087, 4198186.311], [341985.548, 4198180.456], [341993.296, 4198176.993], [342005.863, 4198170.566], [342015.682, 4198165.96], [342024.786, 4198161.033], [342028.356, 4198158.855], [342034.355, 4198154.749], [342041.495, 4198150.001], [342048.493, 4198145.109], [342057.74, 4198138.397], [342064.988, 4198132.006], [342071.7, 4198125.651], [342079.733, 4198116.903], [342093.586, 4198099.694], [342164.6, 4198156.249], [342170.242, 4198161.997], [342173.705, 4198167.496], [342183.844, 4198186.24], [342194.555, 4198206.984], [342195.805, 4198209.947], [342205.802, 4198228.692], [342170.134, 4198257.362], [342150.141, 4198253.292], [342153.782, 4198238.832], [342138.751, 4198219.445], [342139.001, 4198218.909], [342132.753, 4198211.983], [342127.647, 4198216.303], [342119.757, 4198206.341], [342117.436, 4198203.664], [342073.414, 4198239.939], [342066.666, 4198238.796], [342065.309, 4198239.439], [342048.35, 4198199.308], [342026.0, 4198210.34], [342018.788, 4198213.339], [342004.399, 4198219.195], [341974.016, 4198235.012], [341973.837, 4198234.69]]}}, {"type": "Feature", "properties": {"source": "PGOU Córdoba 2001 (TR oct-2002) — plano «Alineaciones y Rasantes» 1:2000", "legend_family": "ALINEACIÓN (vial OR edificación — NOT separable)", "attribution_status": "UNKNOWN_SPLIT", "length_m": 531.34}, "geometry": {"type": "LineString", "coordinates": [[341944.061, 4198315.56], [341985.084, 4198277.142], [341986.155, 4198276.5], [341987.262, 4198276.357], [341988.154, 4198276.5], [341989.19, 4198277.142], [341991.189, 4198279.856], [342006.756, 4198301.814], [342010.79, 4198307.098], [342015.253, 4198312.56], [342018.609, 4198316.381], [342024.001, 4198322.236], [342026.857, 4198325.164], [342032.248, 4198330.341], [342038.282, 4198335.697], [342042.281, 4198339.053], [342075.413, 4198365.938], [342078.698, 4198368.116], [342113.187, 4198368.401], [342115.437, 4198367.009], [342121.042, 4198362.439], [342115.901, 4198369.258], [342111.402, 4198375.863], [342108.546, 4198380.898], [342099.049, 4198401.642], [342075.985, 4198440.238], [342069.737, 4198451.199], [342053.384, 4198440.452], [342049.885, 4198436.81], [342046.851, 4198433.847], [342038.21, 4198426.563], [342034.033, 4198421.493], [342023.608, 4198410.104], [342012.183, 4198397.25], [341997.544, 4198386.11], [341982.692, 4198374.257], [341984.406, 4198347.407], [341944.061, 4198315.56]]}}, {"type": "Feature", "properties": {"source": "PGOU Córdoba 2001 (TR oct-2002) — plano «Alineaciones y Rasantes» 1:2000", "legend_family": "ALINEACIÓN (vial OR edificación — NOT separable)", "attribution_status": "UNKNOWN_SPLIT", "length_m": 255.7}, "geometry": {"type": "LineString", "coordinates": [[341646.009, 4198845.048], [341650.615, 4198842.442], [341704.884, 4198805.703], [341709.74, 4198801.74], [341721.558, 4198879.788], [341702.849, 4198894.891], [341687.354, 4198880.038], [341646.009, 4198845.048]]}}, {"type": "Feature", "properties": {"source": "PGOU Córdoba 2001 (TR oct-2002) — plano «Alineaciones y Rasantes» 1:2000", "legend_family": "ALINEACIÓN (vial OR edificación — NOT separable)", "attribution_status": "UNKNOWN_SPLIT", "length_m": 142.95}, "geometry": {"type": "LineString", "coordinates": [[341636.905, 4198837.301], [341626.515, 4198828.482], [341657.791, 4198797.598], [341661.148, 4198799.883], [341678.856, 4198806.631], [341684.712, 4198807.309], [341675.393, 4198813.879], [341641.654, 4198834.73], [341636.905, 4198837.301]]}}, {"type": "Feature", "properties": {"source": "PGOU Córdoba 2001 (TR oct-2002) — plano «Alineaciones y Rasantes» 1:2000", "legend_family": "ALINEACIÓN (vial OR edificación — NOT separable)", "attribution_status": "UNKNOWN_SPLIT", "length_m": 297.5}, "geometry": {"type": "LineString", "coordinates": [[341624.409, 4198950.232], [341639.69, 4198937.986], [341650.437, 4198930.095], [341661.397, 4198922.597], [341698.957, 4198897.64], [341702.849, 4198894.891], [341687.354, 4198880.038], [341646.009, 4198845.048], [341637.512, 4198849.583], [341622.088, 4198857.259], [341616.054, 4198860.008], [341629.907, 4198917.634], [341624.409, 4198950.232]]}}, {"type": "Feature", "properties": {"source": "PGOU Córdoba 2001 (TR oct-2002) — plano «Alineaciones y Rasantes» 1:2000", "legend_family": "ALINEACIÓN (vial OR edificación — NOT separable)", "attribution_status": "UNKNOWN_SPLIT", "length_m": 371.16}, "geometry": {"type": "LineString", "coordinates": [[341467.1, 4198869.434], [341464.815, 4198882.038], [341482.595, 4198881.609], [341498.733, 4198880.431], [341511.943, 4198878.896], [341611.234, 4198850.261], [341621.91, 4198845.191], [341636.905, 4198837.301], [341626.515, 4198828.482], [341613.198, 4198835.408], [341603.487, 4198839.943], [341471.134, 4198869.398], [341467.1, 4198869.434]]}}, {"type": "Feature", "properties": {"source": "PGOU Córdoba 2001 (TR oct-2002) — plano «Alineaciones y Rasantes» 1:2000", "legend_family": "ALINEACIÓN (vial OR edificación — NOT separable)", "attribution_status": "UNKNOWN_SPLIT", "length_m": 662.1}, "geometry": {"type": "LineString", "coordinates": [[341629.907, 4198917.635], [341616.054, 4198860.008], [341606.343, 4198864.257], [341598.381, 4198867.542], [341590.348, 4198870.648], [341582.243, 4198873.612], [341574.103, 4198876.361], [341562.249, 4198880.038], [341554.966, 4198882.038], [341536.507, 4198886.394], [341498.947, 4198891.749], [341491.414, 4198892.249], [341486.094, 4198892.856], [341480.953, 4198894.106], [341475.954, 4198895.962], [341471.241, 4198898.39], [341466.85, 4198901.354], [341462.815, 4198904.781], [341460.959, 4198906.709], [341459.245, 4198908.744], [341456.139, 4198913.029], [341453.64, 4198917.742], [341451.64, 4198922.704], [341449.141, 4198930.381], [341446.035, 4198940.842], [341442.143, 4198956.695], [341439.108, 4198972.69], [341437.502, 4198983.437], [341434.931, 4199032.28], [341435.788, 4199064.627], [341436.288, 4199067.948], [341437.43, 4199071.054], [341438.537, 4199072.911], [341440.644, 4199075.232], [341442.964, 4199076.981], [341445.214, 4199078.159], [341448.284, 4199079.052], [341451.39, 4199079.23], [341456.103, 4199078.302], [341460.495, 4199075.946], [341463.815, 4199074.053], [341502.589, 4199057.38], [341510.158, 4199054.38], [341517.513, 4199050.989], [341544.612, 4199033.137], [341550.61, 4199027.745], [341556.358, 4199021.961], [341561.714, 4199015.856], [341568.355, 4199007.43], [341624.087, 4198950.446], [341624.409, 4198950.232], [341625.087, 4198945.305], [341626.194, 4198938.129], [341627.694, 4198929.203], [341628.765, 4198923.633], [341629.193, 4198921.241], [341629.907, 4198917.635]]}}, {"type": "Feature", "properties": {"source": "PGOU Córdoba 2001 (TR oct-2002) — plano «Alineaciones y Rasantes» 1:2000", "legend_family": "ALINEACIÓN (vial OR edificación — NOT separable)", "attribution_status": "UNKNOWN_SPLIT", "length_m": 407.99}, "geometry": {"type": "LineString", "coordinates": [[341467.1, 4198869.434], [341468.635, 4198853.51], [341468.849, 4198813.808], [341521.94, 4198811.844], [341534.651, 4198815.557], [341548.932, 4198808.202], [341554.752, 4198798.134], [341561.0, 4198785.851], [341562.999, 4198787.28], [341626.515, 4198828.482], [341613.805, 4198835.087], [341604.058, 4198839.693], [341591.098, 4198845.191], [341578.137, 4198850.083], [341567.355, 4198853.76], [341552.752, 4198858.009], [341538.614, 4198861.437], [341523.583, 4198864.436], [341506.695, 4198866.935], [341489.093, 4198868.613], [341473.955, 4198869.363], [341467.1, 4198869.434]]}}, {"type": "Feature", "properties": {"source": "PGOU Córdoba 2001 (TR oct-2002) — plano «Alineaciones y Rasantes» 1:2000", "legend_family": "ALINEACIÓN (vial OR edificación — NOT separable)", "attribution_status": "UNKNOWN_SPLIT", "length_m": 359.06}, "geometry": {"type": "LineString", "coordinates": [[341799.855, 4198807.309], [341824.49, 4198797.634], [341833.345, 4198793.813], [341836.237, 4198790.636], [341837.308, 4198787.779], [341838.736, 4198780.353], [341838.7, 4198774.997], [341837.736, 4198771.034], [341836.165, 4198768.392], [341833.131, 4198765.643], [341831.31, 4198764.858], [341806.496, 4198763.001], [341796.249, 4198763.037], [341774.613, 4198763.001], [341768.9, 4198763.251], [341760.51, 4198764.893], [341752.512, 4198767.999], [341747.55, 4198770.856], [341735.66, 4198779.389], [341728.306, 4198785.744], [341709.74, 4198801.74], [341718.487, 4198859.58], [341755.761, 4198836.908], [341793.785, 4198810.737], [341799.855, 4198807.309]]}}, {"type": "Feature", "properties": {"source": "PGOU Córdoba 2001 (TR oct-2002) — plano «Alineaciones y Rasantes» 1:2000", "legend_family": "ALINEACIÓN (vial OR edificación — NOT separable)", "attribution_status": "UNKNOWN_SPLIT", "length_m": 649.8}, "geometry": {"type": "LineString", "coordinates": [[341562.999, 4198787.28], [341626.515, 4198828.482], [341657.791, 4198797.598], [341653.614, 4198796.241], [341644.046, 4198795.884], [341642.796, 4198795.884], [341641.546, 4198795.706], [341640.404, 4198795.313], [341639.261, 4198794.813], [341638.19, 4198794.135], [341636.441, 4198792.385], [341635.762, 4198791.35], [341635.191, 4198790.243], [341634.798, 4198789.029], [341634.584, 4198787.851], [341633.834, 4198785.601], [341633.263, 4198782.031], [341633.156, 4198779.639], [341633.335, 4198777.247], [341633.834, 4198774.89], [341636.048, 4198771.748], [341639.047, 4198769.356], [341641.296, 4198768.142], [341644.76, 4198767.214], [341647.545, 4198767.143], [341650.365, 4198767.642], [341653.007, 4198768.606], [341655.506, 4198770.035], [341657.649, 4198771.855], [341659.434, 4198774.033], [341660.898, 4198776.497], [341661.862, 4198779.139], [341662.29, 4198781.96], [341662.29, 4198784.78], [341661.79, 4198787.529], [341666.11, 4198791.707], [341670.252, 4198793.349], [341675.143, 4198795.634], [341680.392, 4198796.455], [341688.782, 4198796.741], [341692.959, 4198795.956], [341697.137, 4198795.706], [341698.493, 4198795.242], [341702.385, 4198793.563], [341707.312, 4198790.636], [341710.204, 4198788.386], [341722.736, 4198777.961], [341724.735, 4198776.211], [341727.663, 4198772.605], [341732.447, 4198765.357], [341734.554, 4198761.644], [341735.696, 4198758.288], [341736.839, 4198754.646], [341737.838, 4198750.29], [341738.302, 4198745.899], [341738.302, 4198742.935], [341737.803, 4198738.544], [341735.053, 4198719.085], [341734.554, 4198714.979], [341735.089, 4198706.946], [341735.41, 4198699.162], [341733.911, 4198689.344], [341730.162, 4198683.203], [341728.912, 4198681.31], [341722.7, 4198673.991], [341719.737, 4198671.349], [341706.348, 4198661.102], [341695.815, 4198656.21], [341695.137, 4198655.889], [341687.354, 4198653.247], [341686.64, 4198652.854], [341682.998, 4198652.212], [341675.357, 4198651.033], [341674.251, 4198650.891], [341665.682, 4198665.529], [341645.795, 4198698.662], [341636.012, 4198714.658], [341635.048, 4198716.443], [341619.482, 4198708.481], [341615.197, 4198706.339], [341611.341, 4198704.197], [341610.235, 4198707.303], [341605.236, 4198721.013], [341603.558, 4198724.905], [341592.133, 4198757.288], [341583.136, 4198755.289], [341575.138, 4198767.785], [341572.782, 4198771.284], [341568.283, 4198778.746], [341565.605, 4198782.388], [341566.498, 4198782.781], [341562.999, 4198787.28]]}}, {"type": "Feature", "properties": {"source": "PGOU Córdoba 2001 (TR oct-2002) — plano «Alineaciones y Rasantes» 1:2000", "legend_family": "ALINEACIÓN (vial OR edificación — NOT separable)", "attribution_status": "UNKNOWN_SPLIT", "length_m": 312.5}, "geometry": {"type": "LineString", "coordinates": [[341726.485, 4198854.76], [341755.761, 4198836.908], [341793.785, 4198810.737], [341799.855, 4198807.309], [341829.989, 4198795.456], [341837.058, 4198791.207], [341836.951, 4198796.955], [341836.701, 4198803.311], [341827.989, 4198804.382], [341807.496, 4198809.38], [341797.606, 4198813.129], [341788.109, 4198817.735], [341779.004, 4198823.091], [341770.364, 4198829.196], [341758.439, 4198839.657], [341754.797, 4198843.442], [341743.515, 4198857.045], [341736.446, 4198865.078], [341729.591, 4198871.933], [341721.558, 4198879.788], [341718.487, 4198859.58], [341726.485, 4198854.76]]}}, {"type": "Feature", "properties": {"source": "PGOU Córdoba 2001 (TR oct-2002) — plano «Alineaciones y Rasantes» 1:2000", "legend_family": "ALINEACIÓN (vial OR edificación — NOT separable)", "attribution_status": "UNKNOWN_SPLIT", "length_m": 438.05}, "geometry": {"type": "LineString", "coordinates": [[341467.814, 4199101.01], [341471.563, 4199098.653], [341477.632, 4199095.154], [341487.058, 4199090.406], [341493.449, 4199087.549], [341499.983, 4199084.943], [341511.158, 4199081.051], [341515.656, 4199079.338], [341520.084, 4199077.552], [341524.511, 4199075.553], [341545.397, 4199063.842], [341549.396, 4199061.129], [341558.965, 4199053.845], [341564.392, 4199049.132], [341571.139, 4199042.884], [341574.781, 4199039.206], [341578.637, 4199034.993], [341581.636, 4199031.53], [341587.599, 4199024.032], [341593.847, 4199015.285], [341615.305, 4199002.538], [341619.946, 4199002.11], [341620.481, 4198991.292], [341621.553, 4198975.082], [341621.053, 4198973.511], [341620.553, 4198972.833], [341619.16, 4198971.94], [341618.339, 4198971.797], [341617.482, 4198971.797], [341615.983, 4198972.44], [341611.056, 4198977.046], [341576.852, 4199014.499], [341570.211, 4199022.89], [341564.392, 4199029.459], [341558.251, 4199035.707], [341551.681, 4199041.563], [341548.289, 4199044.348], [341530.188, 4199056.701], [341526.332, 4199058.843], [341522.511, 4199060.879], [341518.548, 4199062.807], [341514.514, 4199064.592], [341506.338, 4199067.841], [341495.056, 4199071.733], [341487.986, 4199074.553], [341481.096, 4199077.659], [341470.884, 4199082.801], [341461.102, 4199088.478], [341451.64, 4199094.833], [341445.535, 4199099.403], [341443.536, 4199101.01]]}}, {"type": "Feature", "properties": {"source": "PGOU Córdoba 2001 (TR oct-2002) — plano «Alineaciones y Rasantes» 1:2000", "legend_family": "ALINEACIÓN (vial OR edificación — NOT separable)", "attribution_status": "UNKNOWN_SPLIT", "length_m": 284.62}, "geometry": {"type": "LineString", "coordinates": [[341467.814, 4199101.01], [341471.563, 4199098.653], [341477.632, 4199095.154], [341480.738, 4199093.512], [341487.058, 4199090.406], [341493.449, 4199087.549], [341499.983, 4199084.943], [341511.158, 4199081.051], [341515.656, 4199079.338], [341520.084, 4199077.552], [341524.511, 4199075.553], [341528.795, 4199073.446], [341533.044, 4199071.233], [341537.257, 4199068.912], [341541.398, 4199066.448], [341545.397, 4199063.842], [341549.396, 4199061.129], [341558.964, 4199053.845], [341560.785, 4199052.31], [341564.391, 4199049.132], [341571.139, 4199042.884], [341574.781, 4199039.206], [341576.888, 4199036.957], [341581.636, 4199031.53], [341587.599, 4199024.032], [341593.847, 4199015.285], [341615.304, 4199002.538], [341619.946, 4199002.11], [341619.839, 4199005.68], [341629.193, 4199092.655], [341631.407, 4199101.01]]}}, {"type": "Feature", "properties": {"source": "PGOU Córdoba 2001 (TR oct-2002) — plano «Alineaciones y Rasantes» 1:2000", "legend_family": "ALINEACIÓN (vial OR edificación — NOT separable)", "attribution_status": "UNKNOWN_SPLIT", "length_m": 386.67}, "geometry": {"type": "LineString", "coordinates": [[341129.846, 4198368.187], [341122.491, 4198361.76], [341253.058, 4198234.44], [341254.486, 4198233.548], [341255.95, 4198233.262], [341257.307, 4198233.512], [341258.414, 4198234.048], [341259.342, 4198235.083], [341259.949, 4198236.333], [341259.985, 4198238.189], [341258.842, 4198240.296], [341256.2, 4198242.902], [341241.633, 4198257.005], [341145.448, 4198350.407], [341129.846, 4198368.187]]}}, {"type": "Feature", "properties": {"source": "PGOU Córdoba 2001 (TR oct-2002) — plano «Alineaciones y Rasantes» 1:2000", "legend_family": "ALINEACIÓN (vial OR edificación — NOT separable)", "attribution_status": "UNKNOWN_SPLIT", "length_m": 186.49}, "geometry": {"type": "LineString", "coordinates": [[341177.403, 4198556.811], [341173.44, 4198552.812], [341131.453, 4198505.933], [341126.133, 4198499.435], [341126.597, 4198496.793], [341128.489, 4198486.296], [341132.56, 4198491.58], [341181.58, 4198546.992], [341185.436, 4198550.848], [341184.044, 4198552.098], [341182.83, 4198552.705], [341181.045, 4198553.74], [341179.652, 4198555.133], [341178.545, 4198556.061], [341177.403, 4198556.811]]}}, {"type": "Feature", "properties": {"source": "PGOU Córdoba 2001 (TR oct-2002) — plano «Alineaciones y Rasantes» 1:2000", "legend_family": "ALINEACIÓN (vial OR edificación — NOT separable)", "attribution_status": "UNKNOWN_SPLIT", "length_m": 145.92}, "geometry": {"type": "LineString", "coordinates": [[341069.293, 4198608.26], [341068.543, 4198606.332], [341047.693, 4198579.197], [341046.693, 4198577.162], [341049.656, 4198573.699], [341053.834, 4198571.949], [341054.548, 4198571.2], [341055.083, 4198569.986], [341054.94, 4198569.057], [341058.654, 4198567.558], [341059.439, 4198566.951], [341059.76, 4198566.594], [341060.082, 4198565.201], [341059.939, 4198564.701], [341055.833, 4198559.239], [341061.938, 4198554.704], [341086.502, 4198591.194], [341086.181, 4198591.479], [341085.645, 4198591.943], [341085.003, 4198592.301], [341084.539, 4198592.443], [341083.289, 4198592.408], [341082.611, 4198592.301], [341081.04, 4198592.086], [341079.254, 4198592.158], [341076.505, 4198592.8], [341075.006, 4198593.443], [341073.613, 4198594.336], [341072.292, 4198595.407], [341068.615, 4198604.511], [341068.686, 4198605.797], [341069.293, 4198608.26]]}}, {"type": "Feature", "properties": {"source": "PGOU Córdoba 2001 (TR oct-2002) — plano «Alineaciones y Rasantes» 1:2000", "legend_family": "ALINEACIÓN (vial OR edificación — NOT separable)", "attribution_status": "UNKNOWN_SPLIT", "length_m": 372.5}, "geometry": {"type": "LineString", "coordinates": [[341143.592, 4198504.933], [341128.489, 4198486.296], [341129.846, 4198478.834], [341130.453, 4198475.406], [341130.882, 4198473.05], [341131.631, 4198468.694], [341132.31, 4198465.088], [341132.738, 4198462.838], [341133.131, 4198460.589], [341133.309, 4198457.84], [341133.238, 4198455.662], [341133.059, 4198453.162], [341132.631, 4198450.699], [341132.203, 4198448.664], [341131.56, 4198446.343], [341130.703, 4198444.058], [341129.81, 4198441.951], [341128.097, 4198438.809], [341126.633, 4198436.631], [341125.383, 4198434.953], [341123.955, 4198433.204], [341122.563, 4198431.597], [341120.492, 4198428.598], [341119.064, 4198425.992], [341117.636, 4198422.493], [341116.85, 4198419.494], [341116.457, 4198417.209], [341122.063, 4198392.751], [341123.455, 4198390.038], [341124.883, 4198387.503], [341141.95, 4198366.545], [341144.163, 4198364.045], [341146.662, 4198361.189], [341151.232, 4198355.941], [341203.931, 4198399.785], [341182.152, 4198413.353], [341189.506, 4198417.459], [341168.192, 4198443.986], [341156.481, 4198469.443], [341149.09, 4198487.688], [341144.199, 4198504.29], [341143.592, 4198504.933]]}}, {"type": "Feature", "properties": {"source": "PGOU Córdoba 2001 (TR oct-2002) — plano «Alineaciones y Rasantes» 1:2000", "legend_family": "ALINEACIÓN (vial OR edificación — NOT separable)", "attribution_status": "UNKNOWN_SPLIT", "length_m": 283.04}, "geometry": {"type": "LineString", "coordinates": [[341126.133, 4198499.435], [341125.633, 4198504.183], [341125.455, 4198507.504], [341125.347, 4198509.539], [341125.383, 4198513.359], [341125.562, 4198516.394], [341125.633, 4198519.536], [341125.597, 4198524.856], [341125.455, 4198527.498], [341125.205, 4198530.497], [341124.99, 4198532.782], [341124.062, 4198539.209], [341122.741, 4198545.386], [341121.206, 4198551.312], [341096.535, 4198594.907], [341094.5, 4198597.192], [341093.536, 4198598.263], [341097.749, 4198602.083], [341106.639, 4198597.585], [341109.602, 4198593.193], [341116.065, 4198589.908], [341116.957, 4198589.23], [341118.35, 4198588.23], [341119.492, 4198587.48], [341120.956, 4198586.588], [341122.063, 4198585.981], [341129.632, 4198582.411], [341130.81, 4198581.911], [341131.81, 4198581.339], [341132.952, 4198580.661], [341134.059, 4198579.911], [341135.309, 4198578.912], [341139.236, 4198575.555], [341144.449, 4198571.092], [341145.556, 4198570.307], [341146.662, 4198569.736], [341148.162, 4198569.236], [341149.554, 4198569.057], [341158.444, 4198568.165], [341161.658, 4198566.808], [341162.836, 4198565.951], [341164.336, 4198564.88], [341171.94, 4198559.881], [341174.083, 4198558.632], [341175.653, 4198557.739], [341177.403, 4198556.811], [341172.512, 4198551.812], [341128.811, 4198502.755], [341126.133, 4198499.435]]}}, {"type": "Feature", "properties": {"source": "PGOU Córdoba 2001 (TR oct-2002) — plano «Alineaciones y Rasantes» 1:2000", "legend_family": "ALINEACIÓN (vial OR edificación — NOT separable)", "attribution_status": "UNKNOWN_SPLIT", "length_m": 31.05}, "geometry": {"type": "LineString", "coordinates": [[341080.611, 4198610.081], [341082.004, 4198609.938], [341083.36, 4198609.403], [341082.004, 4198598.299], [341080.611, 4198598.085], [341079.147, 4198598.299], [341077.791, 4198609.403], [341079.147, 4198609.938], [341080.611, 4198610.081]]}}, {"type": "Feature", "properties": {"source": "PGOU Córdoba 2001 (TR oct-2002) — plano «Alineaciones y Rasantes» 1:2000", "legend_family": "ALINEACIÓN (vial OR edificación — NOT separable)", "attribution_status": "UNKNOWN_SPLIT", "length_m": 221.78}, "geometry": {"type": "LineString", "coordinates": [[341040.981, 4198291.781], [341080.111, 4198295.637], [341077.362, 4198330.805], [341118.314, 4198343.516], [341123.812, 4198349.157], [341116.886, 4198356.012], [341114.601, 4198358.083], [341112.102, 4198360.047], [341109.495, 4198361.832], [341105.032, 4198364.331], [341040.981, 4198397.536]]}}, {"type": "Feature", "properties": {"source": "PGOU Córdoba 2001 (TR oct-2002) — plano «Alineaciones y Rasantes» 1:2000", "legend_family": "ALINEACIÓN (vial OR edificación — NOT separable)", "attribution_status": "UNKNOWN_SPLIT", "length_m": 274.91}, "geometry": {"type": "LineString", "coordinates": [[341040.981, 4198408.782], [341097.356, 4198379.612], [341099.213, 4198378.863], [341100.748, 4198378.541], [341110.709, 4198383.611], [341111.245, 4198384.79], [341111.78, 4198386.789], [341111.959, 4198388.538], [341111.745, 4198390.359], [341111.138, 4198392.359], [341109.531, 4198396.5], [341108.353, 4198400.106], [341107.532, 4198402.891], [341106.996, 4198405.141], [341106.71, 4198406.854], [341106.282, 4198410.246], [341106.211, 4198413.638], [341106.282, 4198415.852], [341106.46, 4198417.637], [341112.494, 4198434.704], [341113.458, 4198436.096], [341115.493, 4198438.809], [341123.063, 4198454.055], [341123.205, 4198455.733], [341123.241, 4198457.304], [341123.205, 4198459.339], [341120.456, 4198474.585], [341119.992, 4198475.692], [341119.564, 4198476.263], [341118.635, 4198476.798], [341117.707, 4198477.048], [341116.136, 4198476.763], [341113.101, 4198475.406], [341110.888, 4198474.585], [341108.853, 4198474.014], [341105.961, 4198473.299], [341104.104, 4198473.014], [341101.355, 4198472.692], [341098.356, 4198472.585], [341095.749, 4198472.692], [341088.645, 4198473.549], [341084.789, 4198473.656], [341081.54, 4198473.442], [341078.897, 4198473.157], [341076.684, 4198472.764], [341073.185, 4198471.907], [341069.65, 4198470.693], [341067.865, 4198469.943], [341044.408, 4198445.343], [341043.444, 4198442.665], [341040.981, 4198434.239]]}}, {"type": "Feature", "properties": {"source": "PGOU Córdoba 2001 (TR oct-2002) — plano «Alineaciones y Rasantes» 1:2000", "legend_family": "ALINEACIÓN (vial OR edificación — NOT separable)", "attribution_status": "UNKNOWN_SPLIT", "length_m": 276.15}, "geometry": {"type": "LineString", "coordinates": [[341040.981, 4198523.463], [341086.502, 4198591.194], [341090.537, 4198586.481], [341095.035, 4198580.697], [341110.352, 4198552.241], [341111.602, 4198548.492], [341112.601, 4198544.85], [341113.851, 4198539.459], [341114.637, 4198534.603], [341115.315, 4198529.283], [341115.601, 4198523.785], [341115.636, 4198520.964], [341115.351, 4198510.931], [341115.493, 4198505.683], [341115.993, 4198500.149], [341116.565, 4198496.293], [341117.564, 4198490.937], [341117.136, 4198489.438], [341116.35, 4198488.545], [341114.851, 4198487.51], [341112.744, 4198486.189], [341110.138, 4198484.939], [341108.281, 4198484.261], [341105.639, 4198483.511], [341103.604, 4198483.047], [341101.462, 4198482.761], [341098.713, 4198482.582], [341095.535, 4198482.797], [341089.858, 4198483.511], [341085.503, 4198483.654], [341082.539, 4198483.546], [341079.861, 4198483.332], [341076.898, 4198482.939], [341074.042, 4198482.44], [341043.444, 4198463.552], [341042.337, 4198462.16], [341040.981, 4198460.16]]}}, {"type": "Feature", "properties": {"source": "PGOU Córdoba 2001 (TR oct-2002) — plano «Alineaciones y Rasantes» 1:2000", "legend_family": "ALINEACIÓN (vial OR edificación — NOT separable)", "attribution_status": "UNKNOWN_SPLIT", "length_m": 502.43}, "geometry": {"type": "LineString", "coordinates": [[341040.981, 4198204.913], [341077.362, 4198208.734], [341120.063, 4198212.982], [341131.988, 4198214.696], [341180.295, 4198219.766], [341191.042, 4198221.408], [341242.062, 4198226.657], [341243.347, 4198227.085], [341244.347, 4198228.049], [341244.632, 4198228.692], [341244.74, 4198230.763], [341243.633, 4198232.441], [341123.848, 4198349.157], [341118.314, 4198343.516], [341077.362, 4198330.805], [341080.111, 4198295.637], [341074.756, 4198295.244], [341040.981, 4198291.781]]}}, {"type": "Feature", "properties": {"source": "PGOU Córdoba 2001 (TR oct-2002) — plano «Alineaciones y Rasantes» 1:2000", "legend_family": "ALINEACIÓN (vial OR edificación — NOT separable)", "attribution_status": "UNKNOWN_SPLIT", "length_m": 1846.42}, "geometry": {"type": "LineString", "coordinates": [[341173.44, 4198334.34], [341151.232, 4198355.941], [341160.658, 4198363.189], [341169.334, 4198370.651], [341173.011, 4198373.436], [341189.506, 4198387.039], [341203.931, 4198399.785], [341200.003, 4198401.856], [341189.506, 4198408.782], [341182.151, 4198413.353], [341189.506, 4198417.459], [341168.191, 4198443.987], [341164.264, 4198451.984], [341156.481, 4198469.443], [341149.09, 4198487.688], [341144.199, 4198504.29], [341143.592, 4198504.933], [341156.838, 4198520.75], [341164.907, 4198529.105], [341179.259, 4198544.743], [341191.791, 4198557.061], [341204.609, 4198569.914], [341219.104, 4198582.446], [341219.961, 4198583.446], [341226.209, 4198590.837], [341228.209, 4198592.515], [341283.906, 4198628.54], [341324.251, 4198592.8], [341327.25, 4198591.944], [341330.713, 4198591.586], [341331.356, 4198573.485], [341332.605, 4198542.315], [341334.997, 4198538.78], [341343.709, 4198521.393], [341348.6, 4198511.039], [341349.493, 4198506.183], [341352.349, 4198492.687], [341353.385, 4198482.297], [341355.348, 4198471.55], [341358.74, 4198461.946], [341361.704, 4198457.09], [341364.096, 4198452.805], [341366.988, 4198446.95], [341369.737, 4198439.559], [341372.236, 4198433.311], [341372.45, 4198431.597], [341384.982, 4198390.181], [341387.838, 4198383.254], [341405.654, 4198352.692], [341415.651, 4198337.982], [341408.261, 4198330.805], [341404.083, 4198327.056], [341396.443, 4198320.558], [341383.947, 4198335.304], [341370.701, 4198351.299], [341355.848, 4198368.937], [341331.641, 4198397.286], [341323.001, 4198409.497], [341317.253, 4198423.243], [341315.646, 4198426.956], [341311.148, 4198436.382], [341309.291, 4198440.202], [341294.51, 4198473.764], [341279.8, 4198506.361], [341278.265, 4198512.252], [341273.409, 4198524.606], [341264.662, 4198515.68], [341243.097, 4198497.614], [341239.384, 4198493.901], [341233.136, 4198488.509], [341229.994, 4198485.26], [341225.781, 4198482.44], [341221.104, 4198479.833], [341217.748, 4198480.583], [341215.498, 4198480.69], [341213.213, 4198480.44], [341211.0, 4198479.798], [341208.965, 4198478.905], [341206.644, 4198476.406], [341205.93, 4198474.049], [341205.787, 4198472.407], [341206.108, 4198469.943], [341206.965, 4198467.658], [341209.643, 4198465.837], [341212.035, 4198464.445], [341213.963, 4198464.409], [341215.106, 4198464.588], [341216.212, 4198464.98], [341219.854, 4198466.444], [341222.389, 4198467.587], [341230.744, 4198475.549], [341230.351, 4198475.942], [341247.381, 4198490.152], [341247.846, 4198489.509], [341256.593, 4198497.685], [341256.093, 4198498.149], [341270.553, 4198510.182], [341283.085, 4198479.262], [341291.904, 4198459.803], [341300.008, 4198442.309], [341301.258, 4198439.488], [341304.114, 4198431.883], [341305.364, 4198430.883], [341314.182, 4198412.496], [341317.11, 4198406.64], [341321.894, 4198396.607], [341325.465, 4198391.395], [341340.46, 4198373.507], [341348.85, 4198362.689], [341358.954, 4198351.085], [341383.59, 4198321.736], [341389.731, 4198313.56], [341382.197, 4198307.134], [341373.664, 4198299.743], [341367.63, 4198295.101], [341356.491, 4198287.853], [341348.708, 4198283.212], [341343.495, 4198280.998], [341340.282, 4198278.999], [341336.104, 4198276.392], [341319.538, 4198266.681], [341308.506, 4198261.004], [341272.052, 4198238.582], [341268.946, 4198241.76], [341264.84, 4198245.687], [341260.663, 4198249.864], [341252.951, 4198257.112], [341247.096, 4198262.932], [341235.885, 4198273.857], [341225.745, 4198283.712], [341221.604, 4198287.639], [341259.949, 4198331.912], [341245.596, 4198344.337], [341236.813, 4198339.231], [341236.064, 4198338.232], [341245.061, 4198329.984], [341214.356, 4198294.566], [341183.151, 4198325.45], [341179.045, 4198329.199], [341173.44, 4198334.34]]}}, {"type": "Feature", "properties": {"source": "PGOU Córdoba 2001 (TR oct-2002) — plano «Alineaciones y Rasantes» 1:2000", "legend_family": "ALINEACIÓN (vial OR edificación — NOT separable)", "attribution_status": "UNKNOWN_SPLIT", "length_m": 494.93}, "geometry": {"type": "LineString", "coordinates": [[342715.646, 4198398.393], [342663.733, 4198372.293], [342647.131, 4198365.009], [342617.497, 4198350.799], [342602.395, 4198342.695], [342623.638, 4198319.915], [342629.494, 4198313.953], [342644.382, 4198297.458], [342649.595, 4198291.745], [342654.843, 4198286.032], [342675.444, 4198263.753], [342687.047, 4198251.257], [342698.115, 4198239.653], [342724.25, 4198261.361], [342730.891, 4198268.145], [342742.816, 4198278.642], [342744.316, 4198277.106], [342786.731, 4198314.346], [342773.2, 4198330.448], [342761.31, 4198344.515], [342760.061, 4198345.801], [342744.887, 4198363.581], [342729.249, 4198381.29], [342727.035, 4198383.933], [342715.646, 4198398.393]]}}, {"type": "Feature", "properties": {"source": "PGOU Córdoba 2001 (TR oct-2002) — plano «Alineaciones y Rasantes» 1:2000", "legend_family": "ALINEACIÓN (vial OR edificación — NOT separable)", "attribution_status": "UNKNOWN_SPLIT", "length_m": 504.76}, "geometry": {"type": "LineString", "coordinates": [[342522.741, 4198426.991], [342526.489, 4198432.347], [342556.195, 4198469.836], [342585.257, 4198507.004], [342605.358, 4198491.151], [342640.954, 4198462.303], [342680.692, 4198428.455], [342713.111, 4198401.642], [342669.446, 4198380.541], [342642.632, 4198367.759], [342598.003, 4198346.801], [342588.042, 4198358.261], [342579.509, 4198367.437], [342542.556, 4198407.461], [342522.741, 4198426.991]]}}, {"type": "Feature", "properties": {"source": "PGOU Córdoba 2001 (TR oct-2002) — plano «Alineaciones y Rasantes» 1:2000", "legend_family": "ALINEACIÓN (vial OR edificación — NOT separable)", "attribution_status": "UNKNOWN_SPLIT", "length_m": 401.21}, "geometry": {"type": "LineString", "coordinates": [[342841.0, 4198249.543], [342830.432, 4198262.004], [342816.436, 4198278.713], [342803.405, 4198294.387], [342798.442, 4198300.707], [342788.445, 4198312.489], [342772.557, 4198299.136], [342750.599, 4198278.499], [342722.287, 4198254.042], [342701.364, 4198235.333], [342704.364, 4198231.905], [342717.717, 4198218.195], [342736.282, 4198198.237], [342745.601, 4198188.454], [342748.136, 4198185.098], [342770.807, 4198160.783], [342775.949, 4198155.606], [342792.765, 4198138.111], [342796.157, 4198134.255], [342800.263, 4198129.257], [342812.509, 4198116.546], [342816.651, 4198112.512], [342820.685, 4198107.442], [342833.253, 4198094.517], [342841.0, 4198088.483]]}}, {"type": "Feature", "properties": {"source": "PGOU Córdoba 2001 (TR oct-2002) — plano «Alineaciones y Rasantes» 1:2000", "legend_family": "ALINEACIÓN (vial OR edificación — NOT separable)", "attribution_status": "UNKNOWN_SPLIT", "length_m": 1791.78}, "geometry": {"type": "LineString", "coordinates": [[341436.681, 4198604.083], [341427.112, 4198626.005], [341424.184, 4198632.503], [341423.542, 4198633.681], [341427.005, 4198635.252], [341442.5, 4198601.084], [341453.711, 4198576.091], [341457.781, 4198571.307], [341458.46, 4198570.664], [341480.132, 4198583.446], [341531.759, 4198612.08], [341532.616, 4198612.438], [341518.656, 4198646.999], [341514.514, 4198656.21], [341509.016, 4198668.1], [341501.589, 4198681.203], [341497.091, 4198690.593], [341470.742, 4198734.795], [341459.388, 4198727.69], [341452.212, 4198722.905], [341419.793, 4198702.59], [341410.653, 4198696.342], [341402.084, 4198691.486], [341396.693, 4198688.987], [341388.553, 4198685.988], [341382.412, 4198684.631], [341378.199, 4198684.238], [341371.915, 4198684.345], [341338.139, 4198699.984], [341333.355, 4198704.482], [341328.999, 4198709.445], [341326.357, 4198712.944], [341315.753, 4198727.904], [341313.897, 4198730.546], [341310.791, 4198734.188], [341306.899, 4198738.329], [341300.401, 4198744.613], [341295.26, 4198749.041], [341288.083, 4198754.539], [341285.798, 4198756.146], [341283.299, 4198757.788], [341243.597, 4198786.494], [341239.741, 4198789.279], [341227.995, 4198797.991], [341226.352, 4198797.598], [341214.356, 4198805.06], [341213.999, 4198806.738], [341210.893, 4198808.88], [341210.036, 4198809.452], [341176.296, 4198770.499], [341179.188, 4198769.285], [341181.33, 4198767.464], [341182.794, 4198765.107], [341183.294, 4198763.751], [341184.615, 4198761.93], [341194.112, 4198755.789], [341204.002, 4198750.612], [341213.249, 4198745.899], [341220.14, 4198742.043], [341224.389, 4198736.509], [341230.994, 4198724.512], [341232.6, 4198721.156], [341233.957, 4198716.729], [341247.739, 4198704.661], [341265.483, 4198690.129], [341266.34, 4198687.737], [341280.943, 4198671.563], [341284.156, 4198669.956], [341288.44, 4198667.957], [341292.511, 4198666.85], [341298.509, 4198665.886], [341301.936, 4198664.529], [341303.936, 4198662.03], [341311.183, 4198648.784], [341317.86, 4198636.109], [341320.359, 4198629.683], [341322.251, 4198623.541], [341322.894, 4198619.757], [341323.644, 4198610.081], [341332.641, 4198600.512], [341336.354, 4198600.084], [341340.532, 4198595.157], [341341.353, 4198573.842], [341342.46, 4198545.6], [341343.638, 4198543.85], [341352.706, 4198525.748], [341358.205, 4198514.145], [341359.312, 4198508.146], [341362.239, 4198494.258], [341363.31, 4198483.689], [341365.06, 4198474.156], [341367.845, 4198466.23], [341370.344, 4198462.088], [341372.95, 4198457.447], [341376.199, 4198450.913], [341379.091, 4198443.165], [341382.055, 4198435.703], [341382.233, 4198433.597], [341394.408, 4198393.537], [341396.836, 4198387.61], [341414.08, 4198358.012], [341423.399, 4198344.301], [341437.145, 4198353.691], [341442.715, 4198357.297], [341445.749, 4198359.297], [341464.494, 4198371.436], [341470.884, 4198375.256], [341476.561, 4198378.256], [341483.809, 4198382.005], [341495.056, 4198385.753], [341507.302, 4198389.181], [341514.514, 4198391.109], [341550.789, 4198401.285], [341554.145, 4198401.999], [341558.893, 4198402.392], [341574.246, 4198406.248], [341575.281, 4198436.739], [341558.786, 4198438.31], [341547.29, 4198439.702], [341540.399, 4198442.487], [341540.042, 4198449.842], [341533.544, 4198454.805], [341521.44, 4198465.409], [341516.085, 4198474.763], [341511.943, 4198483.011], [341507.338, 4198491.901], [341502.446, 4198500.649], [341500.09, 4198504.362], [341496.984, 4198508.432], [341494.663, 4198511.253], [341490.914, 4198516.537], [341479.56, 4198531.854], [341465.743, 4198549.563], [341456.746, 4198560.988], [341438.18, 4198550.348], [341418.258, 4198539.387], [341399.692, 4198528.89], [341395.193, 4198535.281], [341391.73, 4198540.244], [341406.547, 4198541.53], [341419.436, 4198548.635], [341426.684, 4198551.812], [341453.783, 4198567.736], [341436.681, 4198604.083]]}}, {"type": "Feature", "properties": {"source": "PGOU Córdoba 2001 (TR oct-2002) — plano «Alineaciones y Rasantes» 1:2000", "legend_family": "ALINEACIÓN (vial OR edificación — NOT separable)", "attribution_status": "UNKNOWN_SPLIT", "length_m": 104.02}, "geometry": {"type": "LineString", "coordinates": [[342423.164, 4199101.01], [342426.699, 4199097.582], [342431.304, 4199093.191], [342434.161, 4199090.477], [342435.91, 4199088.799], [342440.659, 4199084.193], [342444.515, 4199080.552], [342448.299, 4199077.088], [342451.691, 4199074.16], [342454.19, 4199071.982], [342458.296, 4199068.948], [342461.081, 4199067.198], [342462.152, 4199066.556], [342465.544, 4199064.806], [342469.614, 4199063.057], [342472.363, 4199062.342], [342477.433, 4199061.057], [342481.253, 4199060.45], [342484.859, 4199060.2], [342487.751, 4199060.2], [342494.214, 4199060.129], [342501.354, 4199060.129], [342505.496, 4199060.486], [342508.459, 4199060.736], [342512.887, 4199061.2]]}}, {"type": "Feature", "properties": {"source": "PGOU Córdoba 2001 (TR oct-2002) — plano «Alineaciones y Rasantes» 1:2000", "legend_family": "ALINEACIÓN (vial OR edificación — NOT separable)", "attribution_status": "UNKNOWN_SPLIT", "length_m": 176.93}, "geometry": {"type": "LineString", "coordinates": [[342804.69, 4199101.01], [342807.332, 4199094.833], [342810.902, 4199085.336], [342831.039, 4199031.102], [342812.866, 4199019.391], [342821.542, 4198996.754], [342825.505, 4198985.508], [342828.79, 4198975.689], [342831.432, 4198967.049], [342837.037, 4198946.733], [342841.0, 4198946.697]]}}, {"type": "Feature", "properties": {"source": "PGOU Córdoba 2001 (TR oct-2002) — plano «Alineaciones y Rasantes» 1:2000", "legend_family": "ALINEACIÓN (vial OR edificación — NOT separable)", "attribution_status": "UNKNOWN_SPLIT", "length_m": 55.54}, "geometry": {"type": "LineString", "coordinates": [[342227.902, 4199046.561], [342180.381, 4199075.303]]}}, {"type": "Feature", "properties": {"source": "PGOU Córdoba 2001 (TR oct-2002) — plano «Alineaciones y Rasantes» 1:2000", "legend_family": "ALINEACIÓN (vial OR edificación — NOT separable)", "attribution_status": "UNKNOWN_SPLIT", "length_m": 52.28}, "geometry": {"type": "LineString", "coordinates": [[342247.111, 4199101.01], [342252.788, 4199089.799], [342253.644, 4199050.096]]}}, {"type": "Feature", "properties": {"source": "PGOU Córdoba 2001 (TR oct-2002) — plano «Alineaciones y Rasantes» 1:2000", "legend_family": "ALINEACIÓN (vial OR edificación — NOT separable)", "attribution_status": "UNKNOWN_SPLIT", "length_m": 32.9}, "geometry": {"type": "LineString", "coordinates": [[342613.141, 4197978.693], [342630.886, 4197950.987]]}}, {"type": "Feature", "properties": {"source": "PGOU Córdoba 2001 (TR oct-2002) — plano «Alineaciones y Rasantes» 1:2000", "legend_family": "ALINEACIÓN (vial OR edificación — NOT separable)", "attribution_status": "UNKNOWN_SPLIT", "length_m": 258.06}, "geometry": {"type": "LineString", "coordinates": [[342542.984, 4198050.065], [342562.907, 4198051.993], [342622.888, 4198057.956], [342666.161, 4198062.348], [342666.804, 4198057.063], [342667.303, 4198053.314], [342668.16, 4198046.388], [342668.803, 4198040.354], [342669.446, 4198037.105], [342670.302, 4198033.892], [342672.516, 4198027.643], [342673.908, 4198024.644], [342675.515, 4198021.752], [342678.193, 4198017.539], [342680.799, 4198014.397], [342684.655, 4198009.649], [342690.046, 4198003.436], [342692.296, 4198000.758], [342698.044, 4197993.939], [342703.257, 4197987.798], [342705.435, 4197985.156], [342709.683, 4197980.086], [342714.86, 4197973.838], [342720.359, 4197967.339], [342724.536, 4197962.555], [342729.641, 4197956.664], [342734.604, 4197950.987]]}}, {"type": "Feature", "properties": {"source": "PGOU Córdoba 2001 (TR oct-2002) — plano «Alineaciones y Rasantes» 1:2000", "legend_family": "ALINEACIÓN (vial OR edificación — NOT separable)", "attribution_status": "UNKNOWN_SPLIT", "length_m": 140.03}, "geometry": {"type": "LineString", "coordinates": [[342542.984, 4198050.065], [342513.815, 4198047.138], [342510.744, 4198046.745], [342511.458, 4198044.46], [342516.635, 4198033.749], [342544.698, 4197976.015], [342547.59, 4197970.838], [342552.803, 4197961.663], [342559.586, 4197950.987]]}}, {"type": "Feature", "properties": {"source": "PGOU Córdoba 2001 (TR oct-2002) — plano «Alineaciones y Rasantes» 1:2000", "legend_family": "ALINEACIÓN (vial OR edificación — NOT separable)", "attribution_status": "UNKNOWN_SPLIT", "length_m": 536.27}, "geometry": {"type": "LineString", "coordinates": [[341421.685, 4198329.306], [341431.682, 4198318.844], [341446.213, 4198303.706], [341465.208, 4198285.14], [341478.632, 4198272.465], [341488.665, 4198263.003], [341480.846, 4198255.363], [341464.565, 4198238.832], [341439.608, 4198213.339], [341390.445, 4198169.209], [341374.735, 4198154.892], [341373.95, 4198155.249], [341372.343, 4198158.462], [341369.558, 4198162.39], [341365.631, 4198165.71], [341362.489, 4198168.352], [341354.599, 4198175.1], [341349.814, 4198179.064], [341345.816, 4198182.348], [341339.746, 4198186.99], [341332.784, 4198192.203], [341326.464, 4198196.916], [341298.759, 4198219.266], [341294.153, 4198222.944], [341291.154, 4198225.336], [341289.19, 4198227.799], [341288.405, 4198230.192], [341287.691, 4198232.762], [341287.762, 4198234.048], [341288.298, 4198235.654], [341290.154, 4198237.689], [341293.903, 4198239.832], [341296.081, 4198241.331], [341304.757, 4198246.508], [341305.899, 4198247.115], [341316.753, 4198253.399], [341326.464, 4198259.005], [341355.384, 4198276.714], [341359.062, 4198278.713], [341362.882, 4198280.605], [341365.452, 4198282.248], [341369.201, 4198284.64], [341375.806, 4198289.246], [341380.662, 4198292.638], [341384.661, 4198296.315], [341418.293, 4198326.306], [341421.685, 4198329.306]]}}, {"type": "Feature", "properties": {"source": "PGOU Córdoba 2001 (TR oct-2002) — plano «Alineaciones y Rasantes» 1:2000", "legend_family": "ALINEACIÓN (vial OR edificación — NOT separable)", "attribution_status": "UNKNOWN_SPLIT", "length_m": 517.43}, "geometry": {"type": "LineString", "coordinates": [[341379.305, 4198144.859], [341385.661, 4198132.006], [341392.551, 4198118.046], [341395.657, 4198111.94], [341397.907, 4198112.44], [341425.006, 4198101.765], [341425.505, 4198101.051], [341446.035, 4198109.691], [341459.031, 4198115.154], [341476.311, 4198122.509], [341483.202, 4198125.508], [341490.057, 4198128.4], [341498.447, 4198132.006], [341503.91, 4198134.934], [341509.087, 4198138.04], [341539.899, 4198156.713], [341545.005, 4198159.748], [341549.253, 4198162.354], [341552.502, 4198164.461], [341556.858, 4198167.281], [341561.0, 4198169.995], [341565.213, 4198173.101], [341568.997, 4198175.85], [341572.889, 4198178.742], [341576.995, 4198181.706], [341581.886, 4198185.312], [341578.637, 4198188.347], [341572.96, 4198193.738], [341570.247, 4198196.309], [341543.362, 4198220.801], [341540.792, 4198223.086], [341535.615, 4198227.657], [341521.44, 4198240.046], [341520.155, 4198240.903], [341518.905, 4198241.76], [341517.513, 4198242.652], [341516.299, 4198243.509], [341505.481, 4198248.186], [341504.089, 4198248.508], [341502.696, 4198248.793], [341493.806, 4198250.793], [341492.699, 4198251.043], [341491.985, 4198251.185], [341490.7, 4198251.364], [341488.558, 4198250.793], [341487.451, 4198250.007], [341486.344, 4198248.9], [341445.392, 4198207.591], [341438.109, 4198200.843], [341435.681, 4198198.701], [341388.91, 4198157.106], [341385.91, 4198154.464], [341380.055, 4198149.286], [341379.305, 4198144.859]]}}, {"type": "Feature", "properties": {"source": "PGOU Córdoba 2001 (TR oct-2002) — plano «Alineaciones y Rasantes» 1:2000", "legend_family": "ALINEACIÓN (vial OR edificación — NOT separable)", "attribution_status": "UNKNOWN_SPLIT", "length_m": 561.0}, "geometry": {"type": "LineString", "coordinates": [[341490.093, 4198262.182], [341570.604, 4198318.345], [341557.001, 4198328.913], [341584.814, 4198363.01], [341589.062, 4198358.333], [341591.383, 4198356.048], [341594.132, 4198354.013], [341597.203, 4198352.406], [341603.165, 4198349.764], [341612.484, 4198345.051], [341619.66, 4198341.445], [341633.585, 4198334.483], [341646.688, 4198328.663], [341654.292, 4198324.95], [341660.898, 4198321.701], [341667.788, 4198318.345], [341693.209, 4198305.991], [341650.151, 4198255.256], [341644.76, 4198249.293], [341639.583, 4198243.188], [341635.334, 4198238.439], [341629.015, 4198231.263], [341626.051, 4198228.156], [341621.91, 4198223.693], [341618.054, 4198219.588], [341612.412, 4198213.839], [341606.807, 4198208.234], [341600.452, 4198202.2], [341595.239, 4198197.237], [341589.348, 4198191.881], [341583.314, 4198197.594], [341579.458, 4198201.307], [341553.109, 4198225.764], [341547.682, 4198230.549], [341542.363, 4198235.297], [341521.583, 4198252.292], [341516.942, 4198254.899], [341513.514, 4198256.398], [341507.552, 4198258.183], [341502.982, 4198259.147], [341498.59, 4198260.111], [341491.093, 4198261.682], [341490.093, 4198262.182]]}}, {"type": "Feature", "properties": {"source": "PGOU Córdoba 2001 (TR oct-2002) — plano «Alineaciones y Rasantes» 1:2000", "legend_family": "ALINEACIÓN (vial OR edificación — NOT separable)", "attribution_status": "UNKNOWN_SPLIT", "length_m": 117.96}, "geometry": {"type": "LineString", "coordinates": [[341070.686, 4197987.155], [341074.113, 4197989.297], [341084.681, 4197996.688], [341091.536, 4198001.865], [341098.249, 4198007.256], [341161.943, 4198061.741]]}}, {"type": "Feature", "properties": {"source": "PGOU Córdoba 2001 (TR oct-2002) — plano «Alineaciones y Rasantes» 1:2000", "legend_family": "ALINEACIÓN (vial OR edificación — NOT separable)", "attribution_status": "UNKNOWN_SPLIT", "length_m": 383.83}, "geometry": {"type": "LineString", "coordinates": [[341040.981, 4198023.252], [341098.106, 4198072.737], [341100.284, 4198085.412], [341105.354, 4198088.983], [341129.561, 4198082.163], [341161.943, 4198061.741], [341175.654, 4198073.451], [341176.796, 4198074.594], [341178.081, 4198076.236], [341179.152, 4198078.057], [341180.009, 4198079.95], [341191.184, 4198111.298], [341191.363, 4198114.404], [341191.292, 4198114.654], [341191.113, 4198115.011], [341190.792, 4198115.296], [341190.649, 4198115.404], [341190.399, 4198115.439], [341181.509, 4198116.653], [341170.762, 4198117.581], [341161.801, 4198117.939], [341149.197, 4198117.903], [341142.449, 4198118.046], [341134.38, 4198118.51], [341120.206, 4198119.652], [341114.565, 4198119.867], [341107.782, 4198119.867], [341104.461, 4198120.009], [341100.034, 4198120.688], [341095.749, 4198121.902], [341091.644, 4198123.651], [341087.609, 4198125.9], [341087.002, 4198126.15], [341086.288, 4198126.258], [341085.645, 4198126.15], [341085.146, 4198125.936], [341077.041, 4198119.188], [341065.402, 4198109.941], [341057.404, 4198104.05], [341045.194, 4198095.552], [341040.981, 4198092.91]]}}, {"type": "Feature", "properties": {"source": "PGOU Córdoba 2001 (TR oct-2002) — plano «Alineaciones y Rasantes» 1:2000", "legend_family": "ALINEACIÓN (vial OR edificación — NOT separable)", "attribution_status": "UNKNOWN_SPLIT", "length_m": 80.55}, "geometry": {"type": "LineString", "coordinates": [[341040.981, 4197970.66], [341051.906, 4197976.158], [341059.439, 4197980.3], [341066.865, 4197984.692], [341070.65, 4197987.191], [341054.048, 4198007.042], [341050.442, 4198006.364], [341040.981, 4198018.039], [341042.23, 4198016.504]]}}, {"type": "Feature", "properties": {"source": "PGOU Córdoba 2001 (TR oct-2002) — plano «Alineaciones y Rasantes» 1:2000", "legend_family": "ALINEACIÓN (vial OR edificación — NOT separable)", "attribution_status": "UNKNOWN_SPLIT", "length_m": 748.79}, "geometry": {"type": "LineString", "coordinates": [[341769.007, 4197950.987], [341805.246, 4197978.586], [341785.395, 4198014.54], [341769.186, 4198028.5], [341732.947, 4198057.242], [341711.346, 4198072.416], [341741.801, 4198115.189], [341746.05, 4198121.045], [341746.657, 4198122.116], [341709.704, 4198130.935], [341703.099, 4198134.184], [341697.743, 4198136.862], [341674.215, 4198148.537], [341670.288, 4198150.465], [341664.004, 4198153.607], [341662.04, 4198154.249], [341589.241, 4198178.064], [341562.749, 4198158.248], [341548.004, 4198149.037], [341525.046, 4198134.148], [341515.085, 4198128.65], [341536.043, 4198100.265], [341546.611, 4198086.34], [341554.109, 4198079.807], [341556.001, 4198077.343], [341566.998, 4198061.562], [341583.814, 4198037.64], [341600.737, 4198013.505], [341626.837, 4197992.796], [341634.263, 4197987.048], [341641.082, 4197981.264], [341667.36, 4197963.591], [341670.645, 4197960.913], [341681.784, 4197954.308], [341686.783, 4197950.987]]}}, {"type": "Feature", "properties": {"source": "PGOU Córdoba 2001 (TR oct-2002) — plano «Alineaciones y Rasantes» 1:2000", "legend_family": "ALINEACIÓN (vial OR edificación — NOT separable)", "attribution_status": "UNKNOWN_SPLIT", "length_m": 564.48}, "geometry": {"type": "LineString", "coordinates": [[341855.552, 4198013.647], [341858.944, 4198011.898], [341872.011, 4198024.537], [341841.235, 4198042.96], [341840.7, 4198043.317], [341829.382, 4198023.537], [341829.132, 4198023.038], [341829.06, 4198022.716], [341828.453, 4198018.289], [341828.203, 4198017.789], [341827.846, 4198017.254], [341822.205, 4198015.433], [341821.848, 4198015.611], [341821.313, 4198015.897], [341820.813, 4198016.254], [341820.384, 4198016.539], [341819.242, 4198022.216], [341819.456, 4198022.609], [341819.635, 4198022.895], [341823.312, 4198026.108], [341823.455, 4198026.394], [341823.633, 4198026.644], [341847.698, 4198069.488], [341825.133, 4198081.699], [341776.291, 4198106.835], [341746.657, 4198122.116], [341746.05, 4198121.045], [341741.801, 4198115.189], [341711.346, 4198072.416], [341732.947, 4198057.242], [341769.186, 4198028.5], [341785.395, 4198014.54], [341802.747, 4197983.156], [341818.492, 4197954.486], [341821.741, 4197959.092], [341829.882, 4197972.338], [341834.309, 4197979.514], [341855.552, 4198013.647]]}}, {"type": "Feature", "properties": {"source": "PGOU Córdoba 2001 (TR oct-2002) — plano «Alineaciones y Rasantes» 1:2000", "legend_family": "ALINEACIÓN (vial OR edificación — NOT separable)", "attribution_status": "UNKNOWN_SPLIT", "length_m": 624.43}, "geometry": {"type": "LineString", "coordinates": [[341745.157, 4198196.487], [341749.942, 4198207.555], [341761.902, 4198231.405], [341768.9, 4198245.794], [341771.364, 4198250.936], [341777.612, 4198264.432], [341776.612, 4198264.896], [341741.159, 4198281.784], [341721.093, 4198292.281], [341718.309, 4198293.744], [341704.099, 4198301.564], [341702.849, 4198301.635], [341701.564, 4198300.814], [341676.036, 4198270.144], [341674.215, 4198267.609], [341643.26, 4198232.262], [341639.797, 4198227.799], [341625.408, 4198211.947], [341623.159, 4198210.055], [341619.66, 4198206.556], [341600.095, 4198186.883], [341600.595, 4198184.848], [341667.86, 4198162.854], [341669.395, 4198162.033], [341707.74, 4198143.003], [341713.096, 4198140.432], [341744.836, 4198132.863], [341750.156, 4198131.542], [341774.041, 4198119.26], [341804.104, 4198168.46], [341777.183, 4198181.384], [341745.157, 4198196.487]]}}, {"type": "Feature", "properties": {"source": "PGOU Córdoba 2001 (TR oct-2002) — plano «Alineaciones y Rasantes» 1:2000", "legend_family": "ALINEACIÓN (vial OR edificación — NOT separable)", "attribution_status": "UNKNOWN_SPLIT", "length_m": 182.94}, "geometry": {"type": "LineString", "coordinates": [[342057.383, 4199101.01], [342046.494, 4199086.443], [342064.81, 4199093.191], [342138.894, 4199063.699], [342157.495, 4199056.308], [342157.71, 4199057.344], [342157.781, 4199060.95], [342157.96, 4199066.413], [342157.781, 4199068.662], [342157.531, 4199072.839], [342157.21, 4199078.159], [342156.996, 4199080.908], [342156.496, 4199085.443], [342155.746, 4199088.835], [342154.746, 4199092.262], [342154.532, 4199093.012], [342153.032, 4199098.189], [342152.033, 4199100.581], [342151.89, 4199101.01]]}}, {"type": "Feature", "properties": {"source": "PGOU Córdoba 2001 (TR oct-2002) — plano «Alineaciones y Rasantes» 1:2000", "legend_family": "ALINEACIÓN (vial OR edificación — NOT separable)", "attribution_status": "UNKNOWN_SPLIT", "length_m": 345.13}, "geometry": {"type": "LineString", "coordinates": [[342157.495, 4199056.308], [342138.894, 4199063.699], [342064.81, 4199093.191], [342046.494, 4199086.442], [342013.182, 4199042.312], [342017.36, 4199042.955], [342024.215, 4199044.847], [342029.999, 4199045.954], [342031.534, 4199046.097], [342037.282, 4199046.097], [342042.281, 4199045.383], [342050.707, 4199043.598], [342055.705, 4199041.848], [342063.81, 4199038.385], [342075.449, 4199033.101], [342082.411, 4199029.638], [342094.515, 4199024.853], [342103.083, 4199021.711], [342109.51, 4199019.998], [342119.507, 4199018.212], [342122.006, 4199017.998], [342126.933, 4199018.284], [342130.397, 4199019.391], [342133.11, 4199020.89], [342137.644, 4199024.282], [342143.964, 4199029.638], [342150.962, 4199037.492], [342153.354, 4199041.277], [342155.496, 4199047.061], [342156.353, 4199049.846], [342157.495, 4199056.308]]}}, {"type": "Feature", "properties": {"source": "PGOU Córdoba 2001 (TR oct-2002) — plano «Alineaciones y Rasantes» 1:2000", "legend_family": "ALINEACIÓN (vial OR edificación — NOT separable)", "attribution_status": "UNKNOWN_SPLIT", "length_m": 578.44}, "geometry": {"type": "LineString", "coordinates": [[342058.811, 4198986.829], [342070.415, 4198971.19], [342076.984, 4198962.943], [342088.909, 4198949.661], [342110.438, 4198926.239], [342119.364, 4198916.099], [342129.932, 4198904.353], [342141.465, 4198914.135], [342156.71, 4198926.203], [342183.916, 4198948.483], [342192.199, 4198956.23], [342211.086, 4198971.904], [342217.763, 4198974.654], [342224.403, 4198978.295], [342234.043, 4198982.794], [342236.364, 4198984.294], [342237.792, 4198987.079], [342237.15, 4198990.006], [342232.651, 4198997.897], [342229.652, 4199002.11], [342225.046, 4199006.109], [342224.653, 4199006.894], [342224.689, 4199013.856], [342167.135, 4199051.845], [342166.1, 4199047.24], [342161.637, 4199035.707], [342159.138, 4199031.744], [342156.781, 4199028.709], [342154.282, 4199025.853], [342148.534, 4199020.355], [342139.858, 4199013.392], [342136.145, 4199011.0], [342133.681, 4199009.858], [342127.54, 4199008.144], [342124.755, 4199007.858], [342121.114, 4199007.93], [342113.152, 4199008.894], [342107.439, 4199010.143], [342100.691, 4199011.893], [342091.016, 4199015.392], [342080.198, 4199019.712], [342068.915, 4199024.639], [342059.811, 4199029.138], [342050.957, 4199032.78], [342047.708, 4199033.958], [342041.781, 4199035.243], [342036.961, 4199035.85], [342032.855, 4199036.1], [342030.356, 4199035.886], [342027.035, 4199035.243], [342024.75, 4199034.386], [342022.001, 4199032.53], [342023.644, 4199030.78], [342033.034, 4199022.14], [342038.21, 4199016.606], [342045.387, 4199007.001], [342058.811, 4198986.829]]}}, {"type": "Feature", "properties": {"source": "PGOU Córdoba 2001 (TR oct-2002) — plano «Alineaciones y Rasantes» 1:2000", "legend_family": "ALINEACIÓN (vial OR edificación — NOT separable)", "attribution_status": "UNKNOWN_SPLIT", "length_m": 0.04}, "geometry": {"type": "LineString", "coordinates": [[342047.6, 4198946.983], [342047.6, 4198947.019]]}}, {"type": "Feature", "properties": {"source": "PGOU Córdoba 2001 (TR oct-2002) — plano «Alineaciones y Rasantes» 1:2000", "legend_family": "ALINEACIÓN (vial OR edificación — NOT separable)", "attribution_status": "UNKNOWN_SPLIT", "length_m": 0.04}, "geometry": {"type": "LineString", "coordinates": [[342454.94, 4199070.304], [342454.94, 4199070.34]]}}, {"type": "Feature", "properties": {"source": "PGOU Córdoba 2001 (TR oct-2002) — plano «Alineaciones y Rasantes» 1:2000", "legend_family": "ALINEACIÓN (vial OR edificación — NOT separable)", "attribution_status": "UNKNOWN_SPLIT", "length_m": 124.76}, "geometry": {"type": "LineString", "coordinates": [[342357.184, 4198992.684], [342356.042, 4198994.041], [342346.116, 4199009.179], [342343.51, 4199013.785], [342327.3, 4199036.778], [342319.838, 4199047.811], [342310.663, 4199064.378], [342309.734, 4199066.413], [342296.703, 4199101.01]]}}, {"type": "Feature", "properties": {"source": "PGOU Córdoba 2001 (TR oct-2002) — plano «Alineaciones y Rasantes» 1:2000", "legend_family": "ALINEACIÓN (vial OR edificación — NOT separable)", "attribution_status": "UNKNOWN_SPLIT", "length_m": 742.65}, "geometry": {"type": "LineString", "coordinates": [[342247.111, 4199101.01], [342252.788, 4199089.799], [342253.644, 4199050.096], [342249.896, 4199051.381], [342238.292, 4199054.559], [342234.543, 4199053.095], [342227.902, 4199046.561], [342180.381, 4199075.303], [342167.457, 4199081.801], [342167.992, 4199062.557], [342167.242, 4199052.238], [342167.135, 4199051.845], [342224.689, 4199013.857], [342233.508, 4199016.856], [342249.646, 4199019.855], [342264.784, 4199021.747], [342271.389, 4199022.211], [342271.389, 4199020.89], [342270.104, 4199017.034], [342269.497, 4199012.0], [342269.497, 4199010.001], [342269.104, 4199004.431], [342268.497, 4198999.432], [342268.747, 4198993.363], [342269.604, 4198991.185], [342271.139, 4198988.542], [342273.103, 4198986.257], [342275.281, 4198982.794], [342283.564, 4198976.046], [342289.491, 4198971.904], [342295.882, 4198968.584], [342299.666, 4198967.049], [342302.487, 4198965.728], [342310.591, 4198961.193], [342315.483, 4198957.444], [342318.946, 4198955.159], [342322.909, 4198951.91], [342327.265, 4198947.59], [342328.514, 4198945.983], [342329.443, 4198944.234], [342329.907, 4198942.234], [342332.085, 4198927.346], [342332.835, 4198920.634], [342333.013, 4198913.529], [342332.835, 4198909.494], [342332.156, 4198900.033], [342332.049, 4198884.68], [342332.156, 4198881.645], [342331.799, 4198878.646], [342331.406, 4198877.682], [342393.316, 4198843.513], [342393.744, 4198848.904], [342394.637, 4198854.153], [342396.065, 4198859.294], [342397.815, 4198864.007], [342400.385, 4198869.363], [342402.456, 4198872.755], [342399.314, 4198876.039], [342374.714, 4198904.388], [342366.896, 4198913.707], [342371.894, 4198940.628], [342390.281, 4198954.088], [342396.494, 4198959.658], [342371.144, 4198989.435], [342369.466, 4198988.935], [342367.681, 4198988.757], [342365.896, 4198988.685], [342363.254, 4198989.149], [342360.79, 4198990.078], [342359.255, 4198991.006], [342357.184, 4198992.684]]}}, {"type": "Feature", "properties": {"source": "PGOU Córdoba 2001 (TR oct-2002) — plano «Alineaciones y Rasantes» 1:2000", "legend_family": "ALINEACIÓN (vial OR edificación — NOT separable)", "attribution_status": "UNKNOWN_SPLIT", "length_m": 1404.06}, "geometry": {"type": "LineString", "coordinates": [[342512.886, 4199061.2], [342527.989, 4199063.307], [342540.485, 4199065.127], [342555.302, 4199067.448], [342561.943, 4199068.305], [342568.155, 4199069.34], [342580.508, 4199070.412], [342580.401, 4199070.233], [342586.542, 4199069.805], [342592.683, 4199068.733], [342595.861, 4199067.948], [342650.701, 4199043.955], [342661.162, 4199039.528], [342665.554, 4199037.6], [342673.516, 4199032.887], [342677.693, 4199030.245], [342688.333, 4199021.711], [342695.045, 4199015.106], [342697.937, 4199011.75], [342701.65, 4199006.644], [342704.935, 4199001.753], [342710.005, 4198993.755], [342718.288, 4198979.01], [342731.141, 4198951.732], [342740.852, 4198925.061], [342747.886, 4198895.498], [342750.956, 4198870.934], [342752.206, 4198859.509], [342752.491, 4198854.796], [342752.456, 4198847.798], [342751.885, 4198840.8], [342751.135, 4198835.837], [342721.537, 4198791.493], [342718.466, 4198789.708], [342715.181, 4198788.137], [342711.897, 4198786.78], [342708.505, 4198785.602], [342705.042, 4198784.638], [342701.543, 4198783.888], [342691.153, 4198781.21], [342688.297, 4198780.353], [342679.335, 4198777.033], [342677.836, 4198776.247], [342672.909, 4198769.606], [342672.587, 4198767.964], [342672.516, 4198766.25], [342672.659, 4198764.536], [342678.907, 4198742.114], [342680.299, 4198735.58], [342680.764, 4198732.296], [342681.156, 4198727.404], [342681.406, 4198720.335], [342681.156, 4198714.944], [342680.764, 4198711.337], [342680.085, 4198707.803], [342678.443, 4198700.198], [342676.086, 4198690.808], [342674.016, 4198683.56], [342671.445, 4198676.705], [342669.945, 4198673.348], [342667.41, 4198668.493], [342649.487, 4198637.645], [342648.738, 4198636.359], [342647.952, 4198634.396], [342647.131, 4198631.396], [342645.953, 4198624.434], [342646.096, 4198622.613], [342646.738, 4198620.007], [342648.987, 4198615.401], [342685.334, 4198642.393], [342709.897, 4198660.245], [342716.788, 4198665.458], [342738.46, 4198669.707], [342746.243, 4198670.742], [342756.383, 4198671.635], [342756.74, 4198676.598], [342772.807, 4198675.812], [342812.652, 4198675.562], [342808.831, 4198682.203], [342807.011, 4198686.559], [342805.904, 4198690.558], [342805.083, 4198695.806], [342805.761, 4198720.656], [342814.758, 4198799.455], [342816.757, 4198810.737], [342824.255, 4198837.908], [342830.646, 4198860.508], [342834.609, 4198899.89], [342825.683, 4198950.304], [342824.148, 4198954.945], [342820.649, 4198966.585], [342816.401, 4198979.688], [342807.796, 4199002.36], [342801.691, 4199016.499], [342753.241, 4199004.038], [342730.891, 4199043.241], [342710.504, 4199068.733], [342703.149, 4199069.947], [342693.795, 4199074.946], [342675.301, 4199086.407], [342666.411, 4199089.477], [342656.485, 4199090.906], [342647.559, 4199094.762], [342638.955, 4199101.01]]}}, {"type": "Feature", "properties": {"source": "PGOU Córdoba 2001 (TR oct-2002) — plano «Alineaciones y Rasantes» 1:2000", "legend_family": "ALINEACIÓN (vial OR edificación — NOT separable)", "attribution_status": "UNKNOWN_SPLIT", "length_m": 86.56}, "geometry": {"type": "LineString", "coordinates": [[342542.984, 4198050.065], [342581.294, 4197994.296], [342599.931, 4197997.438]]}}, {"type": "Feature", "properties": {"source": "PGOU Córdoba 2001 (TR oct-2002) — plano «Alineaciones y Rasantes» 1:2000", "legend_family": "ALINEACIÓN (vial OR edificación — NOT separable)", "attribution_status": "UNKNOWN_SPLIT", "length_m": 774.91}, "geometry": {"type": "LineString", "coordinates": [[341040.981, 4198192.595], [341041.23, 4198193.167], [341042.194, 4198194.202], [341043.194, 4198194.916], [341044.301, 4198195.237], [341102.283, 4198201.307], [341154.946, 4198206.948], [341255.415, 4198217.552], [341256.307, 4198218.088], [341274.195, 4198219.052], [341277.515, 4198218.516], [341280.014, 4198217.481], [341284.013, 4198214.982], [341293.153, 4198208.055], [341297.795, 4198203.985], [341336.354, 4198173.565], [341360.74, 4198153.999], [341362.846, 4198148.715], [341384.304, 4198105.585], [341382.055, 4198103.264], [341380.091, 4198100.658], [341378.484, 4198097.837], [341377.199, 4198094.909], [341328.642, 4198095.266], [341318.003, 4198096.016], [341313.897, 4198096.588], [341216.891, 4198121.509], [341209.393, 4198123.151], [341198.111, 4198125.151], [341186.65, 4198126.65], [341179.045, 4198127.4], [341162.301, 4198128.435], [341106.032, 4198130.863], [341100.462, 4198132.006], [341095.035, 4198134.005], [341091.786, 4198135.755], [341085.431, 4198141.146], [341076.541, 4198150.036], [341065.901, 4198161.497], [341042.23, 4198187.204], [341040.981, 4198188.811]]}}]}