{
  "ts": "2026-05-09T23:09:12.683Z",
  "samples": [
    {
      "scenario": "preCheckBudget",
      "cold": 0.11114199999997254,
      "warmAvg": 0.00322047474746153,
      "p50": 0.0006209999999100546,
      "p95": 0.0014710000000377477,
      "p99": 0.0027420000001256994,
      "budgetMs": 0.5
    },
    {
      "scenario": "recordCall",
      "cold": 0.3204000000000633,
      "warmAvg": 0.012242626262602675,
      "p50": 0.0024490000000696455,
      "p95": 0.004671000000143977,
      "p99": 0.026675999999952182,
      "budgetMs": 0.5
    },
    {
      "scenario": "preCheck+recordCall",
      "cold": 0.13861799999995128,
      "warmAvg": 0.012293464646486106,
      "p50": 0.0027999999999792635,
      "p95": 0.008696000000099957,
      "p99": 0.08099099999981263,
      "budgetMs": 1
    }
  ]
}