{
  "name": "frame-scheduler.idle-cpu",
  "samples": 500,
  "p50": 0.0005,
  "p95": 0.0007,
  "p99": 0.0009,
  "budgetMs": 0.41666666666666674,
  "warnMs": 0.33333333333333337,
  "recordedAt": "2026-05-09T23:08:51.925Z"
}
