{
  "cold": 6.81354599999986,
  "warmCount": 49,
  "warmAvg": 1.6637956122449025,
  "p50": 1.2511239999998907,
  "p95": 4.623541999999816,
  "p99": 5.010506999999961,
  "firstCommitMs": 3.0398879999997916,
  "budgetColdMs": 800,
  "budgetFirstCommitMs": 5
}