{
  "path": "material-only",
  "samples": 50,
  "avgMs": 0.06480336000001444,
  "p50Ms": 0.05654999999978827,
  "p95Ms": 0.18539099999998143,
  "p99Ms": 0.333451999999852,
  "maxMs": 0.333451999999852,
  "budgetMs": 18,
  "materialPoolSizeAtEnd": 3,
  "geometryRebuildsAtEnd": 0,
  "materialRebindsAtEnd": 36
}