{
  "bench": "pdf-to-bim-stage2",
  "sprint": "S51",
  "timestamp": "2026-05-09T23:09:00.230Z",
  "pageVectors": 45,
  "lineCount": 40,
  "samples": [
    {
      "scenario": "extractLines(50-line page)",
      "cold": 0.07704400000011447,
      "warmAvg": 0.08730053000000111,
      "p50": 0.0259880000000976,
      "p95": 0.045374000000037995,
      "p99": 5.99750999999992,
      "budgetMs": 1
    },
    {
      "scenario": "detectWallPairs(40 wall lines)",
      "cold": 0.707012000000077,
      "warmAvg": 0.0711875749999956,
      "p50": 0.014480999999932465,
      "p95": 0.045210999999881096,
      "p99": 3.099762999999939,
      "budgetMs": 3
    },
    {
      "scenario": "detectColumns(5 rect candidates)",
      "cold": 2.345307000000048,
      "warmAvg": 0.07115412500000161,
      "p50": 0.0129420000000664,
      "p95": 0.018794999999954598,
      "p99": 3.0546699999999873,
      "budgetMs": 1
    },
    {
      "scenario": "classifyPageStage2(end-to-end)",
      "cold": 0.23851999999988038,
      "warmAvg": 0.05408765999998536,
      "p50": 0.014871000000084678,
      "p95": 0.048230000000103246,
      "p99": 2.087880000000041,
      "budgetMs": 5
    }
  ]
}