{
  "runs": [
    {
      "scenario": "5x4-orthogonal",
      "cold": 3.632468000000017,
      "warmAvg": 0.16600722222223238,
      "p50": 0.03163900000004105,
      "p95": 0.09517800000003263,
      "p99": 1.0842479999998886,
      "budgetMs": 50
    },
    {
      "scenario": "3x3-with-arcs",
      "cold": 0.4779089999999542,
      "warmAvg": 0.33587892929292845,
      "p50": 0.09739700000000084,
      "p95": 0.22205800000006093,
      "p99": 1.766832999999906,
      "budgetMs": 50
    },
    {
      "scenario": "empty",
      "cold": 0.04293200000006436,
      "warmAvg": 0.0030208989898889713,
      "p50": 0.001783000000159518,
      "p95": 0.0032169999999496213,
      "p99": 0.01788899999996829,
      "budgetMs": 50
    }
  ]
}
