{
  "runs": [
    {
      "scenario": "rect-simple",
      "cold": 1.3452260000001388,
      "warmAvg": 0.10339411111113124,
      "p50": 0.027004000000033557,
      "p95": 0.13991200000009485,
      "p99": 0.7302009999998518,
      "budgetMs": 50
    },
    {
      "scenario": "with-shaft",
      "cold": 0.5608899999999721,
      "warmAvg": 0.16354057575756428,
      "p50": 0.045550999999932174,
      "p95": 0.16527899999982765,
      "p99": 1.0428210000000036,
      "budgetMs": 50
    },
    {
      "scenario": "pentagon",
      "cold": 0.1311359999999695,
      "warmAvg": 0.07253482828283002,
      "p50": 0.019122000000152184,
      "p95": 0.048027999999931126,
      "p99": 0.08558900000002723,
      "budgetMs": 50
    }
  ]
}
