{
  "runs": [
    {
      "scenario": "rectangular-span4",
      "cold": 1.507441000000199,
      "warmAvg": 0.12541412121212525,
      "p50": 0.023955999999998312,
      "p95": 0.07473299999992378,
      "p99": 0.36068299999988085,
      "budgetMs": 50
    },
    {
      "scenario": "i-section-span8",
      "cold": 0.6831889999998566,
      "warmAvg": 0.09180098989900032,
      "p50": 0.04942299999993338,
      "p95": 0.11358500000005733,
      "p99": 0.33746800000017174,
      "budgetMs": 50
    },
    {
      "scenario": "t-section-short",
      "cold": 0.06523700000002464,
      "warmAvg": 0.06629305050504664,
      "p50": 0.023729000000002998,
      "p95": 0.06268599999998514,
      "p99": 0.12164100000018152,
      "budgetMs": 50
    }
  ]
}
