{
  "at": "2026-05-09T23:09:22.480Z",
  "results": [
    {
      "scenario": "simple",
      "cold": 1.2682300000000168,
      "warmAvg": 0.1283912424242402,
      "p50": 0.012575000000083492,
      "p95": 0.0528550000000223,
      "p99": 0.5626720000000205,
      "budgetMs": 50
    },
    {
      "scenario": "layered-3layer",
      "cold": 0.17341299999998228,
      "warmAvg": 0.06524466666666735,
      "p50": 0.025428999999917323,
      "p95": 0.05593199999998433,
      "p99": 1.6711569999999938,
      "budgetMs": 80
    },
    {
      "scenario": "layered-openings",
      "cold": 1.4369159999998828,
      "warmAvg": 0.9510325151514951,
      "p50": 0.21954200000004676,
      "p95": 0.8295709999999872,
      "p99": 2.3745900000001257,
      "budgetMs": 80
    }
  ]
}