{
  "runs": [
    {
      "scenario": "standard",
      "cold": 1.1711270000000695,
      "warmAvg": 0.3725787676767577,
      "p50": 0.02221000000008644,
      "p95": 0.1671160000000782,
      "p99": 0.7168010000000322,
      "budgetMs": 50
    },
    {
      "scenario": "picture",
      "cold": 0.03598099999999249,
      "warmAvg": 0.031959383838387694,
      "p50": 0.013271000000031563,
      "p95": 0.045370000000048094,
      "p99": 0.08247699999992619,
      "budgetMs": 50
    },
    {
      "scenario": "grid-3x2",
      "cold": 0.27293699999995624,
      "warmAvg": 0.2096478383838406,
      "p50": 0.021737999999913882,
      "p95": 0.1484819999998308,
      "p99": 1.294601000000057,
      "budgetMs": 50
    }
  ]
}
