{
  "at": "2026-05-09T23:09:26.132Z",
  "results": [
    {
      "scenario": "flat",
      "cold": 1.6016890000000785,
      "warmAvg": 0.25543602020201495,
      "p50": 0.020230000000083237,
      "p95": 0.08078100000000177,
      "p99": 1.0754520000000412,
      "budgetMs": 50
    },
    {
      "scenario": "gable",
      "cold": 0.8618189999999686,
      "warmAvg": 0.06734664646465129,
      "p50": 0.022969999999986612,
      "p95": 0.1251110000000608,
      "p99": 2.441690000000108,
      "budgetMs": 80
    },
    {
      "scenario": "mansard",
      "cold": 1.1880989999999656,
      "warmAvg": 0.1203873636363617,
      "p50": 0.03350499999987733,
      "p95": 0.08971500000006927,
      "p99": 2.1959150000000136,
      "budgetMs": 120
    }
  ]
}