{
  "runs": [
    {
      "scenario": "rectangular-default",
      "cold": 1.362100000000055,
      "warmAvg": 0.11756412121213553,
      "p50": 0.027195000000119762,
      "p95": 0.08760299999994459,
      "p99": 0.585732999999891,
      "budgetMs": 50
    },
    {
      "scenario": "circular-wide",
      "cold": 0.23242200000004232,
      "warmAvg": 0.32929938383837465,
      "p50": 0.08321999999998297,
      "p95": 0.19576699999993252,
      "p99": 0.7770060000000285,
      "budgetMs": 50
    },
    {
      "scenario": "i-section-tall",
      "cold": 0.13884700000016892,
      "warmAvg": 0.11758621212121086,
      "p50": 0.04621999999994841,
      "p95": 0.0880850000000919,
      "p99": 0.803717000000006,
      "budgetMs": 50
    }
  ]
}
