{
  "runs": [
    {
      "scenario": "standard",
      "cold": 0.9918769999999313,
      "warmAvg": 0.287890707070716,
      "p50": 0.061322000000018306,
      "p95": 0.14505099999996673,
      "p99": 0.6160879999999906,
      "budgetMs": 50
    },
    {
      "scenario": "double",
      "cold": 0.03900599999997212,
      "warmAvg": 0.017434373737378245,
      "p50": 0.013803999999936423,
      "p95": 0.04305100000010498,
      "p99": 0.2233850000000075,
      "budgetMs": 50
    },
    {
      "scenario": "thick-wall",
      "cold": 0.03689600000006976,
      "warmAvg": 0.014829878787873216,
      "p50": 0.013491999999814652,
      "p95": 0.04335500000001957,
      "p99": 0.14336000000002969,
      "budgetMs": 50
    }
  ]
}
